Income,Kidhome,Teenhome,Recency,MntWines,MntFruits,MntMeatProducts,MntFishProducts,MntSweetProducts,MntGoldProds,NumDealsPurchases,NumWebPurchases,NumCatalogPurchases,NumStorePurchases,NumWebVisitsMonth,AcceptedCmp3,AcceptedCmp4,AcceptedCmp5,AcceptedCmp1,AcceptedCmp2,Complain,Z_CostContact,Z_Revenue,Response,Age,Customer_Days,marital_Divorced,marital_Married,marital_Single,marital_Together,marital_Widow,education_2n Cycle,education_Basic,education_Graduation,education_Master,education_PhD,MntTotal,MntRegularProds,AcceptedCmpOverall,Age_Group,Income_Tier,Churn_Risk,Customer_Value_Segment,Family_Status,Marital_Status_Label,Education_Level_Label,Tenure_Segment,Main_Product_Category,MntTotal_Calculated,Total_Campaigns_Accepted,Campaign_Engagement,First_Accepted_Campaign
58138.0,0,0,58,635,88,546,172,88,88,3,8,10,4,7,0,0,0,0,0,0,3,11,1,63,2822,0,0,1,0,0,0,0,1,0,0,1529,1441,0,Elderly (>60),Medium Income,At-Risk (31-60d),Gold Spender,No Children,Single,Graduation,Long-term Member,Wines,1617,0,Never Accepted,No Acceptance
46344.0,1,1,38,11,1,6,2,1,6,2,1,1,2,5,0,0,0,0,0,0,3,11,0,66,2272,0,0,1,0,0,0,0,1,0,0,21,15,0,Elderly (>60),Medium Income,At-Risk (31-60d),Bronze Spender,Large Family (>1 Kid),Single,Graduation,New Member,Wines,27,0,Never Accepted,No Acceptance
71613.0,0,0,26,426,49,127,111,21,42,1,8,2,10,4,0,0,0,0,0,0,3,11,0,55,2471,0,0,0,1,0,0,0,1,0,0,734,692,0,Senior (46-60),High Income,Active (0-30d),Silver Spender,No Children,Together,Graduation,Established,Wines,776,0,Never Accepted,No Acceptance
26646.0,1,0,26,11,4,20,10,3,5,2,2,0,4,6,0,0,0,0,0,0,3,11,0,36,2298,0,0,0,1,0,0,0,1,0,0,48,43,0,Middle-Aged (31-45),Low Income,Active (0-30d),Bronze Spender,Small Family (1 Kid),Together,Graduation,New Member,MeatProducts,53,0,Never Accepted,No Acceptance
58293.0,1,0,94,173,43,118,46,27,15,5,5,3,6,5,0,0,0,0,0,0,3,11,0,39,2320,0,1,0,0,0,0,0,0,0,1,407,392,0,Middle-Aged (31-45),Medium Income,Inactive (>60d),Silver Spender,Small Family (1 Kid),Married,PhD,New Member,Wines,422,0,Never Accepted,No Acceptance
62513.0,0,1,16,520,42,98,0,42,14,2,6,4,10,6,0,0,0,0,0,0,3,11,0,53,2452,0,0,0,1,0,0,0,0,1,0,702,688,0,Senior (46-60),Medium Income,Active (0-30d),Silver Spender,Small Family (1 Kid),Together,Master,Established,Wines,716,0,Never Accepted,No Acceptance
55635.0,0,1,34,235,65,164,50,49,27,4,7,3,7,6,0,0,0,0,0,0,3,11,0,49,2752,1,0,0,0,0,0,0,1,0,0,563,536,0,Senior (46-60),Medium Income,At-Risk (31-60d),Silver Spender,Small Family (1 Kid),Divorced,Graduation,Long-term Member,Wines,590,0,Never Accepted,No Acceptance
33454.0,1,0,32,76,10,56,3,1,23,2,4,0,4,8,0,0,0,0,0,0,3,11,0,35,2576,0,1,0,0,0,0,0,0,0,1,146,123,0,Middle-Aged (31-45),Low Income,At-Risk (31-60d),Silver Spender,Small Family (1 Kid),Married,PhD,Established,Wines,169,0,Never Accepted,No Acceptance
30351.0,1,0,19,14,0,24,3,3,2,1,3,0,2,9,0,0,0,0,0,0,3,11,1,46,2547,0,0,0,1,0,0,0,0,0,1,44,42,0,Senior (46-60),Low Income,Active (0-30d),Bronze Spender,Small Family (1 Kid),Together,PhD,Established,MeatProducts,46,0,Never Accepted,No Acceptance
5648.0,1,1,68,28,0,6,1,1,13,1,1,0,0,20,1,0,0,0,0,0,3,11,0,70,2267,0,0,0,1,0,0,0,0,0,1,36,23,1,Elderly (>60),Low Income,Inactive (>60d),Bronze Spender,Large Family (>1 Kid),Together,PhD,New Member,Wines,49,1,Occasional Responder,Campaign 3
7500.0,0,0,59,6,16,11,11,1,16,1,2,0,3,8,0,0,0,0,0,0,3,11,0,44,2752,0,1,0,0,0,0,1,0,0,0,45,29,0,Middle-Aged (31-45),Low Income,At-Risk (31-60d),Bronze Spender,No Children,Married,Basic,Long-term Member,Fruits,61,0,Never Accepted,No Acceptance
63033.0,0,0,82,194,61,480,225,112,30,1,3,4,8,2,0,0,0,0,0,0,3,11,0,61,2385,1,0,0,0,0,0,0,1,0,0,1072,1042,0,Elderly (>60),High Income,Inactive (>60d),Gold Spender,No Children,Divorced,Graduation,New Member,MeatProducts,1102,0,Never Accepted,No Acceptance
59354.0,1,1,53,233,2,53,3,5,14,3,6,1,5,6,0,0,0,0,0,0,3,11,0,68,2385,1,0,0,0,0,0,0,0,1,0,296,282,0,Elderly (>60),Medium Income,At-Risk (31-60d),Silver Spender,Large Family (>1 Kid),Divorced,Master,New Member,Wines,310,0,Never Accepted,No Acceptance
17323.0,0,0,38,3,14,17,6,1,5,1,1,0,3,8,0,0,0,0,0,0,3,11,0,33,2786,0,1,0,0,0,0,0,1,0,0,41,36,0,Middle-Aged (31-45),Low Income,At-Risk (31-60d),Bronze Spender,No Children,Married,Graduation,Long-term Member,MeatProducts,46,0,Never Accepted,No Acceptance
82800.0,0,0,23,1006,22,115,59,68,45,1,7,6,12,3,0,0,1,1,0,0,3,11,1,74,2741,0,0,1,0,0,0,0,0,0,1,1270,1225,2,Elderly (>60),High Income,Active (0-30d),Gold Spender,No Children,Single,PhD,Long-term Member,Wines,1315,2,Occasional Responder,Campaign 1
41850.0,1,1,51,53,5,19,2,13,4,3,3,0,3,8,0,0,0,0,0,0,3,11,0,40,2711,0,1,0,0,0,0,0,1,0,0,92,88,0,Middle-Aged (31-45),Medium Income,At-Risk (31-60d),Silver Spender,Large Family (>1 Kid),Married,Graduation,Long-term Member,Wines,96,0,Never Accepted,No Acceptance
37760.0,0,0,20,84,5,38,150,12,28,2,4,1,6,7,0,0,0,0,0,0,3,11,0,74,2826,0,0,0,1,0,0,0,1,0,0,289,261,0,Elderly (>60),Low Income,Active (0-30d),Silver Spender,No Children,Together,Graduation,Long-term Member,FishProducts,317,0,Never Accepted,No Acceptance
76995.0,0,1,91,1012,80,498,0,16,176,2,11,4,9,5,0,0,0,1,0,0,3,11,0,71,2617,0,1,0,0,0,0,0,0,1,0,1606,1430,1,Elderly (>60),High Income,Inactive (>60d),Gold Spender,Small Family (1 Kid),Married,Master,Established,Wines,1782,1,Occasional Responder,Campaign 1
33812.0,1,0,86,4,17,19,30,24,39,2,2,1,3,6,0,0,0,0,0,0,3,11,0,35,2762,0,0,1,0,0,1,0,0,0,0,94,55,0,Middle-Aged (31-45),Low Income,Inactive (>60d),Silver Spender,Small Family (1 Kid),Single,2n Cycle,Long-term Member,GoldProds,133,0,Never Accepted,No Acceptance
37040.0,0,0,41,86,2,73,69,38,48,1,4,2,5,8,0,0,0,0,0,0,3,11,0,38,2849,0,1,0,0,0,0,0,1,0,0,268,220,0,Middle-Aged (31-45),Low Income,At-Risk (31-60d),Silver Spender,No Children,Married,Graduation,Long-term Member,Wines,316,0,Never Accepted,No Acceptance
2447.0,1,0,42,1,1,1725,1,1,1,15,0,28,0,1,0,0,0,0,0,0,3,11,0,41,2698,0,1,0,0,0,0,0,1,0,0,1729,1728,0,Middle-Aged (31-45),Low Income,At-Risk (31-60d),Gold Spender,Small Family (1 Kid),Married,Graduation,Long-term Member,MeatProducts,1730,0,Never Accepted,No Acceptance
58607.0,0,1,63,867,0,86,0,0,19,3,2,3,9,8,0,1,0,0,0,0,3,11,0,71,2712,0,1,0,0,0,0,0,0,0,1,953,934,1,Elderly (>60),Medium Income,Inactive (>60d),Gold Spender,Small Family (1 Kid),Married,PhD,Long-term Member,Wines,972,1,Occasional Responder,Campaign 4
65324.0,0,1,0,384,0,102,21,32,5,3,6,2,9,4,0,0,0,0,0,0,3,11,0,66,2328,0,1,0,0,0,0,0,0,0,1,539,534,0,Elderly (>60),High Income,Active (0-30d),Silver Spender,Small Family (1 Kid),Married,PhD,New Member,Wines,544,0,Never Accepted,No Acceptance
40689.0,0,1,69,270,3,27,39,6,99,7,7,1,5,8,0,0,0,0,0,0,3,11,0,69,2627,0,0,0,1,0,0,0,1,0,0,345,246,0,Elderly (>60),Medium Income,Inactive (>60d),Silver Spender,Small Family (1 Kid),Together,Graduation,Established,Wines,444,0,Never Accepted,No Acceptance
18589.0,0,0,89,6,4,25,15,12,13,2,2,1,3,7,0,0,0,0,0,0,3,11,0,51,2702,0,0,1,0,0,0,0,1,0,0,62,49,0,Senior (46-60),Low Income,Inactive (>60d),Bronze Spender,No Children,Single,Graduation,Long-term Member,MeatProducts,75,0,Never Accepted,No Acceptance
53359.0,1,1,4,173,4,30,3,6,41,4,5,1,4,7,0,0,0,0,0,0,3,11,0,44,2557,0,1,0,0,0,0,0,1,0,0,216,175,0,Middle-Aged (31-45),Medium Income,Active (0-30d),Silver Spender,Large Family (>1 Kid),Married,Graduation,Established,Wines,257,0,Never Accepted,No Acceptance
38360.0,1,0,26,36,2,42,20,21,10,2,2,1,4,3,0,0,0,0,0,0,3,11,0,31,2553,0,1,0,0,0,0,0,1,0,0,121,111,0,Middle-Aged (31-45),Low Income,Active (0-30d),Silver Spender,Small Family (1 Kid),Married,Graduation,Established,MeatProducts,131,0,Never Accepted,No Acceptance
84618.0,0,0,96,684,100,801,21,66,0,1,6,9,10,2,0,0,1,0,0,0,3,11,0,55,2378,0,1,0,0,0,0,0,0,0,1,1672,1672,1,Senior (46-60),High Income,Inactive (>60d),Gold Spender,No Children,Married,PhD,New Member,MeatProducts,1672,1,Occasional Responder,Campaign 5
10979.0,0,0,34,8,4,10,2,2,4,2,3,0,3,5,0,0,0,0,0,0,3,11,0,31,2197,1,0,0,0,0,0,0,0,1,0,26,22,0,Middle-Aged (31-45),Low Income,At-Risk (31-60d),Bronze Spender,No Children,Divorced,Master,New Member,MeatProducts,30,0,Never Accepted,No Acceptance
38620.0,0,0,56,112,17,44,34,22,89,1,2,5,3,3,0,0,0,0,0,0,3,11,0,57,2573,0,0,0,1,0,0,0,0,1,0,229,140,0,Senior (46-60),Low Income,At-Risk (31-60d),Silver Spender,No Children,Together,Master,Established,Wines,318,0,Never Accepted,No Acceptance
40548.0,0,1,31,110,0,5,2,0,3,2,2,1,4,5,0,1,0,0,0,0,3,11,0,50,2786,0,0,0,1,0,0,0,1,0,0,117,114,1,Senior (46-60),Medium Income,At-Risk (31-60d),Silver Spender,Small Family (1 Kid),Together,Graduation,Long-term Member,Wines,120,1,Occasional Responder,Campaign 4
46610.0,0,2,8,96,12,96,33,22,43,6,4,1,6,6,0,0,0,0,0,0,3,11,1,68,2767,1,0,0,0,0,0,0,0,0,1,259,216,0,Elderly (>60),Medium Income,Active (0-30d),Silver Spender,Large Family (>1 Kid),Divorced,PhD,Long-term Member,Wines,302,0,Never Accepted,No Acceptance
68657.0,0,0,4,482,34,471,119,68,22,1,3,5,9,7,0,0,0,0,0,0,3,11,0,74,2653,0,1,0,0,0,0,0,0,1,0,1174,1152,0,Elderly (>60),High Income,Active (0-30d),Gold Spender,No Children,Married,Master,Long-term Member,Wines,1196,0,Never Accepted,No Acceptance
49389.0,1,1,55,40,0,19,2,1,3,1,2,0,3,7,0,0,0,0,0,0,3,11,0,69,2463,0,0,1,0,0,0,0,0,1,0,62,59,0,Elderly (>60),Medium Income,At-Risk (31-60d),Bronze Spender,Large Family (>1 Kid),Single,Master,Established,Wines,65,0,Never Accepted,No Acceptance
67353.0,0,1,37,702,17,151,0,8,35,5,5,6,12,2,0,0,0,0,0,0,3,11,0,50,2339,0,1,0,0,0,0,0,0,0,1,878,843,0,Senior (46-60),High Income,At-Risk (31-60d),Gold Spender,Small Family (1 Kid),Married,PhD,New Member,Wines,913,0,Never Accepted,No Acceptance
23718.0,1,0,76,6,3,14,15,7,36,3,3,1,2,7,0,0,0,0,0,0,3,11,0,44,2459,0,1,0,0,0,1,0,0,0,0,45,9,0,Middle-Aged (31-45),Low Income,Inactive (>60d),Bronze Spender,Small Family (1 Kid),Married,2n Cycle,Established,GoldProds,81,0,Never Accepted,No Acceptance
42429.0,0,1,99,55,0,6,2,0,4,2,1,1,3,5,0,0,0,0,0,0,3,11,0,47,2297,0,0,0,0,1,0,0,1,0,0,63,59,0,Senior (46-60),Medium Income,Inactive (>60d),Bronze Spender,Small Family (1 Kid),Widow,Graduation,New Member,Wines,67,0,Never Accepted,No Acceptance
48948.0,0,0,53,437,8,206,160,49,42,2,7,10,5,6,1,0,0,0,0,0,3,11,1,77,2672,1,0,0,0,0,0,0,0,0,1,860,818,1,Elderly (>60),Medium Income,At-Risk (31-60d),Gold Spender,No Children,Divorced,PhD,Long-term Member,Wines,902,1,Occasional Responder,Campaign 3
80011.0,0,1,3,421,76,536,82,178,102,2,8,6,5,4,0,0,0,0,0,0,3,11,0,40,2585,0,1,0,0,0,0,0,1,0,0,1293,1191,0,Middle-Aged (31-45),High Income,Active (0-30d),Gold Spender,Small Family (1 Kid),Married,Graduation,Established,MeatProducts,1395,0,Never Accepted,No Acceptance
20559.0,1,0,88,13,1,29,3,0,7,2,2,0,3,8,0,0,0,0,0,0,3,11,0,35,2633,0,1,0,0,0,0,0,0,1,0,46,39,0,Middle-Aged (31-45),Low Income,Inactive (>60d),Bronze Spender,Small Family (1 Kid),Married,Master,Long-term Member,MeatProducts,53,0,Never Accepted,No Acceptance
21994.0,0,1,4,9,0,6,3,1,3,1,0,0,3,5,0,0,0,0,0,0,3,11,0,63,2711,0,0,0,1,0,0,0,1,0,0,19,16,0,Elderly (>60),Low Income,Active (0-30d),Bronze Spender,Small Family (1 Kid),Together,Graduation,Long-term Member,Wines,22,0,Never Accepted,No Acceptance
7500.0,1,0,19,3,1,10,3,2,12,3,2,0,3,5,0,0,0,0,0,0,3,11,0,45,2429,0,1,0,0,0,0,0,0,1,0,19,7,0,Middle-Aged (31-45),Low Income,Active (0-30d),Bronze Spender,Small Family (1 Kid),Married,Master,Established,GoldProds,31,0,Never Accepted,No Acceptance
79941.0,0,0,72,123,164,266,227,30,174,1,2,4,9,1,0,0,0,0,0,0,3,11,0,44,2160,0,0,1,0,0,0,0,1,0,0,810,636,0,Middle-Aged (31-45),High Income,Inactive (>60d),Gold Spender,No Children,Single,Graduation,New Member,MeatProducts,984,0,Never Accepted,No Acceptance
7500.0,0,0,24,3,18,14,15,22,50,3,3,1,3,9,0,0,0,0,0,0,3,11,1,24,2756,0,1,0,0,0,1,0,0,0,0,72,22,0,Young Adult (<30),Low Income,Active (0-30d),Bronze Spender,No Children,Married,2n Cycle,Long-term Member,GoldProds,122,0,Never Accepted,No Acceptance
41728.0,1,0,92,13,6,15,3,5,13,1,2,0,2,10,0,0,0,0,0,0,3,11,0,52,2560,0,0,0,1,0,0,0,1,0,0,42,29,0,Senior (46-60),Medium Income,Inactive (>60d),Bronze Spender,Small Family (1 Kid),Together,Graduation,Established,MeatProducts,55,0,Never Accepted,No Acceptance
72550.0,1,1,39,826,50,317,50,38,38,9,5,2,12,8,0,0,0,0,0,0,3,11,0,66,2757,0,1,0,0,0,0,0,0,0,1,1281,1243,0,Elderly (>60),High Income,At-Risk (31-60d),Gold Spender,Large Family (>1 Kid),Married,PhD,Long-term Member,Wines,1319,0,Never Accepted,No Acceptance
65486.0,0,1,29,245,19,125,37,67,14,1,4,2,10,2,0,0,0,0,0,0,3,11,0,63,2207,0,0,0,0,1,0,0,1,0,0,493,479,0,Elderly (>60),High Income,Active (0-30d),Silver Spender,Small Family (1 Kid),Widow,Graduation,New Member,Wines,507,0,Never Accepted,No Acceptance
79143.0,0,0,2,650,37,780,27,167,32,1,6,9,13,3,0,0,0,0,0,0,3,11,0,56,2846,0,1,0,0,0,0,0,0,1,0,1661,1629,0,Senior (46-60),High Income,Active (0-30d),Gold Spender,No Children,Married,Master,Long-term Member,MeatProducts,1693,0,Never Accepted,No Acceptance
35790.0,1,0,54,12,6,20,30,1,3,2,2,0,3,7,0,0,0,0,0,0,3,11,0,43,2702,0,0,1,0,0,0,0,1,0,0,69,66,0,Middle-Aged (31-45),Low Income,At-Risk (31-60d),Bronze Spender,Small Family (1 Kid),Single,Graduation,Long-term Member,FishProducts,72,0,Never Accepted,No Acceptance
82582.0,0,0,54,510,120,550,156,40,241,1,4,9,7,1,1,0,0,1,0,0,3,11,1,43,2181,1,0,0,0,0,0,0,1,0,0,1376,1135,2,Middle-Aged (31-45),High Income,At-Risk (31-60d),Gold Spender,No Children,Divorced,Graduation,New Member,MeatProducts,1617,2,Occasional Responder,Campaign 1
66373.0,1,1,57,328,9,124,12,24,109,7,4,2,10,3,0,0,0,0,0,0,3,11,0,42,2541,0,1,0,0,0,0,0,1,0,0,497,388,0,Middle-Aged (31-45),High Income,At-Risk (31-60d),Silver Spender,Large Family (>1 Kid),Married,Graduation,Established,Wines,606,0,Never Accepted,No Acceptance
82384.0,0,0,55,984,51,432,180,120,190,1,3,10,13,1,0,0,1,0,0,0,3,11,1,65,2746,0,0,0,1,0,0,0,0,1,0,1767,1577,1,Elderly (>60),High Income,At-Risk (31-60d),Gold Spender,No Children,Together,Master,Long-term Member,Wines,1957,1,Occasional Responder,Campaign 5
70287.0,0,0,30,295,35,482,121,120,40,1,5,5,10,3,0,0,0,0,0,0,3,11,1,54,2612,1,0,0,0,0,0,0,1,0,0,1053,1013,0,Senior (46-60),High Income,Active (0-30d),Gold Spender,No Children,Divorced,Graduation,Established,MeatProducts,1093,0,Never Accepted,No Acceptance
27938.0,1,0,31,13,0,8,2,1,5,1,1,0,4,3,0,0,0,0,0,0,3,11,0,32,2221,0,0,1,0,0,0,0,1,0,0,24,19,0,Middle-Aged (31-45),Low Income,At-Risk (31-60d),Bronze Spender,Small Family (1 Kid),Single,Graduation,New Member,Wines,29,0,Never Accepted,No Acceptance
55954.0,0,1,63,447,0,28,0,0,43,3,8,2,6,7,0,0,0,0,0,0,3,11,0,52,2277,0,1,0,0,0,0,0,0,0,1,475,432,0,Senior (46-60),Medium Income,Inactive (>60d),Silver Spender,Small Family (1 Kid),Married,PhD,New Member,Wines,518,0,Never Accepted,No Acceptance
75777.0,0,0,12,712,26,538,69,13,80,1,3,6,11,1,0,1,1,0,0,0,3,11,1,38,2519,0,0,1,0,0,0,0,0,1,0,1358,1278,2,Middle-Aged (31-45),High Income,Active (0-30d),Gold Spender,No Children,Single,Master,Established,Wines,1438,2,Occasional Responder,Campaign 4
66653.0,1,1,18,452,18,102,16,18,6,4,4,2,12,3,0,0,0,0,0,0,3,11,0,45,2819,0,0,0,1,0,0,0,1,0,0,606,600,0,Middle-Aged (31-45),High Income,Active (0-30d),Silver Spender,Large Family (>1 Kid),Together,Graduation,Long-term Member,Wines,612,0,Never Accepted,No Acceptance
61823.0,0,1,26,523,7,134,37,14,169,4,8,2,10,7,0,0,0,0,0,0,3,11,0,68,2655,0,0,1,0,0,0,0,1,0,0,715,546,0,Elderly (>60),Medium Income,Active (0-30d),Silver Spender,Small Family (1 Kid),Single,Graduation,Long-term Member,Wines,884,0,Never Accepted,No Acceptance
67680.0,0,1,8,546,0,48,0,6,6,1,7,3,8,5,0,0,0,0,0,0,3,11,0,69,2542,0,0,0,0,1,0,0,0,0,1,600,594,0,Elderly (>60),High Income,Active (0-30d),Silver Spender,Small Family (1 Kid),Widow,PhD,Established,Wines,606,0,Never Accepted,No Acceptance
70666.0,0,0,29,398,40,367,119,122,30,1,7,4,4,4,0,0,0,0,0,0,3,11,0,72,2364,0,0,0,1,0,0,0,1,0,0,1046,1016,0,Elderly (>60),High Income,Active (0-30d),Gold Spender,No Children,Together,Graduation,New Member,Wines,1076,0,Never Accepted,No Acceptance
25721.0,1,0,75,1,3,6,3,6,15,1,1,1,2,7,0,0,0,0,0,0,3,11,1,49,2563,0,1,0,0,0,0,0,1,0,0,19,4,0,Senior (46-60),Low Income,Inactive (>60d),Bronze Spender,Small Family (1 Kid),Married,Graduation,Established,GoldProds,34,0,Never Accepted,No Acceptance
32474.0,1,1,0,10,0,1,0,0,0,1,1,0,2,7,0,0,0,0,0,0,3,11,0,53,2208,0,0,0,1,0,0,0,1,0,0,11,11,0,Senior (46-60),Low Income,Active (0-30d),Bronze Spender,Large Family (>1 Kid),Together,Graduation,New Member,Wines,11,0,Never Accepted,No Acceptance
88194.0,0,1,19,688,14,309,201,24,38,1,11,10,10,5,1,0,0,1,0,0,3,11,1,41,2261,0,0,1,0,0,1,0,0,0,0,1236,1198,2,Middle-Aged (31-45),High Income,Active (0-30d),Gold Spender,Small Family (1 Kid),Single,2n Cycle,New Member,Wines,1274,2,Occasional Responder,Campaign 1
69096.0,0,1,4,247,49,159,7,82,109,1,5,2,10,4,0,0,0,0,0,0,3,11,0,62,2434,0,0,0,1,0,0,0,1,0,0,544,435,0,Elderly (>60),High Income,Active (0-30d),Silver Spender,Small Family (1 Kid),Together,Graduation,Established,Wines,653,0,Never Accepted,No Acceptance
74854.0,1,2,90,856,59,487,58,29,73,7,2,5,5,5,0,0,0,0,0,0,3,11,0,50,2606,0,0,0,1,0,0,0,1,0,0,1489,1416,0,Senior (46-60),High Income,Inactive (>60d),Gold Spender,Large Family (>1 Kid),Together,Graduation,Established,Wines,1562,0,Never Accepted,No Acceptance
66991.0,0,0,1,496,36,460,189,60,12,3,4,8,6,3,0,0,0,0,0,0,3,11,0,66,2815,0,1,0,0,0,0,0,0,1,0,1241,1229,0,Elderly (>60),High Income,Active (0-30d),Gold Spender,No Children,Married,Master,Long-term Member,Wines,1253,0,Never Accepted,No Acceptance
65031.0,0,1,29,258,107,291,84,37,86,4,10,3,13,7,0,0,0,0,0,0,3,11,0,61,2628,0,1,0,0,0,0,0,1,0,0,777,691,0,Elderly (>60),High Income,Active (0-30d),Gold Spender,Small Family (1 Kid),Married,Graduation,Established,MeatProducts,863,0,Never Accepted,No Acceptance
60631.0,1,1,88,565,6,65,0,6,19,5,9,2,8,7,0,1,0,0,0,0,3,11,0,45,2609,0,1,0,0,0,0,0,0,0,1,642,623,1,Middle-Aged (31-45),Medium Income,Inactive (>60d),Silver Spender,Large Family (>1 Kid),Married,PhD,Established,Wines,661,1,Occasional Responder,Campaign 4
28332.0,0,0,58,14,10,13,4,15,9,1,2,1,4,2,0,0,0,0,0,0,3,11,0,68,2219,0,1,0,0,0,0,0,1,0,0,56,47,0,Elderly (>60),Low Income,At-Risk (31-60d),Bronze Spender,No Children,Married,Graduation,New Member,SweetProducts,65,0,Never Accepted,No Acceptance
40246.0,1,0,68,2,1,6,2,1,1,1,1,0,2,6,0,0,0,0,0,0,3,11,0,43,2716,1,0,0,0,0,0,0,1,0,0,12,11,0,Middle-Aged (31-45),Medium Income,Inactive (>60d),Bronze Spender,Small Family (1 Kid),Divorced,Graduation,Long-term Member,MeatProducts,13,0,Never Accepted,No Acceptance
75251.0,0,0,34,721,111,925,97,18,18,1,7,6,5,5,0,0,0,0,0,0,3,11,1,48,2830,0,1,0,0,0,0,0,0,1,0,1872,1854,0,Senior (46-60),High Income,At-Risk (31-60d),Gold Spender,No Children,Married,Master,Long-term Member,MeatProducts,1890,0,Never Accepted,No Acceptance
75825.0,0,0,40,1032,105,779,137,105,51,0,5,8,9,4,1,0,0,0,0,0,3,11,1,44,2784,0,0,1,0,0,0,0,1,0,0,2158,2107,1,Middle-Aged (31-45),High Income,At-Risk (31-60d),Gold Spender,No Children,Single,Graduation,Long-term Member,Wines,2209,1,Occasional Responder,Campaign 3
26326.0,0,0,12,1,0,5,0,3,9,1,0,0,3,3,0,0,0,0,0,1,3,11,0,44,2457,0,0,0,1,0,1,0,0,0,0,9,0,0,Middle-Aged (31-45),Low Income,Active (0-30d),Bronze Spender,No Children,Together,2n Cycle,Established,GoldProds,18,0,Never Accepted,No Acceptance
56046.0,0,0,9,577,0,64,0,0,51,2,10,1,8,8,1,0,0,0,0,0,3,11,1,55,2702,0,0,0,1,0,0,0,1,0,0,641,590,1,Senior (46-60),Medium Income,Active (0-30d),Silver Spender,No Children,Together,Graduation,Long-term Member,Wines,692,1,Occasional Responder,Campaign 3
29760.0,1,0,87,64,4,68,7,5,17,4,3,1,4,8,0,0,0,0,0,0,3,11,0,35,2828,0,0,1,0,0,0,0,1,0,0,148,131,0,Middle-Aged (31-45),Low Income,Inactive (>60d),Silver Spender,Small Family (1 Kid),Single,Graduation,Long-term Member,MeatProducts,165,0,Never Accepted,No Acceptance
26304.0,1,0,5,4,1,5,2,0,4,1,1,0,2,7,0,0,0,0,0,0,3,11,0,51,2530,0,1,0,0,0,0,0,1,0,0,12,8,0,Senior (46-60),Low Income,Active (0-30d),Bronze Spender,Small Family (1 Kid),Married,Graduation,Established,MeatProducts,16,0,Never Accepted,No Acceptance
23559.0,1,0,87,25,5,19,7,0,23,3,3,0,3,7,0,0,0,0,0,0,3,11,0,47,2520,0,1,0,0,0,1,0,0,0,0,56,33,0,Senior (46-60),Low Income,Inactive (>60d),Bronze Spender,Small Family (1 Kid),Married,2n Cycle,Established,Wines,79,0,Never Accepted,No Acceptance
38620.0,0,0,56,112,17,44,34,22,89,1,2,5,3,3,0,0,0,0,0,0,3,11,0,57,2573,0,0,0,1,0,0,0,0,1,0,229,140,0,Senior (46-60),Low Income,At-Risk (31-60d),Silver Spender,No Children,Together,Master,Established,Wines,318,0,Never Accepted,No Acceptance
81361.0,0,0,18,163,23,424,27,65,76,1,3,10,13,1,0,0,0,0,0,0,3,11,0,33,2283,1,0,0,0,0,0,0,1,0,0,702,626,0,Middle-Aged (31-45),High Income,Active (0-30d),Silver Spender,No Children,Divorced,Graduation,New Member,MeatProducts,778,0,Never Accepted,No Acceptance
29440.0,1,1,95,17,8,14,10,4,3,2,1,0,4,7,0,0,0,0,0,0,3,11,0,60,2481,0,1,0,0,0,0,0,1,0,0,53,50,0,Senior (46-60),Low Income,Inactive (>60d),Bronze Spender,Large Family (>1 Kid),Married,Graduation,Established,Wines,56,0,Never Accepted,No Acceptance
36138.0,1,1,48,130,0,16,0,0,5,5,3,1,4,7,0,1,0,0,0,0,3,11,0,50,2507,0,1,0,0,0,0,0,0,1,0,146,141,1,Senior (46-60),Low Income,At-Risk (31-60d),Silver Spender,Large Family (>1 Kid),Married,Master,Established,Wines,151,1,Occasional Responder,Campaign 4
50388.0,0,1,3,292,6,37,0,3,34,4,6,1,6,7,0,1,0,1,0,0,3,11,1,63,2191,0,0,1,0,0,0,0,1,0,0,338,304,2,Elderly (>60),Medium Income,Active (0-30d),Silver Spender,Small Family (1 Kid),Single,Graduation,New Member,Wines,372,2,Occasional Responder,Campaign 1
79593.0,0,0,70,350,60,568,110,133,145,1,5,6,7,2,0,0,1,0,0,0,3,11,0,47,2207,0,1,0,0,0,0,0,1,0,0,1221,1076,1,Senior (46-60),High Income,Inactive (>60d),Gold Spender,No Children,Married,Graduation,New Member,MeatProducts,1366,1,Occasional Responder,Campaign 5
54178.0,0,1,79,135,9,39,4,0,7,1,2,2,5,2,0,0,0,0,0,0,3,11,0,53,2318,0,0,0,1,0,0,0,1,0,0,187,180,0,Senior (46-60),Medium Income,Inactive (>60d),Silver Spender,Small Family (1 Kid),Together,Graduation,New Member,Wines,194,0,Never Accepted,No Acceptance
42394.0,1,0,69,15,2,10,0,1,4,1,1,0,3,7,0,0,0,0,0,0,3,11,0,48,2257,0,0,1,0,0,0,0,0,1,0,28,24,0,Senior (46-60),Medium Income,Inactive (>60d),Bronze Spender,Small Family (1 Kid),Single,Master,New Member,Wines,32,0,Never Accepted,No Acceptance
23626.0,1,0,84,27,2,14,0,0,0,3,3,1,3,5,0,0,0,0,0,0,3,11,0,50,2195,0,1,0,0,0,0,0,0,0,1,43,43,0,Senior (46-60),Low Income,Inactive (>60d),Bronze Spender,Small Family (1 Kid),Married,PhD,New Member,Wines,43,0,Never Accepted,No Acceptance
30096.0,1,0,30,5,3,11,12,5,9,1,2,0,3,6,0,0,0,0,0,0,3,11,0,37,2197,0,1,0,0,0,0,0,1,0,0,36,27,0,Middle-Aged (31-45),Low Income,Active (0-30d),Bronze Spender,Small Family (1 Kid),Married,Graduation,New Member,FishProducts,45,0,Never Accepted,No Acceptance
47916.0,0,1,72,505,0,26,0,0,75,5,7,4,6,6,0,1,0,0,0,0,3,11,0,60,2743,0,0,0,0,1,0,0,1,0,0,531,456,1,Senior (46-60),Medium Income,Inactive (>60d),Silver Spender,Small Family (1 Kid),Widow,Graduation,Long-term Member,Wines,606,1,Occasional Responder,Campaign 4
51813.0,1,1,37,51,2,7,0,1,2,2,2,0,3,7,0,0,0,0,0,0,3,11,0,48,2603,1,0,0,0,0,0,0,1,0,0,61,59,0,Senior (46-60),Medium Income,At-Risk (31-60d),Bronze Spender,Large Family (>1 Kid),Divorced,Graduation,Established,Wines,63,0,Never Accepted,No Acceptance
78497.0,0,0,44,207,26,447,75,0,223,1,5,7,12,2,0,0,0,1,0,0,3,11,0,69,2369,0,1,0,0,0,1,0,0,0,0,755,532,1,Elderly (>60),High Income,At-Risk (31-60d),Silver Spender,No Children,Married,2n Cycle,New Member,MeatProducts,978,1,Occasional Responder,Campaign 1
50150.0,0,0,32,135,46,92,65,61,11,2,5,2,7,5,0,0,0,0,0,0,3,11,0,37,2533,0,1,0,0,0,0,0,0,0,1,399,388,0,Middle-Aged (31-45),Medium Income,At-Risk (31-60d),Silver Spender,No Children,Married,PhD,Established,Wines,410,0,Never Accepted,No Acceptance
47823.0,0,1,0,53,1,5,2,1,10,2,2,0,3,8,0,0,0,0,0,0,3,11,0,60,2500,0,0,1,0,0,1,0,0,0,0,62,52,0,Senior (46-60),Medium Income,Active (0-30d),Bronze Spender,Small Family (1 Kid),Single,2n Cycle,Established,Wines,72,0,Never Accepted,No Acceptance
34554.0,0,1,43,41,1,6,2,0,5,2,2,0,3,6,0,0,0,0,0,0,3,11,0,61,2250,0,0,1,0,0,0,0,0,0,1,50,45,0,Elderly (>60),Low Income,At-Risk (31-60d),Bronze Spender,Small Family (1 Kid),Single,PhD,New Member,Wines,55,0,Never Accepted,No Acceptance
85693.0,0,1,59,386,172,183,185,132,111,2,9,5,11,5,0,0,0,0,0,0,3,11,0,41,2594,0,0,0,1,0,0,0,1,0,0,1058,947,0,Middle-Aged (31-45),High Income,At-Risk (31-60d),Gold Spender,Small Family (1 Kid),Together,Graduation,Established,Wines,1169,0,Never Accepted,No Acceptance
65846.0,0,0,68,562,81,276,80,40,81,1,6,3,6,4,0,0,0,0,0,0,3,11,0,75,2567,0,1,0,0,0,0,0,0,0,1,1039,958,0,Elderly (>60),High Income,Inactive (>60d),Gold Spender,No Children,Married,PhD,Established,Wines,1120,0,Never Accepted,No Acceptance
87195.0,0,0,35,217,76,690,50,26,38,1,3,11,5,1,0,0,0,0,0,0,3,11,1,61,2211,0,1,0,0,0,0,0,1,0,0,1059,1021,0,Elderly (>60),High Income,At-Risk (31-60d),Gold Spender,No Children,Married,Graduation,New Member,MeatProducts,1097,0,Never Accepted,No Acceptance
24594.0,1,0,94,1,3,6,10,0,9,1,1,0,3,5,0,0,0,0,0,0,3,11,0,41,2360,0,0,0,1,0,0,1,0,0,0,20,11,0,Middle-Aged (31-45),Low Income,Inactive (>60d),Bronze Spender,Small Family (1 Kid),Together,Basic,New Member,FishProducts,29,0,Never Accepted,No Acceptance
49096.0,1,1,15,144,1,32,2,1,7,4,4,1,4,7,0,0,0,0,0,0,3,11,0,56,2437,0,1,0,0,0,0,0,1,0,0,180,173,0,Senior (46-60),Medium Income,Active (0-30d),Silver Spender,Large Family (>1 Kid),Married,Graduation,Established,Wines,187,0,Never Accepted,No Acceptance
52413.0,0,2,56,295,106,271,75,98,65,4,6,4,12,6,0,0,0,0,0,0,3,11,0,51,2671,0,1,0,0,0,0,0,1,0,0,845,780,0,Senior (46-60),Medium Income,At-Risk (31-60d),Gold Spender,Large Family (>1 Kid),Married,Graduation,Long-term Member,Wines,910,0,Never Accepted,No Acceptance
38557.0,1,0,17,76,3,31,4,4,27,2,3,1,3,7,0,0,0,0,0,0,3,11,0,42,2716,0,0,1,0,0,0,0,1,0,0,118,91,0,Middle-Aged (31-45),Low Income,Active (0-30d),Silver Spender,Small Family (1 Kid),Single,Graduation,Long-term Member,Wines,145,0,Never Accepted,No Acceptance
89058.0,0,0,18,454,194,106,31,22,43,1,5,4,4,2,0,0,0,0,0,0,3,11,0,60,2728,0,1,0,0,0,0,0,0,1,0,807,764,0,Senior (46-60),High Income,Active (0-30d),Gold Spender,No Children,Married,Master,Long-term Member,Wines,850,0,Never Accepted,No Acceptance
77298.0,0,1,46,425,115,292,23,35,79,1,6,6,11,3,0,0,0,0,0,0,3,11,0,41,2398,0,0,0,1,0,0,0,1,0,0,890,811,0,Middle-Aged (31-45),High Income,At-Risk (31-60d),Gold Spender,Small Family (1 Kid),Together,Graduation,New Member,Wines,969,0,Never Accepted,No Acceptance
68126.0,0,0,40,1332,17,311,23,51,86,1,7,4,5,9,0,1,0,0,0,0,3,11,1,29,2755,0,0,1,0,0,0,0,0,0,1,1734,1648,1,Young Adult (<30),High Income,At-Risk (31-60d),Gold Spender,No Children,Single,PhD,Long-term Member,Wines,1820,1,Occasional Responder,Campaign 4
57288.0,0,1,27,527,0,21,0,0,60,3,8,1,8,6,0,1,0,0,0,0,3,11,0,57,2163,0,0,0,1,0,0,0,0,1,0,548,488,1,Senior (46-60),Medium Income,Active (0-30d),Silver Spender,Small Family (1 Kid),Together,Master,New Member,Wines,608,1,Occasional Responder,Campaign 4
86037.0,0,0,95,490,44,125,29,20,22,1,6,7,11,3,0,1,1,0,0,0,3,11,1,29,2702,0,0,1,0,0,0,0,1,0,0,708,686,2,Young Adult (<30),High Income,Inactive (>60d),Silver Spender,No Children,Single,Graduation,Long-term Member,Wines,730,2,Occasional Responder,Campaign 4
43974.0,1,0,19,378,0,101,0,0,72,5,6,4,6,7,0,0,0,0,0,0,3,11,0,40,2723,0,1,0,0,0,0,0,0,0,1,479,407,0,Middle-Aged (31-45),Medium Income,Active (0-30d),Silver Spender,Small Family (1 Kid),Married,PhD,Long-term Member,Wines,551,0,Never Accepted,No Acceptance
50785.0,1,1,27,64,1,21,0,1,27,2,2,1,3,6,0,0,0,0,0,0,3,11,0,58,2451,0,0,1,0,0,0,0,1,0,0,87,60,0,Senior (46-60),Medium Income,Active (0-30d),Bronze Spender,Large Family (>1 Kid),Single,Graduation,Established,Wines,114,0,Never Accepted,No Acceptance
90765.0,0,0,25,547,99,812,151,82,33,0,4,6,5,1,0,0,1,1,0,0,3,11,0,50,2315,0,1,0,0,0,0,0,1,0,0,1691,1658,2,Senior (46-60),High Income,Active (0-30d),Gold Spender,No Children,Married,Graduation,New Member,MeatProducts,1724,2,Occasional Responder,Campaign 1
36550.0,1,0,74,47,90,94,123,103,120,5,9,1,5,9,0,0,0,0,0,0,3,11,0,42,2654,0,1,0,0,0,1,0,0,0,0,457,337,0,Middle-Aged (31-45),Low Income,Inactive (>60d),Silver Spender,Small Family (1 Kid),Married,2n Cycle,Long-term Member,FishProducts,577,0,Never Accepted,No Acceptance
30753.0,1,1,85,12,5,25,0,9,30,2,1,1,3,5,0,0,0,0,0,0,3,11,0,53,2512,0,0,0,1,0,1,0,0,0,0,51,21,0,Senior (46-60),Low Income,Inactive (>60d),Bronze Spender,Large Family (>1 Kid),Together,2n Cycle,Established,GoldProds,81,0,Never Accepted,No Acceptance
21918.0,1,0,37,1,6,7,11,5,3,2,2,0,3,6,0,0,0,0,0,0,3,11,0,51,2386,0,0,0,1,0,0,0,1,0,0,30,27,0,Senior (46-60),Low Income,At-Risk (31-60d),Bronze Spender,Small Family (1 Kid),Together,Graduation,New Member,FishProducts,33,0,Never Accepted,No Acceptance
56129.0,0,1,65,320,48,133,39,72,48,4,6,2,10,4,0,0,0,0,0,0,3,11,0,67,2533,0,0,0,1,0,0,0,0,1,0,612,564,0,Elderly (>60),Medium Income,Inactive (>60d),Silver Spender,Small Family (1 Kid),Together,Master,Established,Wines,660,0,Never Accepted,No Acceptance
32557.0,1,0,13,34,3,29,0,4,10,3,2,1,3,5,0,0,0,0,0,0,3,11,1,53,2284,0,0,1,0,0,0,0,0,1,0,70,60,0,Senior (46-60),Low Income,Active (0-30d),Bronze Spender,Small Family (1 Kid),Single,Master,New Member,Wines,80,0,Never Accepted,No Acceptance
19510.0,2,0,63,9,0,7,3,4,7,2,1,0,3,7,0,0,0,0,0,0,3,11,0,35,2457,0,1,0,0,0,0,0,0,1,0,23,16,0,Middle-Aged (31-45),Low Income,Inactive (>60d),Bronze Spender,Large Family (>1 Kid),Married,Master,Established,Wines,30,0,Never Accepted,No Acceptance
30992.0,1,0,83,17,0,14,7,3,2,1,1,0,3,7,0,0,0,0,0,0,3,11,0,44,2592,1,0,0,0,0,0,0,1,0,0,41,39,0,Middle-Aged (31-45),Low Income,Inactive (>60d),Bronze Spender,Small Family (1 Kid),Divorced,Graduation,Established,Wines,43,0,Never Accepted,No Acceptance
71488.0,0,0,87,162,33,124,40,28,172,2,3,4,7,1,0,0,0,0,0,0,3,11,0,55,2655,0,0,0,1,0,1,0,0,0,0,387,215,0,Senior (46-60),High Income,Inactive (>60d),Silver Spender,No Children,Together,2n Cycle,Long-term Member,GoldProds,559,0,Never Accepted,No Acceptance
79607.0,0,0,37,450,133,951,173,0,216,1,3,6,6,1,0,0,0,0,0,0,3,11,1,36,2593,0,0,1,0,0,0,0,1,0,0,1707,1491,0,Middle-Aged (31-45),High Income,At-Risk (31-60d),Gold Spender,No Children,Single,Graduation,Established,MeatProducts,1923,0,Never Accepted,No Acceptance
54348.0,1,1,51,70,0,16,0,0,4,2,2,0,4,6,0,0,0,0,0,0,3,11,0,67,2180,0,1,0,0,0,0,0,0,1,0,86,82,0,Elderly (>60),Medium Income,At-Risk (31-60d),Bronze Spender,Large Family (>1 Kid),Married,Master,New Member,Wines,90,0,Never Accepted,No Acceptance
77376.0,1,1,72,492,19,110,16,12,12,4,6,3,10,4,0,0,0,0,0,0,3,11,0,64,2209,0,0,0,1,0,0,0,0,0,1,649,637,0,Elderly (>60),High Income,Inactive (>60d),Silver Spender,Large Family (>1 Kid),Together,PhD,New Member,Wines,661,0,Never Accepted,No Acceptance
62998.0,0,1,10,120,58,73,65,89,58,5,5,4,5,5,0,0,0,0,0,0,3,11,0,68,2431,0,1,0,0,0,0,0,1,0,0,405,347,0,Elderly (>60),High Income,Active (0-30d),Silver Spender,Small Family (1 Kid),Married,Graduation,Established,Wines,463,0,Never Accepted,No Acceptance
61331.0,1,1,42,534,5,47,0,5,41,5,11,1,6,8,0,0,0,0,0,0,3,11,0,62,2635,0,0,1,0,0,0,0,0,1,0,591,550,0,Elderly (>60),Medium Income,At-Risk (31-60d),Silver Spender,Large Family (>1 Kid),Single,Master,Long-term Member,Wines,632,0,Never Accepted,No Acceptance
73448.0,0,0,10,236,106,189,23,41,130,1,7,2,9,4,0,0,0,0,0,0,3,11,0,51,2298,0,1,0,0,0,0,0,1,0,0,595,465,0,Senior (46-60),High Income,Active (0-30d),Silver Spender,No Children,Married,Graduation,New Member,Wines,725,0,Never Accepted,No Acceptance
41551.0,1,1,51,220,0,33,3,0,23,5,5,1,5,8,0,0,0,0,0,0,3,11,0,56,2478,0,1,0,0,0,0,0,0,0,1,256,233,0,Senior (46-60),Medium Income,At-Risk (31-60d),Silver Spender,Large Family (>1 Kid),Married,PhD,Established,Wines,279,0,Never Accepted,No Acceptance
62981.0,0,0,21,796,14,590,38,44,0,1,4,5,13,3,0,1,0,0,0,0,3,11,0,53,2628,0,0,0,1,0,0,0,0,0,1,1482,1482,1,Senior (46-60),High Income,Active (0-30d),Gold Spender,No Children,Together,PhD,Established,Wines,1482,1,Occasional Responder,Campaign 4
9548.0,1,0,31,0,1,3,10,6,9,2,1,0,3,8,0,0,0,0,0,0,3,11,0,44,2849,1,0,0,0,0,0,1,0,0,0,20,11,0,Middle-Aged (31-45),Low Income,At-Risk (31-60d),Bronze Spender,Small Family (1 Kid),Divorced,Basic,Long-term Member,FishProducts,29,0,Never Accepted,No Acceptance
33762.0,2,1,61,53,1,34,2,0,16,3,2,2,2,8,0,0,0,0,0,0,3,11,0,61,2516,0,1,0,0,0,0,0,0,0,1,90,74,0,Elderly (>60),Low Income,Inactive (>60d),Bronze Spender,Large Family (>1 Kid),Married,PhD,Established,Wines,106,0,Never Accepted,No Acceptance
35860.0,1,1,37,15,0,8,4,2,20,2,1,1,2,5,1,0,0,0,0,0,3,11,1,47,2200,0,0,1,0,0,0,0,0,0,1,29,9,1,Senior (46-60),Low Income,At-Risk (31-60d),Bronze Spender,Large Family (>1 Kid),Single,PhD,New Member,GoldProds,49,1,Occasional Responder,Campaign 3
36921.0,1,1,74,17,1,12,3,1,4,2,2,0,3,7,0,0,0,0,0,0,3,11,0,55,2495,1,0,0,0,0,0,0,0,0,1,34,30,0,Senior (46-60),Low Income,Inactive (>60d),Bronze Spender,Large Family (>1 Kid),Divorced,PhD,Established,Wines,38,0,Never Accepted,No Acceptance
65104.0,0,1,4,738,0,232,13,20,50,2,3,5,7,7,0,0,0,0,0,0,3,11,1,44,2386,0,0,0,1,0,0,0,0,1,0,1003,953,0,Middle-Aged (31-45),High Income,Active (0-30d),Gold Spender,Small Family (1 Kid),Together,Master,New Member,Wines,1053,0,Never Accepted,No Acceptance
86111.0,0,0,73,399,28,756,36,40,126,1,5,7,10,2,0,0,0,0,0,0,3,11,0,58,2595,0,1,0,0,0,0,0,1,0,0,1259,1133,0,Senior (46-60),High Income,Inactive (>60d),Gold Spender,No Children,Married,Graduation,Established,MeatProducts,1385,0,Never Accepted,No Acceptance
68352.0,0,1,47,614,16,132,43,33,33,3,8,5,9,6,0,0,0,0,0,0,3,11,0,46,2464,0,0,1,0,0,0,0,0,0,1,838,805,0,Senior (46-60),High Income,At-Risk (31-60d),Gold Spender,Small Family (1 Kid),Single,PhD,Established,Wines,871,0,Never Accepted,No Acceptance
41883.0,1,0,13,32,34,41,73,16,116,3,4,2,3,7,0,0,0,0,0,0,3,11,0,32,2626,0,0,0,1,0,0,0,1,0,0,196,80,0,Middle-Aged (31-45),Medium Income,Active (0-30d),Silver Spender,Small Family (1 Kid),Together,Graduation,Established,GoldProds,312,0,Never Accepted,No Acceptance
59809.0,0,2,36,598,16,141,32,41,49,3,3,3,6,8,0,0,0,0,0,0,3,11,0,44,2778,0,1,0,0,0,0,0,1,0,0,828,779,0,Middle-Aged (31-45),Medium Income,At-Risk (31-60d),Gold Spender,Large Family (>1 Kid),Married,Graduation,Long-term Member,Wines,877,0,Never Accepted,No Acceptance
23957.0,1,0,47,2,1,18,20,11,16,1,2,0,3,6,0,0,0,0,0,0,3,11,1,45,2768,0,1,0,0,0,0,0,1,0,0,52,36,0,Middle-Aged (31-45),Low Income,At-Risk (31-60d),Bronze Spender,Small Family (1 Kid),Married,Graduation,Long-term Member,FishProducts,68,0,Never Accepted,No Acceptance
38547.0,1,0,49,6,1,10,0,1,4,1,1,0,2,8,0,0,0,0,0,1,3,11,0,39,2464,0,0,0,1,0,0,0,1,0,0,18,14,0,Middle-Aged (31-45),Low Income,At-Risk (31-60d),Bronze Spender,Small Family (1 Kid),Together,Graduation,Established,MeatProducts,22,0,Never Accepted,No Acceptance
35688.0,2,1,94,73,3,90,12,1,32,7,4,1,4,8,0,0,0,0,0,0,3,11,0,47,2835,0,1,0,0,0,1,0,0,0,0,179,147,0,Senior (46-60),Low Income,Inactive (>60d),Silver Spender,Large Family (>1 Kid),Married,2n Cycle,Long-term Member,MeatProducts,211,0,Never Accepted,No Acceptance
49605.0,0,0,65,42,16,29,12,20,8,1,2,1,4,3,0,0,0,0,0,0,3,11,0,54,2167,0,1,0,0,0,0,0,0,1,0,119,111,0,Senior (46-60),Medium Income,Inactive (>60d),Silver Spender,No Children,Married,Master,New Member,Wines,127,0,Never Accepted,No Acceptance
59354.0,0,2,59,295,21,78,39,13,13,1,4,4,7,3,0,0,0,0,0,0,3,11,0,67,2225,0,1,0,0,0,0,0,0,1,0,446,433,0,Elderly (>60),Medium Income,At-Risk (31-60d),Silver Spender,Large Family (>1 Kid),Married,Master,New Member,Wines,459,0,Never Accepted,No Acceptance
65747.0,0,1,96,346,17,48,23,13,13,4,8,1,6,6,0,1,0,0,0,0,3,11,0,51,2273,0,1,0,0,0,0,0,1,0,0,447,434,1,Senior (46-60),High Income,Inactive (>60d),Silver Spender,Small Family (1 Kid),Married,Graduation,New Member,Wines,460,1,Occasional Responder,Campaign 4
46344.0,0,1,28,233,20,57,8,20,91,4,7,1,5,7,0,0,0,0,0,0,3,11,0,48,2721,0,0,0,1,0,1,0,0,0,0,338,247,0,Senior (46-60),Medium Income,Active (0-30d),Silver Spender,Small Family (1 Kid),Together,2n Cycle,Long-term Member,Wines,429,0,Never Accepted,No Acceptance
34176.0,1,0,12,5,7,24,19,14,20,4,3,0,4,6,0,0,0,0,0,0,3,11,0,32,2207,0,0,1,0,0,0,0,1,0,0,69,49,0,Middle-Aged (31-45),Low Income,Active (0-30d),Bronze Spender,Small Family (1 Kid),Single,Graduation,New Member,MeatProducts,89,0,Never Accepted,No Acceptance
61010.0,0,1,57,888,0,57,0,0,76,2,8,5,11,5,0,0,0,0,0,0,3,11,0,68,2787,0,0,0,1,0,0,0,0,0,1,945,869,0,Elderly (>60),Medium Income,At-Risk (31-60d),Gold Spender,Small Family (1 Kid),Together,PhD,Long-term Member,Wines,1021,0,Never Accepted,No Acceptance
69372.0,0,0,10,997,26,269,34,13,42,1,10,4,6,4,0,1,1,0,0,0,3,11,1,71,2654,0,0,0,1,0,0,0,1,0,0,1339,1297,2,Elderly (>60),High Income,Active (0-30d),Gold Spender,No Children,Together,Graduation,Long-term Member,Wines,1381,2,Occasional Responder,Campaign 4
49967.0,0,1,4,212,6,69,4,12,3,3,6,1,5,7,0,0,0,0,0,0,3,11,0,62,2515,0,0,1,0,0,0,0,1,0,0,303,300,0,Elderly (>60),Medium Income,Active (0-30d),Silver Spender,Small Family (1 Kid),Single,Graduation,Established,Wines,306,0,Never Accepted,No Acceptance
60199.0,1,2,49,8,1,7,2,0,0,1,0,0,3,4,0,0,0,0,0,0,3,11,0,42,2449,0,0,1,0,0,0,0,1,0,0,18,18,0,Middle-Aged (31-45),Medium Income,At-Risk (31-60d),Bronze Spender,Large Family (>1 Kid),Single,Graduation,Established,Wines,18,0,Never Accepted,No Acceptance
55375.0,0,1,3,42,11,57,10,28,14,1,1,1,6,2,0,0,0,0,0,0,3,11,0,43,2414,0,0,0,1,0,0,0,1,0,0,148,134,0,Middle-Aged (31-45),Medium Income,Active (0-30d),Silver Spender,Small Family (1 Kid),Together,Graduation,Established,MeatProducts,162,0,Never Accepted,No Acceptance
80317.0,0,0,64,536,11,387,149,91,57,1,3,4,10,1,0,0,0,0,0,0,3,11,0,65,2472,0,0,1,0,0,0,0,1,0,0,1174,1117,0,Elderly (>60),High Income,Inactive (>60d),Gold Spender,No Children,Single,Graduation,Established,Wines,1231,0,Never Accepted,No Acceptance
30523.0,2,1,0,5,0,3,0,0,5,1,1,0,2,7,0,0,0,0,0,0,3,11,0,62,2522,0,0,1,0,0,0,0,0,1,0,8,3,0,Elderly (>60),Low Income,Active (0-30d),Bronze Spender,Large Family (>1 Kid),Single,Master,Established,Wines,13,0,Never Accepted,No Acceptance
70356.0,0,0,20,1349,16,249,43,16,33,2,10,6,9,6,0,0,0,0,0,0,3,11,0,75,2760,0,1,0,0,0,0,0,0,0,1,1673,1640,0,Elderly (>60),High Income,Active (0-30d),Gold Spender,No Children,Married,PhD,Long-term Member,Wines,1706,0,Never Accepted,No Acceptance
23228.0,1,0,91,53,3,49,7,4,5,4,3,0,4,8,0,0,0,0,0,0,3,11,0,36,2334,0,1,0,0,0,0,0,1,0,0,116,111,0,Middle-Aged (31-45),Low Income,Inactive (>60d),Silver Spender,Small Family (1 Kid),Married,Graduation,New Member,Wines,121,0,Never Accepted,No Acceptance
74165.0,0,0,9,1001,12,240,16,12,12,1,5,4,10,2,0,0,0,0,0,0,3,11,0,45,2583,1,0,0,0,0,0,0,0,0,1,1281,1269,0,Middle-Aged (31-45),High Income,Active (0-30d),Gold Spender,No Children,Divorced,PhD,Established,Wines,1293,0,Never Accepted,No Acceptance
43482.0,2,1,83,18,1,32,6,3,28,3,2,0,4,6,0,0,0,0,0,0,3,11,0,54,2387,0,0,0,1,0,0,0,1,0,0,60,32,0,Senior (46-60),Medium Income,Inactive (>60d),Bronze Spender,Large Family (>1 Kid),Together,Graduation,New Member,MeatProducts,88,0,Never Accepted,No Acceptance
62551.0,0,0,27,125,16,98,134,21,27,1,6,7,4,3,1,0,0,0,0,0,3,11,0,67,2382,1,0,0,0,0,0,0,1,0,0,394,367,1,Elderly (>60),Medium Income,Active (0-30d),Silver Spender,No Children,Divorced,Graduation,New Member,FishProducts,421,1,Occasional Responder,Campaign 3
52332.0,0,0,63,212,5,33,7,0,2,1,3,2,6,4,0,1,0,0,0,0,3,11,0,61,2464,1,0,0,0,0,0,0,1,0,0,257,255,1,Elderly (>60),Medium Income,Inactive (>60d),Silver Spender,No Children,Divorced,Graduation,Established,Wines,259,1,Occasional Responder,Campaign 4
66951.0,0,0,46,277,162,305,173,76,124,1,3,4,7,1,0,0,0,0,0,0,3,11,0,32,2398,0,0,1,0,0,0,0,1,0,0,993,869,0,Middle-Aged (31-45),High Income,At-Risk (31-60d),Gold Spender,No Children,Single,Graduation,New Member,MeatProducts,1117,0,Never Accepted,No Acceptance
26091.0,1,1,84,15,10,19,8,17,20,3,2,1,3,5,0,0,0,0,0,0,3,11,0,63,2283,0,0,0,1,0,0,0,1,0,0,69,49,0,Elderly (>60),Low Income,Inactive (>60d),Bronze Spender,Large Family (>1 Kid),Together,Graduation,New Member,GoldProds,89,0,Never Accepted,No Acceptance
33456.0,1,1,58,7,3,10,8,1,7,2,1,0,3,7,0,0,0,0,0,0,3,11,0,55,2228,0,0,0,1,0,0,0,1,0,0,29,22,0,Senior (46-60),Low Income,At-Risk (31-60d),Bronze Spender,Large Family (>1 Kid),Together,Graduation,New Member,MeatProducts,36,0,Never Accepted,No Acceptance
28718.0,1,0,78,12,4,6,11,8,16,2,2,0,3,8,0,0,0,0,0,0,3,11,0,38,2510,0,1,0,0,0,0,0,1,0,0,41,25,0,Middle-Aged (31-45),Low Income,Inactive (>60d),Bronze Spender,Small Family (1 Kid),Married,Graduation,Established,GoldProds,57,0,Never Accepted,No Acceptance
50447.0,2,0,4,85,7,24,2,3,27,1,3,1,3,6,0,0,0,0,0,0,3,11,0,50,2228,0,1,0,0,0,0,0,1,0,0,121,94,0,Senior (46-60),Medium Income,Active (0-30d),Silver Spender,Large Family (>1 Kid),Married,Graduation,New Member,Wines,148,0,Never Accepted,No Acceptance
53537.0,1,1,17,81,0,6,0,0,6,2,2,1,3,5,0,0,0,0,0,0,3,11,0,61,2309,0,0,0,1,0,0,0,0,0,1,87,81,0,Elderly (>60),Medium Income,Active (0-30d),Bronze Spender,Large Family (>1 Kid),Together,PhD,New Member,Wines,93,0,Never Accepted,No Acceptance
52074.0,0,1,77,59,0,12,0,0,48,1,2,2,2,4,1,0,0,0,0,0,3,11,0,53,2245,0,0,1,0,0,0,0,1,0,0,71,23,1,Senior (46-60),Medium Income,Inactive (>60d),Bronze Spender,Small Family (1 Kid),Single,Graduation,New Member,Wines,119,1,Occasional Responder,Campaign 3
80427.0,0,1,56,1149,71,449,69,71,26,1,11,8,8,5,0,0,0,0,0,0,3,11,0,45,2814,0,1,0,0,0,0,0,0,0,1,1809,1783,0,Middle-Aged (31-45),High Income,At-Risk (31-60d),Gold Spender,Small Family (1 Kid),Married,PhD,Long-term Member,Wines,1835,0,Never Accepted,No Acceptance
83837.0,0,0,79,847,66,119,86,89,111,1,9,10,5,4,0,1,0,1,0,0,3,11,1,72,2719,0,1,0,0,0,0,0,0,0,1,1207,1096,2,Elderly (>60),High Income,Inactive (>60d),Gold Spender,No Children,Married,PhD,Long-term Member,Wines,1318,2,Occasional Responder,Campaign 1
38853.0,1,1,90,29,0,14,0,0,2,2,2,0,3,7,0,0,0,0,0,0,3,11,0,50,2196,0,1,0,0,0,0,0,0,0,1,43,41,0,Senior (46-60),Low Income,Inactive (>60d),Bronze Spender,Large Family (>1 Kid),Married,PhD,New Member,Wines,45,0,Never Accepted,No Acceptance
38285.0,2,1,96,2,0,5,2,0,1,1,0,0,3,2,0,0,0,0,0,0,3,11,0,61,2164,0,0,0,1,0,0,0,1,0,0,9,8,0,Elderly (>60),Low Income,Inactive (>60d),Bronze Spender,Large Family (>1 Kid),Together,Graduation,New Member,MeatProducts,10,0,Never Accepted,No Acceptance
78497.0,0,0,44,207,26,447,75,0,223,1,5,7,12,2,0,0,0,1,0,0,3,11,0,69,2369,0,1,0,0,0,1,0,0,0,0,755,532,1,Elderly (>60),High Income,At-Risk (31-60d),Silver Spender,No Children,Married,2n Cycle,New Member,MeatProducts,978,1,Occasional Responder,Campaign 1
51650.0,0,1,81,152,3,22,2,5,7,1,4,1,4,5,0,0,0,0,0,0,3,11,0,44,2208,0,1,0,0,0,0,0,0,0,1,184,177,0,Middle-Aged (31-45),Medium Income,Inactive (>60d),Silver Spender,Small Family (1 Kid),Married,PhD,New Member,Wines,191,0,Never Accepted,No Acceptance
16248.0,1,0,77,12,11,10,3,12,9,3,2,1,3,6,0,0,0,0,0,0,3,11,0,32,2209,0,1,0,0,0,1,0,0,0,0,48,39,0,Middle-Aged (31-45),Low Income,Inactive (>60d),Bronze Spender,Small Family (1 Kid),Married,2n Cycle,New Member,Wines,57,0,Never Accepted,No Acceptance
66835.0,0,0,21,620,26,195,34,17,141,1,6,4,13,2,0,0,0,0,0,0,3,11,0,74,2433,0,1,0,0,0,0,0,0,1,0,892,751,0,Elderly (>60),High Income,Active (0-30d),Gold Spender,No Children,Married,Master,Established,Wines,1033,0,Never Accepted,No Acceptance
30477.0,1,0,16,47,1,6,0,0,12,1,1,1,3,6,0,0,0,0,0,0,3,11,0,36,2317,0,1,0,0,0,0,0,0,1,0,54,42,0,Middle-Aged (31-45),Low Income,Active (0-30d),Bronze Spender,Small Family (1 Kid),Married,Master,New Member,Wines,66,0,Never Accepted,No Acceptance
28249.0,0,0,80,1,9,7,2,14,10,1,2,0,3,6,0,0,0,0,0,0,3,11,0,59,2173,0,1,0,0,0,0,1,0,0,0,33,23,0,Senior (46-60),Low Income,Inactive (>60d),Bronze Spender,No Children,Married,Basic,New Member,SweetProducts,43,0,Never Accepted,No Acceptance
25271.0,1,0,45,10,1,18,10,4,7,1,1,1,2,9,0,0,0,0,0,0,3,11,0,37,2730,0,1,0,0,0,0,0,1,0,0,43,36,0,Middle-Aged (31-45),Low Income,At-Risk (31-60d),Bronze Spender,Small Family (1 Kid),Married,Graduation,Long-term Member,MeatProducts,50,0,Never Accepted,No Acceptance
32303.0,0,1,63,35,0,2,0,0,2,2,1,0,4,5,0,0,0,0,0,0,3,11,0,50,2272,0,0,1,0,0,0,0,0,0,1,37,35,0,Senior (46-60),Low Income,Inactive (>60d),Bronze Spender,Small Family (1 Kid),Single,PhD,New Member,Wines,39,0,Never Accepted,No Acceptance
61286.0,0,1,34,356,0,107,19,9,117,2,7,1,8,5,0,0,0,0,0,0,3,11,0,54,2490,0,1,0,0,0,0,0,1,0,0,491,374,0,Senior (46-60),Medium Income,At-Risk (31-60d),Silver Spender,Small Family (1 Kid),Married,Graduation,Established,Wines,608,0,Never Accepted,No Acceptance
74068.0,0,0,14,783,30,537,140,76,15,1,4,10,9,2,0,0,0,0,0,0,3,11,0,44,2626,0,1,0,0,0,0,0,1,0,0,1566,1551,0,Middle-Aged (31-45),High Income,Active (0-30d),Gold Spender,No Children,Married,Graduation,Established,Wines,1581,0,Never Accepted,No Acceptance
45759.0,1,1,13,42,1,18,3,0,4,2,2,0,3,7,0,0,0,0,0,0,3,11,0,56,2650,0,1,0,0,0,0,0,0,0,1,64,60,0,Senior (46-60),Medium Income,Active (0-30d),Bronze Spender,Large Family (>1 Kid),Married,PhD,Long-term Member,Wines,68,0,Never Accepted,No Acceptance
24882.0,1,0,52,1,4,10,29,0,36,1,1,1,2,6,1,0,0,0,0,0,3,11,0,42,2817,0,0,0,1,0,0,1,0,0,0,44,8,1,Middle-Aged (31-45),Low Income,At-Risk (31-60d),Bronze Spender,Small Family (1 Kid),Together,Basic,Long-term Member,GoldProds,80,1,Occasional Responder,Campaign 3
66973.0,0,0,98,466,22,432,147,113,102,1,8,7,12,3,0,0,0,0,0,0,3,11,0,31,2567,0,0,0,1,0,0,0,0,0,1,1180,1078,0,Middle-Aged (31-45),High Income,Inactive (>60d),Gold Spender,No Children,Together,PhD,Established,Wines,1282,0,Never Accepted,No Acceptance
38872.0,1,0,93,23,3,21,3,19,22,2,3,0,3,8,0,0,0,0,0,0,3,11,0,32,2554,0,1,0,0,0,0,0,1,0,0,69,47,0,Middle-Aged (31-45),Low Income,Inactive (>60d),Bronze Spender,Small Family (1 Kid),Married,Graduation,Established,Wines,91,0,Never Accepted,No Acceptance
51148.0,1,1,38,235,6,45,8,9,12,4,5,1,6,6,0,0,0,0,0,0,3,11,0,47,2655,0,1,0,0,0,0,0,1,0,0,303,291,0,Senior (46-60),Medium Income,At-Risk (31-60d),Silver Spender,Large Family (>1 Kid),Married,Graduation,Long-term Member,Wines,315,0,Never Accepted,No Acceptance
31353.0,1,1,24,10,0,10,3,1,7,2,1,1,2,8,0,0,0,0,0,0,3,11,0,43,2341,0,1,0,0,0,0,0,1,0,0,24,17,0,Middle-Aged (31-45),Low Income,Active (0-30d),Bronze Spender,Large Family (>1 Kid),Married,Graduation,New Member,Wines,31,0,Never Accepted,No Acceptance
69661.0,0,0,80,656,16,106,32,16,8,1,7,3,12,3,0,0,0,0,0,0,3,11,0,40,2206,0,1,0,0,0,0,0,0,1,0,826,818,0,Middle-Aged (31-45),High Income,Inactive (>60d),Gold Spender,No Children,Married,Master,New Member,Wines,834,0,Never Accepted,No Acceptance
80067.0,0,0,82,519,17,813,27,173,51,1,4,6,6,2,0,0,1,0,0,0,3,11,0,66,2442,0,1,0,0,0,0,0,1,0,0,1549,1498,1,Elderly (>60),High Income,Inactive (>60d),Gold Spender,No Children,Married,Graduation,Established,MeatProducts,1600,1,Occasional Responder,Campaign 5
86718.0,0,0,20,344,189,482,50,33,172,1,5,6,5,2,0,0,0,0,0,0,3,11,0,66,2687,0,1,0,0,0,0,0,1,0,0,1098,926,0,Elderly (>60),High Income,Active (0-30d),Gold Spender,No Children,Married,Graduation,Long-term Member,MeatProducts,1270,0,Never Accepted,No Acceptance
46854.0,1,1,81,96,1,79,7,1,79,6,5,1,3,8,1,0,0,0,0,0,3,11,1,47,2249,0,0,1,0,0,0,0,0,0,1,184,105,1,Senior (46-60),Medium Income,Inactive (>60d),Silver Spender,Large Family (>1 Kid),Single,PhD,New Member,Wines,263,1,Occasional Responder,Campaign 3
69142.0,0,1,50,448,4,34,6,4,39,3,8,1,7,5,0,1,0,0,0,0,3,11,0,68,2159,1,0,0,0,0,0,0,1,0,0,496,457,1,Elderly (>60),High Income,At-Risk (31-60d),Silver Spender,Small Family (1 Kid),Divorced,Graduation,New Member,Wines,535,1,Occasional Responder,Campaign 4
75922.0,0,0,60,265,138,553,224,23,92,1,4,4,9,1,0,0,0,0,0,0,3,11,0,52,2361,0,0,1,0,0,0,0,1,0,0,1203,1111,0,Senior (46-60),High Income,At-Risk (31-60d),Gold Spender,No Children,Single,Graduation,New Member,MeatProducts,1295,0,Never Accepted,No Acceptance
63693.0,0,1,63,587,43,337,42,87,54,3,11,6,9,6,0,0,0,0,0,0,3,11,0,42,2417,1,0,0,0,0,0,0,1,0,0,1096,1042,0,Middle-Aged (31-45),High Income,Inactive (>60d),Gold Spender,Small Family (1 Kid),Divorced,Graduation,Established,Wines,1150,0,Never Accepted,No Acceptance
40637.0,1,1,72,22,0,13,0,0,3,2,1,0,3,7,0,0,0,0,0,0,3,11,0,55,2506,0,0,1,0,0,0,0,0,0,1,35,32,0,Senior (46-60),Medium Income,Inactive (>60d),Bronze Spender,Large Family (>1 Kid),Single,PhD,Established,Wines,38,0,Never Accepted,No Acceptance
18890.0,0,0,5,6,4,1,7,2,15,1,0,1,2,6,1,0,0,0,0,0,3,11,1,36,2755,0,0,1,0,0,0,0,0,1,0,20,5,1,Middle-Aged (31-45),Low Income,Active (0-30d),Bronze Spender,No Children,Single,Master,Long-term Member,GoldProds,35,1,Occasional Responder,Campaign 3
29604.0,1,0,88,7,6,13,7,6,14,1,1,0,3,9,1,0,0,0,0,0,3,11,0,32,2362,0,0,0,1,0,0,0,1,0,0,39,25,1,Middle-Aged (31-45),Low Income,Inactive (>60d),Bronze Spender,Small Family (1 Kid),Together,Graduation,New Member,GoldProds,53,1,Occasional Responder,Campaign 3
48721.0,1,1,50,81,18,113,47,13,21,6,4,2,5,6,0,0,0,0,0,0,3,11,0,57,2571,1,0,0,0,0,0,0,0,1,0,272,251,0,Senior (46-60),Medium Income,At-Risk (31-60d),Silver Spender,Large Family (>1 Kid),Divorced,Master,Established,MeatProducts,293,0,Never Accepted,No Acceptance
44794.0,0,1,99,54,0,7,0,0,4,1,2,0,3,6,0,0,0,0,0,0,3,11,0,54,2180,0,1,0,0,0,0,0,1,0,0,61,57,0,Senior (46-60),Medium Income,Inactive (>60d),Bronze Spender,Small Family (1 Kid),Married,Graduation,New Member,Wines,65,0,Never Accepted,No Acceptance
64497.0,0,1,17,1170,48,320,42,32,192,5,11,4,9,8,1,0,0,0,0,0,3,11,1,66,2816,1,0,0,0,0,0,0,1,0,0,1612,1420,1,Elderly (>60),High Income,Active (0-30d),Gold Spender,Small Family (1 Kid),Divorced,Graduation,Long-term Member,Wines,1804,1,Occasional Responder,Campaign 3
46097.0,0,1,11,72,24,68,65,4,8,5,3,1,6,4,0,0,0,0,0,0,3,11,0,64,2614,0,0,0,1,0,0,0,1,0,0,233,225,0,Elderly (>60),Medium Income,Active (0-30d),Silver Spender,Small Family (1 Kid),Together,Graduation,Established,Wines,241,0,Never Accepted,No Acceptance
77972.0,0,0,18,613,22,319,33,102,12,1,4,6,9,1,0,0,0,0,0,0,3,11,0,66,2262,0,0,0,1,0,0,0,1,0,0,1089,1077,0,Elderly (>60),High Income,Active (0-30d),Gold Spender,No Children,Together,Graduation,New Member,Wines,1101,0,Never Accepted,No Acceptance
44377.0,1,1,70,224,0,30,0,0,10,8,5,1,5,8,0,0,0,0,0,0,3,11,0,52,2791,0,1,0,0,0,0,0,0,0,1,254,244,0,Senior (46-60),Medium Income,Inactive (>60d),Silver Spender,Large Family (>1 Kid),Married,PhD,Long-term Member,Wines,264,0,Never Accepted,No Acceptance
46014.0,1,1,21,410,0,59,19,9,44,10,7,1,8,7,0,0,0,0,0,0,3,11,0,46,2683,0,0,0,1,0,0,0,0,1,0,497,453,0,Senior (46-60),Medium Income,Active (0-30d),Silver Spender,Large Family (>1 Kid),Together,Master,Long-term Member,Wines,541,0,Never Accepted,No Acceptance
70951.0,0,0,66,239,10,554,254,87,54,1,3,4,9,1,0,0,0,0,0,0,3,11,0,35,2580,0,1,0,0,0,0,0,1,0,0,1144,1090,0,Middle-Aged (31-45),High Income,Inactive (>60d),Gold Spender,No Children,Married,Graduation,Established,MeatProducts,1198,0,Never Accepted,No Acceptance
41443.0,1,0,79,171,7,171,25,19,89,6,8,1,5,8,0,0,0,0,0,0,3,11,0,43,2248,0,1,0,0,0,0,0,1,0,0,393,304,0,Middle-Aged (31-45),Medium Income,Inactive (>60d),Silver Spender,Small Family (1 Kid),Married,Graduation,New Member,Wines,482,0,Never Accepted,No Acceptance
52195.0,2,1,2,12,0,4,0,0,1,1,1,0,2,8,0,0,0,0,0,0,3,11,0,42,2207,0,0,1,0,0,1,0,0,0,0,16,15,0,Middle-Aged (31-45),Medium Income,Active (0-30d),Bronze Spender,Large Family (>1 Kid),Single,2n Cycle,New Member,Wines,17,0,Never Accepted,No Acceptance
83790.0,0,0,81,1076,16,417,42,48,16,1,8,10,6,3,0,1,1,0,0,0,3,11,0,72,2385,0,1,0,0,0,0,0,0,1,0,1599,1583,2,Elderly (>60),High Income,Inactive (>60d),Gold Spender,No Children,Married,Master,New Member,Wines,1615,2,Occasional Responder,Campaign 4
44551.0,0,1,24,182,4,33,0,0,66,2,4,1,5,7,0,0,0,0,0,0,3,11,0,66,2461,0,0,0,0,1,0,0,0,1,0,219,153,0,Elderly (>60),Medium Income,Active (0-30d),Silver Spender,Small Family (1 Kid),Widow,Master,Established,Wines,285,0,Never Accepted,No Acceptance
69508.0,1,0,48,824,32,162,42,32,43,2,11,4,11,6,0,0,0,0,0,0,3,11,0,40,2751,0,0,0,1,0,0,0,1,0,0,1092,1049,0,Middle-Aged (31-45),High Income,At-Risk (31-60d),Gold Spender,Small Family (1 Kid),Together,Graduation,Long-term Member,Wines,1135,0,Never Accepted,No Acceptance
45204.0,1,0,93,30,11,25,29,1,18,1,1,1,4,3,0,0,0,0,0,0,3,11,0,32,2238,0,0,0,1,0,1,0,0,0,0,96,78,0,Middle-Aged (31-45),Medium Income,Inactive (>60d),Silver Spender,Small Family (1 Kid),Together,2n Cycle,New Member,Wines,114,0,Never Accepted,No Acceptance
72460.0,0,0,56,377,10,540,80,30,10,1,3,5,7,1,0,0,0,0,0,0,3,11,0,51,2386,0,1,0,0,0,0,0,1,0,0,1037,1027,0,Senior (46-60),High Income,At-Risk (31-60d),Gold Spender,No Children,Married,Graduation,New Member,MeatProducts,1047,0,Never Accepted,No Acceptance
77622.0,0,2,3,520,7,154,19,0,14,2,6,3,11,3,0,0,0,0,0,0,3,11,0,50,2235,0,0,0,1,0,0,0,0,0,1,700,686,0,Senior (46-60),High Income,Active (0-30d),Silver Spender,Large Family (>1 Kid),Together,PhD,New Member,Wines,714,0,Never Accepted,No Acceptance
30732.0,1,0,44,155,1,25,0,1,3,4,4,1,4,8,0,0,0,0,0,0,3,11,0,40,2699,0,1,0,0,0,0,0,0,0,1,182,179,0,Middle-Aged (31-45),Low Income,At-Risk (31-60d),Silver Spender,Small Family (1 Kid),Married,PhD,Long-term Member,Wines,185,0,Never Accepted,No Acceptance
63887.0,0,1,38,897,23,207,15,11,92,5,9,6,12,6,0,0,0,0,0,0,3,11,0,58,2818,1,0,0,0,0,0,0,1,0,0,1153,1061,0,Senior (46-60),High Income,At-Risk (31-60d),Gold Spender,Small Family (1 Kid),Divorced,Graduation,Long-term Member,Wines,1245,0,Never Accepted,No Acceptance
42011.0,1,0,46,131,0,16,2,1,39,4,3,1,4,8,0,0,0,0,0,0,3,11,0,42,2619,0,0,0,1,0,0,0,1,0,0,150,111,0,Middle-Aged (31-45),Medium Income,At-Risk (31-60d),Silver Spender,Small Family (1 Kid),Together,Graduation,Established,Wines,189,0,Never Accepted,No Acceptance
51369.0,0,1,84,297,7,79,0,11,182,2,8,2,4,8,0,0,0,0,0,0,3,11,0,44,2771,0,0,0,1,0,0,0,1,0,0,394,212,0,Middle-Aged (31-45),Medium Income,Inactive (>60d),Silver Spender,Small Family (1 Kid),Together,Graduation,Long-term Member,Wines,576,0,Never Accepted,No Acceptance
51537.0,0,1,27,787,20,204,0,0,92,3,2,2,11,8,0,0,0,0,0,0,3,11,0,68,2726,1,0,0,0,0,0,0,1,0,0,1011,919,0,Elderly (>60),Medium Income,Active (0-30d),Gold Spender,Small Family (1 Kid),Divorced,Graduation,Long-term Member,Wines,1103,0,Never Accepted,No Acceptance
79930.0,0,0,72,792,86,740,67,51,17,1,3,5,8,2,0,0,0,0,0,0,3,11,0,48,2849,0,1,0,0,0,0,0,0,0,1,1736,1719,0,Senior (46-60),High Income,Inactive (>60d),Gold Spender,No Children,Married,PhD,Long-term Member,Wines,1753,0,Never Accepted,No Acceptance
34320.0,1,0,66,4,1,9,3,0,0,1,1,0,2,8,0,0,0,0,0,0,3,11,0,34,2292,0,0,0,1,0,0,0,0,0,1,17,17,0,Middle-Aged (31-45),Low Income,Inactive (>60d),Bronze Spender,Small Family (1 Kid),Together,PhD,New Member,MeatProducts,17,0,Never Accepted,No Acceptance
37070.0,1,1,30,231,7,137,4,15,39,9,5,1,8,7,0,0,0,0,0,0,3,11,1,54,2625,0,0,1,0,0,0,0,1,0,0,394,355,0,Senior (46-60),Low Income,Active (0-30d),Silver Spender,Large Family (>1 Kid),Single,Graduation,Established,Wines,433,0,Never Accepted,No Acceptance
81975.0,0,1,2,983,76,184,180,138,27,1,6,3,4,7,0,0,1,0,0,0,3,11,0,58,2699,1,0,0,0,0,1,0,0,0,0,1561,1534,1,Senior (46-60),High Income,Active (0-30d),Gold Spender,Small Family (1 Kid),Divorced,2n Cycle,Long-term Member,Wines,1588,1,Occasional Responder,Campaign 5
38590.0,1,0,65,3,1,8,4,3,3,1,1,0,2,8,0,0,0,0,0,0,3,11,0,49,2569,0,0,0,1,0,0,0,1,0,0,19,16,0,Senior (46-60),Low Income,Inactive (>60d),Bronze Spender,Small Family (1 Kid),Together,Graduation,Established,MeatProducts,22,0,Never Accepted,No Acceptance
15033.0,0,0,37,0,4,5,6,0,4,1,1,0,3,3,0,0,0,0,0,0,3,11,0,69,2233,0,0,1,0,0,0,0,1,0,0,15,11,0,Elderly (>60),Low Income,At-Risk (31-60d),Bronze Spender,No Children,Single,Graduation,New Member,FishProducts,19,0,Never Accepted,No Acceptance
62745.0,0,1,89,562,21,464,28,10,32,3,7,8,11,5,0,0,0,0,0,0,3,11,0,55,2622,0,1,0,0,0,0,0,0,0,1,1085,1053,0,Senior (46-60),High Income,Inactive (>60d),Gold Spender,Small Family (1 Kid),Married,PhD,Established,Wines,1117,0,Never Accepted,No Acceptance
22212.0,1,0,49,5,9,20,6,8,21,2,2,0,4,6,0,0,0,0,0,0,3,11,0,45,2361,0,1,0,0,0,1,0,0,0,0,48,27,0,Middle-Aged (31-45),Low Income,At-Risk (31-60d),Bronze Spender,Small Family (1 Kid),Married,2n Cycle,New Member,GoldProds,69,0,Never Accepted,No Acceptance
23661.0,1,0,46,18,0,4,0,0,1,1,1,0,3,7,0,0,0,0,0,0,3,11,0,38,2366,0,0,0,1,0,0,0,0,1,0,22,21,0,Middle-Aged (31-45),Low Income,At-Risk (31-60d),Bronze Spender,Small Family (1 Kid),Together,Master,New Member,Wines,23,0,Never Accepted,No Acceptance
79761.0,0,1,32,415,5,124,15,35,11,1,5,2,11,3,0,0,0,0,0,0,3,11,0,62,2427,0,0,1,0,0,0,0,0,0,1,594,583,0,Elderly (>60),High Income,At-Risk (31-60d),Silver Spender,Small Family (1 Kid),Single,PhD,Established,Wines,605,0,Never Accepted,No Acceptance
7500.0,1,0,54,5,3,10,12,7,20,4,3,1,3,7,0,0,0,0,0,0,3,11,0,47,2344,0,0,1,0,0,0,0,1,0,0,37,17,0,Senior (46-60),Low Income,At-Risk (31-60d),Bronze Spender,Small Family (1 Kid),Single,Graduation,New Member,GoldProds,57,0,Never Accepted,No Acceptance
73455.0,0,0,98,901,61,757,186,163,20,1,6,5,10,3,0,1,0,0,0,0,3,11,0,52,2403,0,0,0,0,1,0,0,1,0,0,2068,2048,1,Senior (46-60),High Income,Inactive (>60d),Gold Spender,No Children,Widow,Graduation,New Member,Wines,2088,1,Occasional Responder,Campaign 4
64961.0,0,1,97,382,114,276,75,124,38,2,6,4,4,3,0,0,0,0,0,0,3,11,0,62,2712,0,0,0,1,0,0,0,1,0,0,971,933,0,Elderly (>60),High Income,Inactive (>60d),Gold Spender,Small Family (1 Kid),Together,Graduation,Long-term Member,Wines,1009,0,Never Accepted,No Acceptance
22804.0,1,0,75,14,1,7,2,1,1,1,2,0,2,9,0,0,0,0,0,0,3,11,0,49,2492,0,0,1,0,0,0,0,1,0,0,25,24,0,Senior (46-60),Low Income,Inactive (>60d),Bronze Spender,Small Family (1 Kid),Single,Graduation,Established,Wines,26,0,Never Accepted,No Acceptance
73687.0,0,0,8,559,153,503,218,13,181,1,3,9,9,2,0,0,0,1,0,0,3,11,1,30,2372,0,1,0,0,0,0,0,1,0,0,1446,1265,1,Young Adult (<30),High Income,Active (0-30d),Gold Spender,No Children,Married,Graduation,New Member,Wines,1627,1,Occasional Responder,Campaign 1
61074.0,0,1,37,789,0,133,0,28,152,7,11,5,8,7,0,0,0,0,0,0,3,11,0,62,2840,0,1,0,0,0,0,0,1,0,0,950,798,0,Elderly (>60),Medium Income,At-Risk (31-60d),Gold Spender,Small Family (1 Kid),Married,Graduation,Long-term Member,Wines,1102,0,Never Accepted,No Acceptance
31686.0,1,1,31,11,0,5,0,0,1,2,1,0,3,6,0,0,0,0,0,0,3,11,0,56,2183,0,1,0,0,0,0,0,0,0,1,16,15,0,Senior (46-60),Low Income,At-Risk (31-60d),Bronze Spender,Large Family (>1 Kid),Married,PhD,New Member,Wines,17,0,Never Accepted,No Acceptance
80134.0,1,0,40,1218,16,272,104,0,80,2,5,3,6,6,0,1,1,1,0,0,3,11,1,48,2564,0,1,0,0,0,0,0,1,0,0,1610,1530,3,Senior (46-60),High Income,At-Risk (31-60d),Gold Spender,Small Family (1 Kid),Married,Graduation,Established,Wines,1690,3,Campaign Enthusiast,Campaign 1
75027.0,0,1,74,925,64,179,133,12,77,2,9,4,6,5,0,0,0,0,0,0,3,11,0,67,2695,0,1,0,0,0,0,0,1,0,0,1313,1236,0,Elderly (>60),High Income,Inactive (>60d),Gold Spender,Small Family (1 Kid),Married,Graduation,Long-term Member,Wines,1390,0,Never Accepted,No Acceptance
67546.0,0,0,90,864,134,768,150,38,172,1,4,10,5,3,0,0,0,0,0,0,3,11,0,32,2826,0,1,0,0,0,0,0,0,0,1,1954,1782,0,Middle-Aged (31-45),High Income,Inactive (>60d),Gold Spender,No Children,Married,PhD,Long-term Member,Wines,2126,0,Never Accepted,No Acceptance
65176.0,0,1,57,960,28,183,220,70,70,4,9,6,6,6,0,0,0,0,0,0,3,11,0,51,2767,0,0,0,1,0,0,0,0,1,0,1461,1391,0,Senior (46-60),High Income,At-Risk (31-60d),Gold Spender,Small Family (1 Kid),Together,Master,Long-term Member,Wines,1531,0,Never Accepted,No Acceptance
31160.0,1,0,59,16,3,25,6,1,13,2,2,0,3,8,0,0,0,0,0,0,3,11,0,45,2445,0,0,1,0,0,0,0,0,1,0,51,38,0,Middle-Aged (31-45),Low Income,At-Risk (31-60d),Bronze Spender,Small Family (1 Kid),Single,Master,Established,MeatProducts,64,0,Never Accepted,No Acceptance
29938.0,1,0,52,3,3,7,0,2,11,2,1,0,3,6,0,0,0,0,0,0,3,11,0,35,2404,0,0,1,0,0,0,0,1,0,0,15,4,0,Middle-Aged (31-45),Low Income,At-Risk (31-60d),Bronze Spender,Small Family (1 Kid),Single,Graduation,Established,GoldProds,26,0,Never Accepted,No Acceptance
26490.0,0,0,92,45,47,52,21,20,25,2,3,1,5,6,0,0,0,0,0,0,3,11,0,62,2804,0,0,0,1,0,1,0,0,0,0,185,160,0,Elderly (>60),Low Income,Inactive (>60d),Silver Spender,No Children,Together,2n Cycle,Long-term Member,MeatProducts,210,0,Never Accepted,No Acceptance
75702.0,1,1,77,650,28,353,45,42,30,5,4,6,11,8,0,0,0,0,0,0,3,11,0,53,2828,0,0,0,1,0,0,0,1,0,0,1118,1088,0,Senior (46-60),High Income,Inactive (>60d),Gold Spender,Large Family (>1 Kid),Together,Graduation,Long-term Member,Wines,1148,0,Never Accepted,No Acceptance
30899.0,1,0,35,24,0,8,0,0,1,2,1,0,3,6,0,0,0,0,0,0,3,11,0,46,2783,0,0,1,0,0,0,0,0,0,1,32,31,0,Senior (46-60),Low Income,At-Risk (31-60d),Bronze Spender,Small Family (1 Kid),Single,PhD,Long-term Member,Wines,33,0,Never Accepted,No Acceptance
63342.0,0,1,48,918,21,118,13,10,21,3,8,3,5,6,0,1,0,0,0,0,3,11,0,59,2780,0,0,0,1,0,0,0,0,0,1,1080,1059,1,Senior (46-60),High Income,At-Risk (31-60d),Gold Spender,Small Family (1 Kid),Together,PhD,Long-term Member,Wines,1101,1,Occasional Responder,Campaign 4
45989.0,0,1,97,138,33,87,28,24,12,4,3,2,7,3,0,0,0,0,0,0,3,11,0,56,2774,0,0,1,0,0,0,0,1,0,0,310,298,0,Senior (46-60),Medium Income,Inactive (>60d),Silver Spender,Small Family (1 Kid),Single,Graduation,Long-term Member,Wines,322,0,Never Accepted,No Acceptance
18701.0,1,1,95,12,4,2,10,6,10,4,2,0,4,5,0,0,0,0,0,0,3,11,0,56,2549,0,0,1,0,0,0,0,1,0,0,34,24,0,Senior (46-60),Low Income,Inactive (>60d),Bronze Spender,Large Family (>1 Kid),Single,Graduation,Established,Wines,44,0,Never Accepted,No Acceptance
40737.0,2,1,24,11,0,4,0,0,2,1,1,0,2,8,0,0,0,0,0,0,3,11,0,63,2362,0,0,1,0,0,0,0,0,0,1,15,13,0,Elderly (>60),Medium Income,Active (0-30d),Bronze Spender,Large Family (>1 Kid),Single,PhD,New Member,Wines,17,0,Never Accepted,No Acceptance
15287.0,1,0,60,1,2,8,4,3,13,2,1,1,2,7,1,0,0,0,0,0,3,11,1,41,2786,1,0,0,0,0,0,0,1,0,0,18,5,1,Middle-Aged (31-45),Low Income,At-Risk (31-60d),Bronze Spender,Small Family (1 Kid),Divorced,Graduation,Long-term Member,GoldProds,31,1,Occasional Responder,Campaign 3
69674.0,0,2,46,554,41,215,11,0,24,3,10,2,10,5,0,0,0,0,0,0,3,11,0,52,2562,1,0,0,0,0,0,0,0,0,1,821,797,0,Senior (46-60),High Income,At-Risk (31-60d),Gold Spender,Large Family (>1 Kid),Divorced,PhD,Established,Wines,845,0,Never Accepted,No Acceptance
44159.0,1,0,85,167,2,62,24,13,7,4,4,1,6,5,0,0,0,0,0,0,3,11,0,50,2171,0,1,0,0,0,0,0,0,1,0,268,261,0,Senior (46-60),Medium Income,Inactive (>60d),Silver Spender,Small Family (1 Kid),Married,Master,New Member,Wines,275,0,Never Accepted,No Acceptance
37717.0,1,0,31,9,0,6,4,1,5,1,1,0,2,9,0,0,0,0,0,0,3,11,0,42,2742,0,1,0,0,0,0,0,0,0,1,20,15,0,Middle-Aged (31-45),Low Income,At-Risk (31-60d),Bronze Spender,Small Family (1 Kid),Married,PhD,Long-term Member,Wines,25,0,Never Accepted,No Acceptance
43776.0,1,1,9,177,2,71,3,2,20,6,5,2,4,8,0,0,0,0,0,0,3,11,1,68,2670,0,0,0,1,0,0,0,0,1,0,255,235,0,Elderly (>60),Medium Income,Active (0-30d),Silver Spender,Large Family (>1 Kid),Together,Master,Long-term Member,Wines,275,0,Never Accepted,No Acceptance
38179.0,1,1,30,38,4,22,4,2,20,4,3,1,3,7,0,0,0,0,0,0,3,11,0,54,2631,0,1,0,0,0,0,0,0,1,0,70,50,0,Senior (46-60),Low Income,Active (0-30d),Bronze Spender,Large Family (>1 Kid),Married,Master,Long-term Member,Wines,90,0,Never Accepted,No Acceptance
80124.0,0,0,47,483,84,398,205,84,241,1,3,7,8,1,1,0,0,0,0,0,3,11,0,57,2162,0,1,0,0,0,0,0,1,0,0,1254,1013,1,Senior (46-60),High Income,At-Risk (31-60d),Gold Spender,No Children,Married,Graduation,New Member,Wines,1495,1,Occasional Responder,Campaign 3
38097.0,1,1,70,77,2,35,0,1,69,4,3,2,2,7,1,0,0,0,0,0,3,11,1,50,2781,0,1,0,0,0,0,0,0,0,1,115,46,1,Senior (46-60),Low Income,Inactive (>60d),Silver Spender,Large Family (>1 Kid),Married,PhD,Long-term Member,Wines,184,1,Occasional Responder,Campaign 3
72940.0,0,0,13,182,74,298,162,149,116,1,3,3,6,1,0,0,0,0,0,0,3,11,0,50,2534,0,1,0,0,0,0,0,1,0,0,865,749,0,Senior (46-60),High Income,Active (0-30d),Gold Spender,No Children,Married,Graduation,Established,MeatProducts,981,0,Never Accepted,No Acceptance
22070.0,1,0,11,10,7,19,8,2,21,2,2,2,2,6,0,0,0,0,0,0,3,11,0,50,2427,0,0,0,1,0,0,0,1,0,0,46,25,0,Senior (46-60),Low Income,Active (0-30d),Bronze Spender,Small Family (1 Kid),Together,Graduation,Established,GoldProds,67,0,Never Accepted,No Acceptance
69267.0,0,0,31,778,44,499,95,73,146,2,3,4,5,7,0,0,0,0,0,0,3,11,1,67,2804,0,0,1,0,0,0,0,1,0,0,1489,1343,0,Elderly (>60),High Income,At-Risk (31-60d),Gold Spender,No Children,Single,Graduation,Long-term Member,Wines,1635,0,Never Accepted,No Acceptance
31788.0,1,0,15,16,7,23,0,8,6,3,3,0,4,5,0,0,0,0,0,1,3,11,0,37,2260,0,0,1,0,0,0,0,0,1,0,54,48,0,Middle-Aged (31-45),Low Income,Active (0-30d),Bronze Spender,Small Family (1 Kid),Single,Master,New Member,MeatProducts,60,0,Never Accepted,No Acceptance
61905.0,0,1,2,167,0,43,6,2,13,2,4,2,4,5,0,0,0,0,0,0,3,11,0,45,2304,0,0,0,1,0,0,0,0,0,1,218,205,0,Middle-Aged (31-45),Medium Income,Active (0-30d),Silver Spender,Small Family (1 Kid),Together,PhD,New Member,Wines,231,0,Never Accepted,No Acceptance
29315.0,1,1,55,13,2,14,8,7,4,4,2,0,4,6,0,0,0,0,0,0,3,11,0,60,2243,0,1,0,0,0,0,0,1,0,0,44,40,0,Senior (46-60),Low Income,At-Risk (31-60d),Bronze Spender,Large Family (>1 Kid),Married,Graduation,New Member,MeatProducts,48,0,Never Accepted,No Acceptance
33378.0,1,1,38,33,6,40,3,7,10,3,2,0,4,7,0,0,0,0,0,0,3,11,0,57,2667,1,0,0,0,0,0,0,1,0,0,89,79,0,Senior (46-60),Low Income,At-Risk (31-60d),Bronze Spender,Large Family (>1 Kid),Divorced,Graduation,Long-term Member,MeatProducts,99,0,Never Accepted,No Acceptance
66313.0,0,1,86,625,7,99,10,22,7,2,6,3,12,4,0,0,0,0,0,0,3,11,0,57,2445,0,0,0,1,0,0,0,0,0,1,763,756,0,Senior (46-60),High Income,Inactive (>60d),Gold Spender,Small Family (1 Kid),Together,PhD,Established,Wines,770,0,Never Accepted,No Acceptance
60714.0,0,0,56,216,162,224,101,92,162,2,7,4,10,5,0,0,0,0,0,0,3,11,1,64,2687,0,0,1,0,0,0,0,1,0,0,795,633,0,Elderly (>60),Medium Income,At-Risk (31-60d),Gold Spender,No Children,Single,Graduation,Long-term Member,MeatProducts,957,0,Never Accepted,No Acceptance
77882.0,0,0,29,68,129,396,188,22,15,1,3,3,5,1,0,0,0,0,0,0,3,11,0,39,2219,0,0,0,1,0,0,0,0,1,0,803,788,0,Middle-Aged (31-45),High Income,Active (0-30d),Gold Spender,No Children,Together,Master,New Member,MeatProducts,818,0,Never Accepted,No Acceptance
69867.0,0,0,30,196,0,512,33,130,54,1,3,5,8,1,0,0,0,1,0,0,3,11,1,34,2612,0,0,1,0,0,0,0,0,0,1,871,817,1,Middle-Aged (31-45),High Income,Active (0-30d),Gold Spender,No Children,Single,PhD,Established,MeatProducts,925,1,Occasional Responder,Campaign 1
63841.0,0,1,64,635,15,100,20,7,131,1,9,3,9,6,0,0,0,0,0,0,3,11,0,52,2593,1,0,0,0,0,0,0,0,1,0,777,646,0,Senior (46-60),High Income,Inactive (>60d),Gold Spender,Small Family (1 Kid),Divorced,Master,Established,Wines,908,0,Never Accepted,No Acceptance
24480.0,1,0,46,4,19,9,28,25,17,3,3,0,4,7,0,0,0,0,0,0,3,11,0,39,2662,0,1,0,0,0,0,1,0,0,0,85,68,0,Middle-Aged (31-45),Low Income,At-Risk (31-60d),Bronze Spender,Small Family (1 Kid),Married,Basic,Long-term Member,FishProducts,102,0,Never Accepted,No Acceptance
51369.0,0,1,84,297,7,79,0,11,182,2,8,2,4,8,0,0,0,0,0,0,3,11,0,44,2771,0,0,0,1,0,0,0,1,0,0,394,212,0,Middle-Aged (31-45),Medium Income,Inactive (>60d),Silver Spender,Small Family (1 Kid),Together,Graduation,Long-term Member,Wines,576,0,Never Accepted,No Acceptance
37760.0,0,0,20,84,5,38,150,12,28,2,4,1,6,7,0,0,0,0,0,0,3,11,0,74,2826,0,0,0,1,0,0,0,1,0,0,289,261,0,Elderly (>60),Low Income,Active (0-30d),Silver Spender,No Children,Together,Graduation,Long-term Member,FishProducts,317,0,Never Accepted,No Acceptance
65640.0,0,1,74,204,7,149,20,15,66,1,5,1,8,2,0,0,0,0,0,0,3,11,0,46,2279,0,0,0,1,0,0,0,0,0,1,395,329,0,Senior (46-60),High Income,Inactive (>60d),Silver Spender,Small Family (1 Kid),Together,PhD,New Member,Wines,461,0,Never Accepted,No Acceptance
44319.0,1,1,18,26,0,8,0,0,3,2,2,0,3,5,0,0,0,0,0,0,3,11,0,45,2232,0,1,0,0,0,0,0,0,1,0,34,31,0,Middle-Aged (31-45),Medium Income,Active (0-30d),Bronze Spender,Large Family (>1 Kid),Married,Master,New Member,Wines,37,0,Never Accepted,No Acceptance
30631.0,1,0,75,15,6,20,4,5,20,1,3,1,2,7,0,0,0,0,0,0,3,11,0,46,2511,0,1,0,0,0,0,0,1,0,0,50,30,0,Senior (46-60),Low Income,Inactive (>60d),Bronze Spender,Small Family (1 Kid),Married,Graduation,Established,MeatProducts,70,0,Never Accepted,No Acceptance
75278.0,0,0,17,304,98,230,150,74,74,1,6,3,13,3,0,0,0,0,0,0,3,11,0,68,2675,0,0,0,1,0,0,0,1,0,0,856,782,0,Elderly (>60),High Income,Active (0-30d),Gold Spender,No Children,Together,Graduation,Long-term Member,Wines,930,0,Never Accepted,No Acceptance
50898.0,1,1,88,285,28,242,55,114,135,13,6,2,12,5,0,0,0,0,0,0,3,11,0,64,2696,0,0,0,1,0,0,0,0,1,0,724,589,0,Elderly (>60),Medium Income,Inactive (>60d),Silver Spender,Large Family (>1 Kid),Together,Master,Long-term Member,Wines,859,0,Never Accepted,No Acceptance
79946.0,0,0,19,395,183,565,166,141,28,1,5,11,5,3,0,0,0,0,0,0,3,11,0,54,2207,0,0,0,0,1,0,0,1,0,0,1450,1422,0,Senior (46-60),High Income,Active (0-30d),Gold Spender,No Children,Widow,Graduation,New Member,MeatProducts,1478,0,Never Accepted,No Acceptance
35416.0,0,0,62,248,3,81,4,3,51,3,7,1,5,8,0,0,0,0,0,0,3,11,0,71,2540,1,0,0,0,0,0,0,0,1,0,339,288,0,Elderly (>60),Low Income,Inactive (>60d),Silver Spender,No Children,Divorced,Master,Established,Wines,390,0,Never Accepted,No Acceptance
32414.0,0,0,11,20,6,5,0,9,12,1,1,0,3,7,1,0,0,0,0,0,3,11,0,36,2519,0,0,0,1,0,1,0,0,0,0,40,28,1,Middle-Aged (31-45),Low Income,Active (0-30d),Bronze Spender,No Children,Together,2n Cycle,Established,Wines,52,1,Occasional Responder,Campaign 3
38361.0,1,0,74,39,0,56,20,8,14,3,3,1,3,7,0,0,0,0,0,0,3,11,0,51,2343,0,0,0,1,0,0,0,1,0,0,123,109,0,Senior (46-60),Low Income,Inactive (>60d),Silver Spender,Small Family (1 Kid),Together,Graduation,New Member,MeatProducts,137,0,Never Accepted,No Acceptance
82497.0,0,0,32,777,129,573,216,21,203,1,2,7,9,4,0,0,1,0,0,0,3,11,0,40,2765,0,1,0,0,0,0,0,1,0,0,1716,1513,1,Middle-Aged (31-45),High Income,At-Risk (31-60d),Gold Spender,No Children,Married,Graduation,Long-term Member,Wines,1919,1,Occasional Responder,Campaign 5
16626.0,2,0,76,8,3,22,21,1,13,3,3,0,3,9,0,0,0,0,0,0,3,11,0,49,2324,0,0,0,1,0,0,0,1,0,0,55,42,0,Senior (46-60),Low Income,Inactive (>60d),Bronze Spender,Large Family (>1 Kid),Together,Graduation,New Member,MeatProducts,68,0,Never Accepted,No Acceptance
29672.0,1,1,6,9,1,3,0,4,8,1,0,0,3,6,0,0,0,0,0,0,3,11,0,55,2633,0,0,0,1,0,0,0,1,0,0,17,9,0,Senior (46-60),Low Income,Active (0-30d),Bronze Spender,Large Family (>1 Kid),Together,Graduation,Long-term Member,Wines,25,0,Never Accepted,No Acceptance
55951.0,0,1,62,1241,0,80,0,13,40,3,3,6,11,8,0,1,0,0,1,0,3,11,0,68,2834,0,0,0,1,0,0,0,0,1,0,1334,1294,2,Elderly (>60),Medium Income,Inactive (>60d),Gold Spender,Small Family (1 Kid),Together,Master,Long-term Member,Wines,1374,2,Occasional Responder,Campaign 2
35388.0,1,0,20,6,4,7,4,3,8,1,1,0,3,7,0,0,0,0,0,0,3,11,0,32,2638,1,0,0,0,0,1,0,0,0,0,24,16,0,Middle-Aged (31-45),Low Income,Active (0-30d),Bronze Spender,Small Family (1 Kid),Divorced,2n Cycle,Long-term Member,GoldProds,32,0,Never Accepted,No Acceptance
42386.0,1,0,43,65,4,16,0,4,11,1,3,0,3,8,0,0,0,0,0,0,3,11,0,34,2691,0,0,0,1,0,0,0,0,1,0,89,78,0,Middle-Aged (31-45),Medium Income,At-Risk (31-60d),Bronze Spender,Small Family (1 Kid),Together,Master,Long-term Member,Wines,100,0,Never Accepted,No Acceptance
68627.0,0,0,45,395,15,263,60,54,38,1,2,3,6,1,0,0,0,0,0,0,3,11,0,38,2692,0,0,1,0,0,0,0,1,0,0,787,749,0,Middle-Aged (31-45),High Income,At-Risk (31-60d),Gold Spender,No Children,Single,Graduation,Long-term Member,Wines,825,0,Never Accepted,No Acceptance
57912.0,0,1,34,801,0,80,0,0,35,5,8,3,12,5,0,1,0,0,0,0,3,11,0,55,2263,1,0,0,0,0,0,0,0,0,1,881,846,1,Senior (46-60),Medium Income,At-Risk (31-60d),Gold Spender,Small Family (1 Kid),Divorced,PhD,New Member,Wines,916,1,Occasional Responder,Campaign 4
35246.0,1,1,53,36,0,12,2,2,10,4,3,1,3,5,0,0,0,0,0,0,3,11,0,62,2233,1,0,0,0,0,0,0,1,0,0,52,42,0,Elderly (>60),Low Income,At-Risk (31-60d),Bronze Spender,Large Family (>1 Kid),Divorced,Graduation,New Member,Wines,62,0,Never Accepted,No Acceptance
58821.0,0,1,44,513,14,154,19,0,28,1,9,2,9,6,0,0,0,0,0,0,3,11,0,64,2419,0,0,0,1,0,1,0,0,0,0,700,672,0,Elderly (>60),Medium Income,At-Risk (31-60d),Silver Spender,Small Family (1 Kid),Together,2n Cycle,Established,Wines,728,0,Never Accepted,No Acceptance
46377.0,1,0,89,37,0,46,4,3,0,1,2,1,3,4,0,0,0,0,0,0,3,11,0,42,2279,0,1,0,0,0,0,0,0,0,1,90,90,0,Middle-Aged (31-45),Medium Income,Inactive (>60d),Bronze Spender,Small Family (1 Kid),Married,PhD,New Member,MeatProducts,90,0,Never Accepted,No Acceptance
39747.0,1,0,43,80,15,93,20,13,52,3,5,1,4,8,0,0,0,0,0,0,3,11,0,32,2236,0,0,1,0,0,0,0,1,0,0,221,169,0,Middle-Aged (31-45),Low Income,At-Risk (31-60d),Silver Spender,Small Family (1 Kid),Single,Graduation,New Member,MeatProducts,273,0,Never Accepted,No Acceptance
23976.0,1,0,68,14,1,21,2,3,25,3,3,1,3,7,0,0,0,0,0,0,3,11,0,36,2343,0,0,0,1,0,0,0,1,0,0,41,16,0,Middle-Aged (31-45),Low Income,Inactive (>60d),Bronze Spender,Small Family (1 Kid),Together,Graduation,New Member,GoldProds,66,0,Never Accepted,No Acceptance
80950.0,0,0,44,525,147,112,219,147,63,1,6,7,9,2,0,0,0,1,0,0,3,11,0,59,2617,0,1,0,0,0,0,0,0,1,0,1150,1087,1,Senior (46-60),High Income,At-Risk (31-60d),Gold Spender,No Children,Married,Master,Established,Wines,1213,1,Occasional Responder,Campaign 1
27038.0,0,0,64,1,26,25,17,23,15,1,3,0,3,9,0,0,0,0,0,0,3,11,1,54,2808,0,0,0,0,1,0,0,1,0,0,92,77,0,Senior (46-60),Low Income,Inactive (>60d),Silver Spender,No Children,Widow,Graduation,Long-term Member,Fruits,107,0,Never Accepted,No Acceptance
77457.0,0,0,85,675,11,400,15,45,11,1,2,5,10,1,0,0,1,0,0,0,3,11,0,73,2275,0,0,1,0,0,0,0,1,0,0,1146,1135,1,Elderly (>60),High Income,Inactive (>60d),Gold Spender,No Children,Single,Graduation,New Member,Wines,1157,1,Occasional Responder,Campaign 5
64100.0,0,1,93,509,0,27,0,0,10,1,8,3,6,7,0,1,0,0,0,0,3,11,0,56,2451,0,1,0,0,0,0,0,0,1,0,536,526,1,Senior (46-60),High Income,Inactive (>60d),Silver Spender,Small Family (1 Kid),Married,Master,Established,Wines,546,1,Occasional Responder,Campaign 4
42670.0,0,0,12,154,2,46,20,4,15,1,4,2,4,4,0,0,0,0,0,0,3,11,0,28,2587,0,0,0,1,0,0,0,0,1,0,226,211,0,Young Adult (<30),Medium Income,Active (0-30d),Silver Spender,No Children,Together,Master,Established,Wines,241,0,Never Accepted,No Acceptance
12571.0,1,0,86,3,5,14,2,12,17,4,3,1,3,6,0,0,0,0,0,0,3,11,0,44,2321,1,0,0,0,0,0,0,1,0,0,36,19,0,Middle-Aged (31-45),Low Income,Inactive (>60d),Bronze Spender,Small Family (1 Kid),Divorced,Graduation,New Member,GoldProds,53,0,Never Accepted,No Acceptance
22574.0,2,1,28,25,0,8,2,0,2,2,2,0,3,7,0,0,0,0,0,0,3,11,0,53,2403,0,1,0,0,0,0,0,1,0,0,35,33,0,Senior (46-60),Low Income,Active (0-30d),Bronze Spender,Large Family (>1 Kid),Married,Graduation,New Member,Wines,37,0,Never Accepted,No Acceptance
70893.0,0,0,42,768,44,561,77,44,14,1,6,6,10,3,0,0,0,0,0,0,3,11,0,44,2667,0,0,1,0,0,0,0,0,1,0,1494,1480,0,Middle-Aged (31-45),High Income,At-Risk (31-60d),Gold Spender,No Children,Single,Master,Long-term Member,Wines,1508,0,Never Accepted,No Acceptance
54198.0,1,1,13,185,0,28,3,2,17,6,3,1,6,4,0,0,0,0,0,0,3,11,0,54,2353,0,1,0,0,0,0,0,1,0,0,218,201,0,Senior (46-60),Medium Income,Active (0-30d),Silver Spender,Large Family (>1 Kid),Married,Graduation,New Member,Wines,235,0,Never Accepted,No Acceptance
28839.0,1,1,86,24,0,7,0,0,1,2,2,0,3,5,0,0,0,0,0,0,3,11,0,64,2269,0,0,0,1,0,0,0,0,1,0,31,30,0,Elderly (>60),Low Income,Inactive (>60d),Bronze Spender,Large Family (>1 Kid),Together,Master,New Member,Wines,32,0,Never Accepted,No Acceptance
40321.0,1,1,59,44,4,21,6,0,27,2,3,0,3,7,0,0,0,0,0,0,3,11,0,48,2494,0,1,0,0,0,0,0,1,0,0,75,48,0,Senior (46-60),Medium Income,At-Risk (31-60d),Bronze Spender,Large Family (>1 Kid),Married,Graduation,Established,Wines,102,0,Never Accepted,No Acceptance
66503.0,1,0,30,91,64,128,65,3,50,2,4,3,6,3,0,0,0,0,0,0,3,11,0,35,2843,0,0,1,0,0,0,0,1,0,0,351,301,0,Middle-Aged (31-45),High Income,Active (0-30d),Silver Spender,Small Family (1 Kid),Single,Graduation,Long-term Member,MeatProducts,401,0,Never Accepted,No Acceptance
30833.0,1,1,33,11,0,7,3,1,6,2,1,0,3,5,0,0,0,0,0,0,3,11,0,69,2507,0,1,0,0,0,0,0,1,0,0,22,16,0,Elderly (>60),Low Income,At-Risk (31-60d),Bronze Spender,Large Family (>1 Kid),Married,Graduation,Established,Wines,28,0,Never Accepted,No Acceptance
64795.0,0,1,23,412,5,119,38,29,77,3,3,3,12,2,0,0,0,0,0,0,3,11,0,49,2687,0,1,0,0,0,0,0,1,0,0,603,526,0,Senior (46-60),High Income,Active (0-30d),Silver Spender,Small Family (1 Kid),Married,Graduation,Long-term Member,Wines,680,0,Never Accepted,No Acceptance
34421.0,1,0,81,3,3,7,6,2,9,1,1,0,2,7,0,0,0,0,0,0,3,11,0,46,2522,0,1,0,0,0,0,0,1,0,0,21,12,0,Senior (46-60),Low Income,Inactive (>60d),Bronze Spender,Small Family (1 Kid),Married,Graduation,Established,GoldProds,30,0,Never Accepted,No Acceptance
47025.0,1,1,6,16,0,3,0,0,1,1,1,0,2,7,0,0,0,0,0,0,3,11,0,55,2299,1,0,0,0,0,0,0,0,0,1,19,18,0,Senior (46-60),Medium Income,Active (0-30d),Bronze Spender,Large Family (>1 Kid),Divorced,PhD,New Member,Wines,20,0,Never Accepted,No Acceptance
64325.0,0,1,41,731,60,353,78,12,73,5,10,3,5,7,0,0,0,0,0,0,3,11,0,59,2666,1,0,0,0,0,0,0,0,0,1,1234,1161,0,Senior (46-60),High Income,At-Risk (31-60d),Gold Spender,Small Family (1 Kid),Divorced,PhD,Long-term Member,Wines,1307,0,Never Accepted,No Acceptance
40464.0,0,1,78,424,17,118,7,23,41,6,8,2,8,8,0,0,0,0,0,0,3,11,0,67,2693,0,0,1,0,0,0,0,1,0,0,589,548,0,Elderly (>60),Medium Income,Inactive (>60d),Silver Spender,Small Family (1 Kid),Single,Graduation,Long-term Member,Wines,630,0,Never Accepted,No Acceptance
62187.0,0,0,49,792,0,275,45,45,126,1,4,8,5,3,0,0,0,0,0,0,3,11,0,63,2518,0,1,0,0,0,0,0,1,0,0,1157,1031,0,Elderly (>60),Medium Income,At-Risk (31-60d),Gold Spender,No Children,Married,Graduation,Established,Wines,1283,0,Never Accepted,No Acceptance
14849.0,1,0,39,21,2,28,3,2,9,3,2,0,4,8,0,0,0,0,0,0,3,11,0,44,2521,1,0,0,0,0,0,0,0,0,1,56,47,0,Middle-Aged (31-45),Low Income,At-Risk (31-60d),Bronze Spender,Small Family (1 Kid),Divorced,PhD,Established,MeatProducts,65,0,Never Accepted,No Acceptance
27255.0,1,0,3,22,1,11,0,1,2,1,1,0,3,7,0,0,0,0,0,0,3,11,0,36,2393,0,1,0,0,0,0,0,1,0,0,35,33,0,Middle-Aged (31-45),Low Income,Active (0-30d),Bronze Spender,Small Family (1 Kid),Married,Graduation,New Member,Wines,37,0,Never Accepted,No Acceptance
54432.0,2,1,37,33,0,5,0,0,0,1,1,0,3,4,0,0,0,0,0,0,3,11,0,70,2575,0,1,0,0,0,0,0,0,0,1,38,38,0,Elderly (>60),Medium Income,At-Risk (31-60d),Bronze Spender,Large Family (>1 Kid),Married,PhD,Established,Wines,38,0,Never Accepted,No Acceptance
29999.0,1,0,22,68,7,59,10,5,11,4,3,1,4,8,0,0,0,0,0,0,3,11,0,34,2660,0,0,1,0,0,0,0,0,0,1,149,138,0,Middle-Aged (31-45),Low Income,Active (0-30d),Silver Spender,Small Family (1 Kid),Single,PhD,Long-term Member,Wines,160,0,Never Accepted,No Acceptance
24072.0,1,0,79,9,1,6,3,0,4,1,1,0,2,8,0,0,0,0,0,0,3,11,0,37,2598,0,0,1,0,0,0,0,1,0,0,19,15,0,Middle-Aged (31-45),Low Income,Inactive (>60d),Bronze Spender,Small Family (1 Kid),Single,Graduation,Established,Wines,23,0,Never Accepted,No Acceptance
33996.0,0,0,46,40,2,15,8,0,6,1,1,1,3,4,0,0,0,0,0,0,3,11,0,31,2450,0,0,1,0,0,0,0,0,0,1,65,59,0,Middle-Aged (31-45),Low Income,At-Risk (31-60d),Bronze Spender,No Children,Single,PhD,Established,Wines,71,0,Never Accepted,No Acceptance
66334.0,0,1,82,909,11,218,0,0,23,2,9,3,5,5,0,0,0,0,0,0,3,11,1,64,2611,0,1,0,0,0,0,0,0,0,1,1138,1115,0,Elderly (>60),High Income,Inactive (>60d),Gold Spender,Small Family (1 Kid),Married,PhD,Established,Wines,1161,0,Never Accepted,No Acceptance
35178.0,1,0,10,23,1,13,2,2,18,1,1,1,2,7,1,0,0,0,0,0,3,11,1,49,2694,0,1,0,0,0,0,0,0,1,0,41,23,1,Senior (46-60),Low Income,Active (0-30d),Bronze Spender,Small Family (1 Kid),Married,Master,Long-term Member,Wines,59,1,Occasional Responder,Campaign 3
22010.0,1,0,51,11,2,9,3,0,8,2,2,0,3,8,0,0,0,0,0,0,3,11,0,37,2523,0,0,0,1,0,0,0,1,0,0,25,17,0,Middle-Aged (31-45),Low Income,At-Risk (31-60d),Bronze Spender,Small Family (1 Kid),Together,Graduation,Established,Wines,33,0,Never Accepted,No Acceptance
62204.0,0,2,38,317,46,247,151,46,139,1,4,5,12,3,0,0,0,0,0,0,3,11,0,60,2814,1,0,0,0,0,0,0,1,0,0,807,668,0,Senior (46-60),Medium Income,At-Risk (31-60d),Gold Spender,Large Family (>1 Kid),Divorced,Graduation,Long-term Member,Wines,946,0,Never Accepted,No Acceptance
75693.0,0,0,10,797,153,293,72,97,30,1,11,4,6,4,0,1,1,1,0,0,3,11,1,52,2729,1,0,0,0,0,0,0,1,0,0,1412,1382,3,Senior (46-60),High Income,Active (0-30d),Gold Spender,No Children,Divorced,Graduation,Long-term Member,Wines,1442,3,Campaign Enthusiast,Campaign 1
30675.0,1,0,14,10,2,16,11,2,21,1,1,0,3,8,0,0,0,0,0,0,3,11,0,48,2753,0,1,0,0,0,0,0,1,0,0,41,20,0,Senior (46-60),Low Income,Active (0-30d),Bronze Spender,Small Family (1 Kid),Married,Graduation,Long-term Member,GoldProds,62,0,Never Accepted,No Acceptance
83003.0,0,0,18,856,61,570,40,25,122,1,7,6,8,3,0,0,1,0,0,0,3,11,1,55,2642,0,0,0,1,0,0,0,1,0,0,1552,1430,1,Senior (46-60),High Income,Active (0-30d),Gold Spender,No Children,Together,Graduation,Long-term Member,Wines,1674,1,Occasional Responder,Campaign 5
68655.0,0,0,95,456,19,832,75,118,38,1,4,5,11,3,0,0,0,0,0,0,3,11,0,32,2847,0,0,1,0,0,0,0,1,0,0,1500,1462,0,Middle-Aged (31-45),High Income,Inactive (>60d),Gold Spender,No Children,Single,Graduation,Long-term Member,MeatProducts,1538,0,Never Accepted,No Acceptance
41411.0,0,0,11,37,32,38,11,3,18,1,2,1,4,6,0,0,0,0,0,0,3,11,0,34,2363,1,0,0,0,0,0,0,1,0,0,121,103,0,Middle-Aged (31-45),Medium Income,Active (0-30d),Silver Spender,No Children,Divorced,Graduation,New Member,MeatProducts,139,0,Never Accepted,No Acceptance
55212.0,0,1,65,1103,0,45,0,0,34,3,4,2,11,8,0,1,0,0,1,0,3,11,0,51,2742,0,1,0,0,0,0,0,0,0,1,1148,1114,2,Senior (46-60),Medium Income,Inactive (>60d),Gold Spender,Small Family (1 Kid),Married,PhD,Long-term Member,Wines,1182,2,Occasional Responder,Campaign 2
59292.0,0,1,71,378,14,68,19,14,14,2,3,5,8,3,0,0,0,0,0,0,3,11,0,70,2540,0,0,0,1,0,0,0,0,0,1,493,479,0,Elderly (>60),Medium Income,Inactive (>60d),Silver Spender,Small Family (1 Kid),Together,PhD,Established,Wines,507,0,Never Accepted,No Acceptance
27190.0,1,0,13,1,6,7,0,1,3,1,1,0,2,8,1,0,0,0,0,0,3,11,1,47,2477,0,0,0,1,0,0,1,0,0,0,15,12,1,Senior (46-60),Low Income,Active (0-30d),Bronze Spender,Small Family (1 Kid),Together,Basic,Established,MeatProducts,18,1,Occasional Responder,Campaign 3
82623.0,0,0,58,204,34,204,172,153,173,1,2,9,4,1,0,0,0,0,0,0,3,11,0,68,2390,1,0,0,0,0,0,0,1,0,0,767,594,0,Elderly (>60),High Income,At-Risk (31-60d),Gold Spender,No Children,Divorced,Graduation,New Member,Wines,940,0,Never Accepted,No Acceptance
44300.0,1,1,65,30,0,9,0,0,3,2,1,0,3,6,0,0,0,0,0,0,3,11,0,55,2530,0,1,0,0,0,0,0,1,0,0,39,36,0,Senior (46-60),Medium Income,Inactive (>60d),Bronze Spender,Large Family (>1 Kid),Married,Graduation,Established,Wines,42,0,Never Accepted,No Acceptance
84835.0,0,0,0,189,104,379,111,189,218,1,4,4,6,1,0,0,0,0,0,0,3,11,1,50,2172,1,0,0,0,0,0,0,1,0,0,972,754,0,Senior (46-60),High Income,Active (0-30d),Gold Spender,No Children,Divorced,Graduation,New Member,MeatProducts,1190,0,Never Accepted,No Acceptance
30372.0,1,1,33,15,0,12,7,3,7,3,2,0,3,7,0,0,0,0,0,0,3,11,0,49,2710,0,0,0,0,1,0,0,1,0,0,37,30,0,Senior (46-60),Low Income,At-Risk (31-60d),Bronze Spender,Large Family (>1 Kid),Widow,Graduation,Long-term Member,Wines,44,0,Never Accepted,No Acceptance
33181.0,1,0,90,9,0,3,0,0,4,1,1,0,2,6,1,0,0,0,0,0,3,11,0,44,2336,0,1,0,0,0,0,0,0,1,0,12,8,1,Middle-Aged (31-45),Low Income,Inactive (>60d),Bronze Spender,Small Family (1 Kid),Married,Master,New Member,Wines,16,1,Occasional Responder,Campaign 3
71113.0,0,1,95,495,33,255,11,33,8,4,6,7,9,4,0,0,0,0,0,0,3,11,0,63,2353,0,1,0,0,0,0,0,1,0,0,827,819,0,Elderly (>60),High Income,Inactive (>60d),Gold Spender,Small Family (1 Kid),Married,Graduation,New Member,Wines,835,0,Never Accepted,No Acceptance
71952.0,1,0,93,656,80,455,52,107,93,2,8,4,8,4,1,0,1,0,0,0,3,11,0,34,2694,0,1,0,0,0,0,0,1,0,0,1350,1257,2,Middle-Aged (31-45),High Income,Inactive (>60d),Gold Spender,Small Family (1 Kid),Married,Graduation,Long-term Member,Wines,1443,2,Occasional Responder,Campaign 3
69759.0,0,0,38,452,20,514,13,30,0,3,4,6,5,3,0,0,0,0,0,0,3,11,1,54,2403,0,0,1,0,0,0,0,0,0,1,1029,1029,0,Senior (46-60),High Income,At-Risk (31-60d),Gold Spender,No Children,Single,PhD,New Member,MeatProducts,1029,0,Never Accepted,No Acceptance
72099.0,0,0,18,546,91,410,119,0,22,1,3,4,10,1,0,0,0,0,0,0,3,11,0,46,2769,0,1,0,0,0,0,0,1,0,0,1166,1144,0,Senior (46-60),High Income,Active (0-30d),Gold Spender,No Children,Married,Graduation,Long-term Member,Wines,1188,0,Never Accepted,No Acceptance
60000.0,0,1,57,1048,0,217,0,0,12,5,11,3,5,6,0,0,0,0,0,0,3,11,0,44,2713,0,0,1,0,0,0,0,0,0,1,1265,1253,0,Middle-Aged (31-45),Medium Income,At-Risk (31-60d),Gold Spender,Small Family (1 Kid),Single,PhD,Long-term Member,Wines,1277,0,Never Accepted,No Acceptance
38643.0,1,1,45,22,2,14,0,1,10,2,2,0,3,7,0,0,0,0,0,1,3,11,0,42,2371,0,0,1,0,0,0,0,1,0,0,39,29,0,Middle-Aged (31-45),Low Income,At-Risk (31-60d),Bronze Spender,Large Family (>1 Kid),Single,Graduation,New Member,Wines,49,0,Never Accepted,No Acceptance
50737.0,0,1,61,78,0,11,0,0,10,1,2,0,4,6,0,1,0,0,0,0,3,11,0,65,2573,0,1,0,0,0,0,0,1,0,0,89,79,1,Elderly (>60),Medium Income,Inactive (>60d),Bronze Spender,Small Family (1 Kid),Married,Graduation,Established,Wines,99,1,Occasional Responder,Campaign 4
68462.0,0,0,6,561,64,785,84,128,48,1,3,3,8,1,0,0,0,0,0,0,3,11,0,51,2723,0,1,0,0,0,0,0,0,0,1,1622,1574,0,Senior (46-60),High Income,Active (0-30d),Gold Spender,No Children,Married,PhD,Long-term Member,MeatProducts,1670,0,Never Accepted,No Acceptance
65073.0,0,0,65,629,17,177,69,0,8,1,5,3,5,2,0,0,0,0,0,1,3,11,0,77,2472,0,1,0,0,0,0,0,0,1,0,892,884,0,Elderly (>60),High Income,Inactive (>60d),Gold Spender,No Children,Married,Master,Established,Wines,900,0,Never Accepted,No Acceptance
46681.0,0,2,52,269,15,69,15,19,38,2,4,6,4,5,0,0,0,0,0,0,3,11,0,72,2423,0,0,0,1,0,0,0,0,0,1,387,349,0,Elderly (>60),Medium Income,At-Risk (31-60d),Silver Spender,Large Family (>1 Kid),Together,PhD,Established,Wines,425,0,Never Accepted,No Acceptance
78618.0,0,0,87,736,163,818,212,163,61,1,4,7,10,2,0,1,0,0,0,0,3,11,0,63,2798,0,1,0,0,0,0,0,1,0,0,2092,2031,1,Elderly (>60),High Income,Inactive (>60d),Gold Spender,No Children,Married,Graduation,Long-term Member,MeatProducts,2153,1,Occasional Responder,Campaign 4
62187.0,0,1,38,512,0,83,0,0,41,3,6,2,10,4,0,0,0,0,0,0,3,11,0,51,2258,0,0,0,0,1,0,0,0,0,1,595,554,0,Senior (46-60),Medium Income,At-Risk (31-60d),Silver Spender,Small Family (1 Kid),Widow,PhD,New Member,Wines,636,0,Never Accepted,No Acceptance
28442.0,2,0,53,19,3,10,11,8,6,3,2,1,4,4,0,0,0,0,0,0,3,11,0,42,2284,0,1,0,0,0,0,0,1,0,0,51,45,0,Middle-Aged (31-45),Low Income,At-Risk (31-60d),Bronze Spender,Large Family (>1 Kid),Married,Graduation,New Member,Wines,57,0,Never Accepted,No Acceptance
37717.0,1,0,31,9,0,6,4,1,5,1,1,0,2,9,0,0,0,0,0,0,3,11,0,42,2742,0,1,0,0,0,0,0,0,0,1,20,15,0,Middle-Aged (31-45),Low Income,At-Risk (31-60d),Bronze Spender,Small Family (1 Kid),Married,PhD,Long-term Member,Wines,25,0,Never Accepted,No Acceptance
51479.0,1,1,67,247,8,160,6,8,65,7,6,3,6,7,0,0,0,0,0,0,3,11,0,53,2707,0,1,0,0,0,0,0,1,0,0,429,364,0,Senior (46-60),Medium Income,Inactive (>60d),Silver Spender,Large Family (>1 Kid),Married,Graduation,Long-term Member,Wines,494,0,Never Accepted,No Acceptance
54803.0,0,1,65,404,0,92,28,27,142,2,6,2,9,4,0,0,0,0,0,0,3,11,0,51,2836,0,0,1,0,0,0,0,1,0,0,551,409,0,Senior (46-60),Medium Income,Inactive (>60d),Silver Spender,Small Family (1 Kid),Single,Graduation,Long-term Member,Wines,693,0,Never Accepted,No Acceptance
79530.0,0,0,64,333,0,815,129,42,29,1,4,10,11,2,0,0,0,0,0,0,3,11,0,60,2567,0,1,0,0,0,0,0,1,0,0,1319,1290,0,Senior (46-60),High Income,Inactive (>60d),Gold Spender,No Children,Married,Graduation,Established,MeatProducts,1348,0,Never Accepted,No Acceptance
31615.0,1,0,82,2,3,20,6,11,9,2,2,0,3,7,0,0,0,0,0,0,3,11,0,44,2629,1,0,0,0,0,0,0,1,0,0,42,33,0,Middle-Aged (31-45),Low Income,Inactive (>60d),Bronze Spender,Small Family (1 Kid),Divorced,Graduation,Established,MeatProducts,51,0,Never Accepted,No Acceptance
72025.0,0,0,27,833,33,549,151,133,233,1,4,3,8,3,0,0,0,0,0,0,3,11,0,58,2748,0,0,0,1,0,0,0,1,0,0,1699,1466,0,Senior (46-60),High Income,Active (0-30d),Gold Spender,No Children,Together,Graduation,Long-term Member,Wines,1932,0,Never Accepted,No Acceptance
52614.0,0,1,63,789,0,142,12,9,38,2,2,4,8,8,0,0,0,0,0,0,3,11,0,45,2734,0,0,1,0,0,0,0,0,0,1,952,914,0,Middle-Aged (31-45),Medium Income,Inactive (>60d),Gold Spender,Small Family (1 Kid),Single,PhD,Long-term Member,Wines,990,0,Never Accepted,No Acceptance
35684.0,1,0,66,10,4,7,0,6,3,1,1,0,3,6,0,0,0,0,0,0,3,11,0,36,2227,0,1,0,0,0,1,0,0,0,0,27,24,0,Middle-Aged (31-45),Low Income,Inactive (>60d),Bronze Spender,Small Family (1 Kid),Married,2n Cycle,New Member,Wines,30,0,Never Accepted,No Acceptance
48178.0,1,1,69,159,4,45,6,2,38,6,5,1,4,8,0,0,0,0,0,0,3,11,0,45,2768,0,1,0,0,0,0,0,1,0,0,216,178,0,Middle-Aged (31-45),Medium Income,Inactive (>60d),Silver Spender,Large Family (>1 Kid),Married,Graduation,Long-term Member,Wines,254,0,Never Accepted,No Acceptance
29548.0,1,0,52,7,1,6,3,1,11,1,1,1,2,4,1,0,0,0,0,0,3,11,0,50,2463,0,0,1,0,0,0,0,0,1,0,18,7,1,Senior (46-60),Low Income,At-Risk (31-60d),Bronze Spender,Small Family (1 Kid),Single,Master,Established,GoldProds,29,1,Occasional Responder,Campaign 3
63810.0,0,1,45,977,12,253,16,12,101,4,4,3,12,8,0,1,0,0,0,0,3,11,0,54,2754,0,0,1,0,0,0,0,1,0,0,1270,1169,1,Senior (46-60),High Income,At-Risk (31-60d),Gold Spender,Small Family (1 Kid),Single,Graduation,Long-term Member,Wines,1371,1,Occasional Responder,Campaign 4
38578.0,1,1,2,38,4,22,3,3,3,3,3,0,3,8,0,0,0,0,0,0,3,11,1,48,2531,0,0,1,0,0,0,0,0,0,1,70,67,0,Senior (46-60),Low Income,Active (0-30d),Bronze Spender,Large Family (>1 Kid),Single,PhD,Established,Wines,73,0,Never Accepted,No Acceptance
46098.0,1,1,86,57,0,27,0,0,36,4,3,2,2,8,0,0,0,0,0,0,3,11,0,45,2839,0,0,1,0,0,0,0,0,1,0,84,48,0,Middle-Aged (31-45),Medium Income,Inactive (>60d),Bronze Spender,Large Family (>1 Kid),Single,Master,Long-term Member,Wines,120,0,Never Accepted,No Acceptance
22585.0,0,0,23,3,9,15,13,2,39,1,1,1,2,9,1,0,0,0,0,0,3,11,1,50,2627,0,0,1,0,0,0,0,1,0,0,42,3,1,Senior (46-60),Low Income,Active (0-30d),Bronze Spender,No Children,Single,Graduation,Established,GoldProds,81,1,Occasional Responder,Campaign 3
30279.0,1,0,13,10,4,14,4,4,1,1,1,0,3,8,0,0,0,0,0,0,3,11,0,31,2705,0,0,1,0,0,0,0,1,0,0,36,35,0,Middle-Aged (31-45),Low Income,Active (0-30d),Bronze Spender,Small Family (1 Kid),Single,Graduation,Long-term Member,MeatProducts,37,0,Never Accepted,No Acceptance
66426.0,0,1,14,1043,24,97,32,24,157,2,3,5,10,6,0,0,0,0,0,0,3,11,0,59,2429,0,0,0,1,0,0,0,0,0,1,1220,1063,0,Senior (46-60),High Income,Active (0-30d),Gold Spender,Small Family (1 Kid),Together,PhD,Established,Wines,1377,0,Never Accepted,No Acceptance
30822.0,1,0,92,3,9,13,2,12,12,1,1,0,3,7,0,0,0,0,0,0,3,11,0,51,2539,0,0,1,0,0,0,0,1,0,0,39,27,0,Senior (46-60),Low Income,Inactive (>60d),Bronze Spender,Small Family (1 Kid),Single,Graduation,Established,MeatProducts,51,0,Never Accepted,No Acceptance
33581.0,2,0,38,11,0,5,0,0,1,1,1,0,2,8,0,0,0,0,0,0,3,11,0,51,2696,0,1,0,0,0,0,0,0,0,1,16,15,0,Senior (46-60),Low Income,At-Risk (31-60d),Bronze Spender,Large Family (>1 Kid),Married,PhD,Long-term Member,Wines,17,0,Never Accepted,No Acceptance
19986.0,1,0,74,3,6,5,0,2,6,1,0,0,3,7,0,0,0,0,0,0,3,11,0,35,2386,0,1,0,0,0,0,0,1,0,0,16,10,0,Middle-Aged (31-45),Low Income,Inactive (>60d),Bronze Spender,Small Family (1 Kid),Married,Graduation,New Member,Fruits,22,0,Never Accepted,No Acceptance
27421.0,0,0,14,43,12,96,78,40,55,3,4,1,6,7,0,0,0,0,0,0,3,11,0,66,2723,0,0,0,0,1,0,0,1,0,0,269,214,0,Elderly (>60),Low Income,Active (0-30d),Silver Spender,No Children,Widow,Graduation,Long-term Member,MeatProducts,324,0,Never Accepted,No Acceptance
35688.0,2,1,94,73,3,90,12,1,32,7,4,1,4,8,0,0,0,0,0,0,3,11,0,47,2835,0,1,0,0,0,1,0,0,0,0,179,147,0,Senior (46-60),Low Income,Inactive (>60d),Silver Spender,Large Family (>1 Kid),Married,2n Cycle,Long-term Member,MeatProducts,211,0,Never Accepted,No Acceptance
36143.0,1,0,33,12,0,1,0,0,6,1,0,1,2,3,0,0,0,0,0,0,3,11,0,39,2250,0,0,1,0,0,0,0,0,1,0,13,7,0,Middle-Aged (31-45),Low Income,At-Risk (31-60d),Bronze Spender,Small Family (1 Kid),Single,Master,New Member,Wines,19,0,Never Accepted,No Acceptance
10245.0,1,0,32,4,7,7,6,4,13,3,1,2,2,5,0,0,0,0,0,0,3,11,0,49,2569,0,0,1,0,0,0,0,1,0,0,28,15,0,Senior (46-60),Low Income,At-Risk (31-60d),Bronze Spender,Small Family (1 Kid),Single,Graduation,Established,GoldProds,41,0,Never Accepted,No Acceptance
43795.0,0,1,11,314,11,53,4,3,107,3,7,3,4,7,0,1,0,0,0,0,3,11,1,52,2415,0,0,0,1,0,0,0,0,1,0,385,278,1,Senior (46-60),Medium Income,Active (0-30d),Silver Spender,Small Family (1 Kid),Together,Master,Established,Wines,492,1,Occasional Responder,Campaign 4
63381.0,0,1,78,571,50,142,33,50,159,4,4,5,13,2,0,0,0,0,0,0,3,11,0,60,2791,0,0,0,1,0,0,0,1,0,0,846,687,0,Senior (46-60),High Income,Inactive (>60d),Gold Spender,Small Family (1 Kid),Together,Graduation,Long-term Member,Wines,1005,0,Never Accepted,No Acceptance
38823.0,0,1,56,70,0,11,2,8,23,1,2,1,3,6,0,0,0,0,0,0,3,11,0,71,2827,0,0,0,1,0,0,0,1,0,0,91,68,0,Elderly (>60),Low Income,At-Risk (31-60d),Silver Spender,Small Family (1 Kid),Together,Graduation,Long-term Member,Wines,114,0,Never Accepted,No Acceptance
83664.0,1,1,57,866,21,151,28,21,86,3,2,2,12,5,0,0,0,0,0,0,3,11,0,52,2576,1,0,0,0,0,0,0,0,0,1,1087,1001,0,Senior (46-60),High Income,At-Risk (31-60d),Gold Spender,Large Family (>1 Kid),Divorced,PhD,Established,Wines,1173,0,Never Accepted,No Acceptance
90300.0,0,0,7,594,134,786,33,134,57,0,5,6,8,1,0,0,1,0,0,0,3,11,0,41,2336,0,0,0,1,0,0,0,1,0,0,1681,1624,1,Middle-Aged (31-45),High Income,Active (0-30d),Gold Spender,No Children,Together,Graduation,New Member,MeatProducts,1738,1,Occasional Responder,Campaign 5
62499.0,1,0,0,140,4,61,0,13,4,2,3,1,6,4,0,0,0,0,0,0,3,11,0,41,2361,0,0,0,1,0,0,0,0,1,0,218,214,0,Middle-Aged (31-45),Medium Income,Active (0-30d),Silver Spender,Small Family (1 Kid),Together,Master,New Member,Wines,222,0,Never Accepted,No Acceptance
74293.0,0,0,66,375,152,335,93,91,81,1,5,4,6,2,0,0,0,0,0,0,3,11,0,27,2215,0,0,1,0,0,0,0,1,0,0,1046,965,0,Young Adult (<30),High Income,Inactive (>60d),Gold Spender,No Children,Single,Graduation,New Member,Wines,1127,0,Never Accepted,No Acceptance
51012.0,0,0,86,102,9,63,2,9,24,1,4,1,4,6,0,0,0,0,0,0,3,11,0,74,2596,0,1,0,0,0,0,0,0,0,1,185,161,0,Elderly (>60),Medium Income,Inactive (>60d),Silver Spender,No Children,Married,PhD,Established,Wines,209,0,Never Accepted,No Acceptance
70777.0,0,1,80,554,35,113,0,7,78,3,5,3,12,3,0,0,0,0,0,0,3,11,0,52,2283,0,1,0,0,0,0,0,0,1,0,709,631,0,Senior (46-60),High Income,Inactive (>60d),Silver Spender,Small Family (1 Kid),Married,Master,New Member,Wines,787,0,Never Accepted,No Acceptance
68682.0,0,0,56,919,0,505,99,30,45,1,4,9,10,2,0,0,0,0,0,0,3,11,0,29,2425,0,0,0,1,0,0,0,0,0,1,1553,1508,0,Young Adult (<30),High Income,At-Risk (31-60d),Gold Spender,No Children,Together,PhD,Established,Wines,1598,0,Never Accepted,No Acceptance
43824.0,1,1,18,96,1,42,12,3,32,4,3,1,4,8,0,0,0,0,0,0,3,11,0,49,2811,0,1,0,0,0,0,0,1,0,0,154,122,0,Senior (46-60),Medium Income,Active (0-30d),Silver Spender,Large Family (>1 Kid),Married,Graduation,Long-term Member,Wines,186,0,Never Accepted,No Acceptance
15345.0,1,0,51,5,2,16,3,2,19,2,1,1,2,8,0,0,0,0,0,0,3,11,1,36,2826,0,0,0,1,0,0,0,1,0,0,28,9,0,Middle-Aged (31-45),Low Income,At-Risk (31-60d),Bronze Spender,Small Family (1 Kid),Together,Graduation,Long-term Member,GoldProds,47,0,Never Accepted,No Acceptance
23442.0,1,0,71,2,0,6,8,6,5,1,1,0,3,7,0,0,0,0,0,0,3,11,0,33,2711,0,0,1,0,0,0,0,1,0,0,22,17,0,Middle-Aged (31-45),Low Income,Inactive (>60d),Bronze Spender,Small Family (1 Kid),Single,Graduation,Long-term Member,FishProducts,27,0,Never Accepted,No Acceptance
14515.0,1,0,71,6,4,9,6,36,35,4,2,2,3,7,0,0,0,0,0,0,3,11,1,40,2756,0,0,0,1,0,1,0,0,0,0,61,26,0,Middle-Aged (31-45),Low Income,Inactive (>60d),Bronze Spender,Small Family (1 Kid),Together,2n Cycle,Long-term Member,SweetProducts,96,0,Never Accepted,No Acceptance
31395.0,1,1,80,23,1,25,0,8,7,4,2,1,3,6,0,0,0,0,0,0,3,11,0,64,2622,1,0,0,0,0,1,0,0,0,0,57,50,0,Elderly (>60),Low Income,Inactive (>60d),Bronze Spender,Large Family (>1 Kid),Divorced,2n Cycle,Established,MeatProducts,64,0,Never Accepted,No Acceptance
75276.0,0,0,2,610,105,125,137,42,21,1,9,4,9,5,0,0,0,0,0,0,3,11,0,55,2799,0,0,0,1,0,0,0,1,0,0,1019,998,0,Senior (46-60),High Income,Active (0-30d),Gold Spender,No Children,Together,Graduation,Long-term Member,Wines,1040,0,Never Accepted,No Acceptance
42373.0,1,1,83,67,5,61,3,8,19,5,2,1,5,5,0,0,0,0,0,0,3,11,0,46,2477,0,0,1,0,0,0,0,1,0,0,144,125,0,Senior (46-60),Medium Income,Inactive (>60d),Silver Spender,Large Family (>1 Kid),Single,Graduation,Established,Wines,163,0,Never Accepted,No Acceptance
30507.0,0,0,29,65,36,74,38,20,110,1,5,1,4,7,0,0,0,0,0,0,3,11,0,60,2634,0,0,0,1,0,0,0,1,0,0,233,123,0,Senior (46-60),Low Income,Active (0-30d),Silver Spender,No Children,Together,Graduation,Long-term Member,GoldProds,343,0,Never Accepted,No Acceptance
55521.0,1,2,11,416,0,26,0,0,4,9,6,3,6,7,0,1,0,0,0,0,3,11,1,65,2409,0,0,1,0,0,0,0,0,0,1,442,438,1,Elderly (>60),Medium Income,Active (0-30d),Silver Spender,Large Family (>1 Kid),Single,PhD,Established,Wines,446,1,Occasional Responder,Campaign 4
48006.0,1,1,55,23,0,11,3,2,2,1,1,0,3,6,0,0,0,0,0,0,3,11,0,55,2179,0,1,0,0,0,0,0,1,0,0,39,37,0,Senior (46-60),Medium Income,At-Risk (31-60d),Bronze Spender,Large Family (>1 Kid),Married,Graduation,New Member,Wines,41,0,Never Accepted,No Acceptance
27213.0,1,0,19,19,3,26,10,9,3,3,2,0,4,8,0,0,0,0,0,0,3,11,1,48,2827,0,0,1,0,0,0,0,0,0,1,67,64,0,Senior (46-60),Low Income,Active (0-30d),Bronze Spender,Small Family (1 Kid),Single,PhD,Long-term Member,MeatProducts,70,0,Never Accepted,No Acceptance
65808.0,1,1,1,155,7,80,13,7,10,3,5,1,5,6,0,0,0,0,0,0,3,11,0,49,2189,1,0,0,0,0,0,0,0,0,1,262,252,0,Senior (46-60),High Income,Active (0-30d),Silver Spender,Large Family (>1 Kid),Divorced,PhD,New Member,Wines,272,0,Never Accepted,No Acceptance
30351.0,1,0,19,14,0,24,3,3,2,1,3,0,2,9,0,0,0,0,0,0,3,11,0,46,2547,0,0,0,1,0,0,0,0,0,1,44,42,0,Senior (46-60),Low Income,Active (0-30d),Bronze Spender,Small Family (1 Kid),Together,PhD,Established,MeatProducts,46,0,Never Accepted,No Acceptance
50437.0,0,2,28,370,9,92,6,9,4,3,7,1,8,7,0,0,0,0,0,0,3,11,0,57,2779,0,1,0,0,0,0,0,1,0,0,486,482,0,Senior (46-60),Medium Income,Active (0-30d),Silver Spender,Large Family (>1 Kid),Married,Graduation,Long-term Member,Wines,490,0,Never Accepted,No Acceptance
23616.0,1,0,76,4,22,11,3,7,32,2,3,0,3,8,0,0,0,0,0,0,3,11,1,38,2748,0,0,1,0,0,1,0,0,0,0,47,15,0,Middle-Aged (31-45),Low Income,Inactive (>60d),Bronze Spender,Small Family (1 Kid),Single,2n Cycle,Long-term Member,GoldProds,79,0,Never Accepted,No Acceptance
53858.0,0,1,50,407,53,221,58,150,26,4,4,3,6,4,0,0,0,0,0,0,3,11,0,44,2756,0,1,0,0,0,0,0,1,0,0,889,863,0,Middle-Aged (31-45),Medium Income,At-Risk (31-60d),Gold Spender,Small Family (1 Kid),Married,Graduation,Long-term Member,Wines,915,0,Never Accepted,No Acceptance
66465.0,0,1,1,1200,0,204,38,29,14,3,11,9,12,6,0,0,0,1,0,0,3,11,0,65,2615,0,1,0,0,0,0,0,0,0,1,1471,1457,1,Elderly (>60),High Income,Active (0-30d),Gold Spender,Small Family (1 Kid),Married,PhD,Established,Wines,1485,1,Occasional Responder,Campaign 1
46923.0,1,0,90,85,44,54,102,78,6,3,5,1,7,7,0,0,0,0,0,0,3,11,0,33,2835,0,0,1,0,0,0,0,1,0,0,363,357,0,Middle-Aged (31-45),Medium Income,Inactive (>60d),Silver Spender,Small Family (1 Kid),Single,Graduation,Long-term Member,FishProducts,369,0,Never Accepted,No Acceptance
75072.0,0,1,83,583,34,309,0,22,125,2,5,4,8,3,0,0,0,0,0,0,3,11,0,58,2681,0,0,0,1,0,0,0,1,0,0,948,823,0,Senior (46-60),High Income,Inactive (>60d),Gold Spender,Small Family (1 Kid),Together,Graduation,Long-term Member,Wines,1073,0,Never Accepted,No Acceptance
75865.0,0,0,73,483,0,591,156,0,12,1,3,5,10,1,0,0,0,0,0,0,3,11,0,77,2249,0,1,0,0,0,0,0,0,0,1,1230,1218,0,Elderly (>60),High Income,Inactive (>60d),Gold Spender,No Children,Married,PhD,New Member,MeatProducts,1242,0,Never Accepted,No Acceptance
19789.0,1,0,24,2,5,9,28,6,28,3,2,1,3,5,1,0,0,0,0,0,3,11,0,45,2380,0,0,0,1,0,1,0,0,0,0,50,22,1,Middle-Aged (31-45),Low Income,Active (0-30d),Bronze Spender,Small Family (1 Kid),Together,2n Cycle,New Member,FishProducts,78,1,Occasional Responder,Campaign 3
80134.0,0,0,11,966,26,282,52,26,26,1,2,7,11,5,0,1,1,1,1,0,3,11,0,26,2294,0,0,0,1,0,0,0,1,0,0,1352,1326,4,Young Adult (<30),High Income,Active (0-30d),Gold Spender,No Children,Together,Graduation,New Member,Wines,1378,4,Campaign Enthusiast,Campaign 1
91065.0,0,0,33,822,114,108,179,137,114,1,7,9,9,3,0,0,1,1,0,0,3,11,1,39,2651,0,0,1,0,0,0,0,1,0,0,1360,1246,2,Middle-Aged (31-45),High Income,At-Risk (31-60d),Gold Spender,No Children,Single,Graduation,Long-term Member,Wines,1474,2,Occasional Responder,Campaign 1
49505.0,1,1,4,604,0,100,19,0,28,9,10,2,8,8,0,0,0,0,0,0,3,11,0,49,2640,0,1,0,0,0,0,0,0,1,0,723,695,0,Senior (46-60),Medium Income,Active (0-30d),Silver Spender,Large Family (>1 Kid),Married,Master,Long-term Member,Wines,751,0,Never Accepted,No Acceptance
37401.0,1,0,14,19,3,19,3,1,3,2,2,0,3,7,0,0,0,0,0,0,3,11,0,47,2213,0,1,0,0,0,0,0,0,0,1,45,42,0,Senior (46-60),Low Income,Active (0-30d),Bronze Spender,Small Family (1 Kid),Married,PhD,New Member,Wines,48,0,Never Accepted,No Acceptance
30096.0,1,0,30,5,3,11,12,5,9,1,2,0,3,6,0,0,0,0,0,0,3,11,0,37,2197,0,1,0,0,0,0,0,1,0,0,36,27,0,Middle-Aged (31-45),Low Income,Active (0-30d),Bronze Spender,Small Family (1 Kid),Married,Graduation,New Member,FishProducts,45,0,Never Accepted,No Acceptance
18492.0,1,0,75,2,2,2,2,1,1,1,1,0,2,8,0,0,0,0,0,0,3,11,0,38,2183,0,0,0,1,0,0,0,0,1,0,9,8,0,Middle-Aged (31-45),Low Income,Inactive (>60d),Bronze Spender,Small Family (1 Kid),Together,Master,New Member,Wines,10,0,Never Accepted,No Acceptance
82584.0,0,0,26,1076,68,103,29,91,68,1,3,4,8,1,0,1,1,0,0,0,3,11,1,46,2549,0,1,0,0,0,0,0,0,1,0,1367,1299,2,Senior (46-60),High Income,Active (0-30d),Gold Spender,No Children,Married,Master,Established,Wines,1435,2,Occasional Responder,Campaign 4
48686.0,1,2,8,10,0,7,2,0,1,1,1,0,2,8,0,0,0,0,0,0,3,11,0,67,2366,0,1,0,0,0,0,0,1,0,0,19,18,0,Elderly (>60),Medium Income,Active (0-30d),Bronze Spender,Large Family (>1 Kid),Married,Graduation,New Member,Wines,20,0,Never Accepted,No Acceptance
75433.0,1,0,28,800,0,297,0,34,57,2,2,5,10,6,0,1,0,1,0,0,3,11,0,31,2244,0,1,0,0,0,0,0,1,0,0,1131,1074,2,Middle-Aged (31-45),High Income,Active (0-30d),Gold Spender,Small Family (1 Kid),Married,Graduation,New Member,Wines,1188,2,Occasional Responder,Campaign 1
10404.0,1,0,52,2,2,11,10,6,12,2,1,0,4,5,0,0,0,0,0,0,3,11,0,31,2215,0,0,0,1,0,1,0,0,0,0,31,19,0,Middle-Aged (31-45),Low Income,At-Risk (31-60d),Bronze Spender,Small Family (1 Kid),Together,2n Cycle,New Member,GoldProds,43,0,Never Accepted,No Acceptance
61314.0,0,1,1,378,0,189,97,172,172,2,5,5,12,3,0,0,0,0,0,0,3,11,0,52,2589,0,1,0,0,0,0,0,1,0,0,836,664,0,Senior (46-60),Medium Income,Active (0-30d),Gold Spender,Small Family (1 Kid),Married,Graduation,Established,Wines,1008,0,Never Accepted,No Acceptance
84865.0,0,0,1,1248,16,349,43,16,16,1,2,4,9,4,0,1,1,1,1,0,3,11,1,59,2575,0,0,1,0,0,0,0,0,0,1,1672,1656,4,Senior (46-60),High Income,Active (0-30d),Gold Spender,No Children,Single,PhD,Established,Wines,1688,4,Campaign Enthusiast,Campaign 1
42387.0,1,0,42,235,0,235,19,4,191,5,8,1,7,8,0,0,0,0,0,0,3,11,0,31,2767,0,1,0,0,0,0,0,1,0,0,493,302,0,Middle-Aged (31-45),Medium Income,At-Risk (31-60d),Silver Spender,Small Family (1 Kid),Married,Graduation,Long-term Member,Wines,684,0,Never Accepted,No Acceptance
67309.0,1,1,76,515,47,181,149,95,95,15,9,6,9,7,0,0,0,0,0,0,3,11,0,53,2681,0,0,0,1,0,1,0,0,0,0,987,892,0,Senior (46-60),High Income,Inactive (>60d),Gold Spender,Large Family (>1 Kid),Together,2n Cycle,Long-term Member,Wines,1082,0,Never Accepted,No Acceptance
75236.0,0,1,27,438,66,400,12,38,114,1,8,3,13,4,0,0,0,0,0,0,3,11,0,56,2375,0,1,0,0,0,0,0,1,0,0,954,840,0,Senior (46-60),High Income,Active (0-30d),Gold Spender,Small Family (1 Kid),Married,Graduation,New Member,Wines,1068,0,Never Accepted,No Acceptance
30015.0,1,0,28,25,0,22,2,3,5,2,1,0,4,5,0,0,0,0,0,0,3,11,0,50,2306,0,0,1,0,0,0,0,1,0,0,52,47,0,Senior (46-60),Low Income,Active (0-30d),Bronze Spender,Small Family (1 Kid),Single,Graduation,New Member,Wines,57,0,Never Accepted,No Acceptance
50943.0,0,1,49,31,0,7,2,0,6,1,1,0,3,5,0,0,0,0,0,0,3,11,0,64,2532,0,0,0,1,0,0,0,0,1,0,40,34,0,Elderly (>60),Medium Income,At-Risk (31-60d),Bronze Spender,Small Family (1 Kid),Together,Master,Established,Wines,46,0,Never Accepted,No Acceptance
67272.0,0,1,12,357,35,271,28,28,14,3,6,2,12,5,0,0,0,0,0,0,3,11,0,54,2349,1,0,0,0,0,0,0,1,0,0,719,705,0,Senior (46-60),High Income,Active (0-30d),Silver Spender,Small Family (1 Kid),Divorced,Graduation,New Member,Wines,733,0,Never Accepted,No Acceptance
51529.0,0,1,14,400,4,35,6,0,22,2,9,1,5,8,0,0,0,0,0,0,3,11,0,71,2454,0,0,0,0,1,0,0,0,1,0,445,423,0,Elderly (>60),Medium Income,Active (0-30d),Silver Spender,Small Family (1 Kid),Widow,Master,Established,Wines,467,0,Never Accepted,No Acceptance
32011.0,1,0,89,99,0,15,2,1,5,3,2,1,4,7,0,0,0,0,0,0,3,11,0,49,2470,0,1,0,0,0,0,0,0,0,1,117,112,0,Senior (46-60),Low Income,Inactive (>60d),Silver Spender,Small Family (1 Kid),Married,PhD,Established,Wines,122,0,Never Accepted,No Acceptance
7500.0,1,0,96,1,11,5,4,6,9,2,2,0,3,8,0,0,0,0,0,0,3,11,0,34,2666,0,1,0,0,0,1,0,0,0,0,27,18,0,Middle-Aged (31-45),Low Income,Inactive (>60d),Bronze Spender,Small Family (1 Kid),Married,2n Cycle,Long-term Member,Fruits,36,0,Never Accepted,No Acceptance
28691.0,1,0,56,5,4,13,8,0,4,1,1,0,3,8,0,0,0,0,0,0,3,11,0,31,2519,0,1,0,0,0,0,0,1,0,0,30,26,0,Middle-Aged (31-45),Low Income,At-Risk (31-60d),Bronze Spender,Small Family (1 Kid),Married,Graduation,Established,MeatProducts,34,0,Never Accepted,No Acceptance
56223.0,0,1,72,77,28,31,16,0,4,2,2,1,5,4,0,0,0,0,0,0,3,11,0,72,2350,0,1,0,0,0,0,0,0,0,1,152,148,0,Elderly (>60),Medium Income,Inactive (>60d),Silver Spender,Small Family (1 Kid),Married,PhD,New Member,Wines,156,0,Never Accepted,No Acceptance
18100.0,0,0,14,3,1,2,4,3,1,1,0,0,3,5,0,0,0,0,0,0,3,11,0,74,2486,0,1,0,0,0,0,0,1,0,0,13,12,0,Elderly (>60),Low Income,Active (0-30d),Bronze Spender,No Children,Married,Graduation,Established,FishProducts,14,0,Never Accepted,No Acceptance
30279.0,1,0,13,10,4,14,4,4,1,1,1,0,3,8,0,0,0,0,0,0,3,11,0,31,2705,0,0,1,0,0,0,0,1,0,0,36,35,0,Middle-Aged (31-45),Low Income,Active (0-30d),Bronze Spender,Small Family (1 Kid),Single,Graduation,Long-term Member,MeatProducts,37,0,Never Accepted,No Acceptance
20130.0,0,0,99,0,6,3,7,6,12,1,1,0,3,8,0,0,0,0,0,0,3,11,0,46,2263,0,1,0,0,0,1,0,0,0,0,22,10,0,Senior (46-60),Low Income,Inactive (>60d),Bronze Spender,No Children,Married,2n Cycle,New Member,GoldProds,34,0,Never Accepted,No Acceptance
23295.0,0,0,72,0,0,1,2,12,5,1,1,0,2,8,0,0,0,0,0,0,3,11,0,61,2510,1,0,0,0,0,0,0,1,0,0,15,10,0,Elderly (>60),Low Income,Inactive (>60d),Bronze Spender,No Children,Divorced,Graduation,Established,SweetProducts,20,0,Never Accepted,No Acceptance
42618.0,1,0,92,76,14,74,13,5,10,2,5,0,4,8,0,0,0,0,0,0,3,11,0,48,2422,1,0,0,0,0,0,0,0,1,0,182,172,0,Senior (46-60),Medium Income,Inactive (>60d),Silver Spender,Small Family (1 Kid),Divorced,Master,Established,Wines,192,0,Never Accepted,No Acceptance
81246.0,0,0,87,398,190,537,61,156,37,1,4,5,7,1,1,0,0,1,0,0,3,11,0,56,2341,0,0,1,0,0,0,0,1,0,0,1342,1305,2,Senior (46-60),High Income,Inactive (>60d),Gold Spender,No Children,Single,Graduation,New Member,MeatProducts,1379,2,Occasional Responder,Campaign 1
24027.0,1,0,7,14,7,11,11,0,5,2,2,0,3,8,0,0,0,0,0,0,3,11,0,44,2544,0,1,0,0,0,0,0,1,0,0,43,38,0,Middle-Aged (31-45),Low Income,Active (0-30d),Bronze Spender,Small Family (1 Kid),Married,Graduation,Established,Wines,48,0,Never Accepted,No Acceptance
55707.0,0,1,91,208,7,82,30,66,35,2,3,2,9,3,0,0,0,0,0,0,3,11,0,67,2348,0,1,0,0,0,0,0,0,0,1,393,358,0,Elderly (>60),Medium Income,Inactive (>60d),Silver Spender,Small Family (1 Kid),Married,PhD,New Member,Wines,428,0,Never Accepted,No Acceptance
57959.0,0,1,71,430,16,322,43,24,33,5,4,7,11,3,0,0,0,0,0,0,3,11,0,65,2582,0,0,1,0,0,0,0,1,0,0,835,802,0,Elderly (>60),Medium Income,Inactive (>60d),Gold Spender,Small Family (1 Kid),Single,Graduation,Established,Wines,868,0,Never Accepted,No Acceptance
56796.0,0,1,24,656,38,161,62,47,37,3,8,9,7,7,0,0,0,0,0,0,3,11,0,51,2657,0,1,0,0,0,0,0,1,0,0,964,927,0,Senior (46-60),Medium Income,Active (0-30d),Gold Spender,Small Family (1 Kid),Married,Graduation,Long-term Member,Wines,1001,0,Never Accepted,No Acceptance
36230.0,1,0,17,14,2,30,8,2,3,1,2,0,4,5,0,0,0,0,0,0,3,11,0,49,2414,0,0,1,0,0,0,0,0,1,0,56,53,0,Senior (46-60),Low Income,Active (0-30d),Bronze Spender,Small Family (1 Kid),Single,Master,Established,MeatProducts,59,0,Never Accepted,No Acceptance
70829.0,1,1,87,141,70,106,72,19,23,2,4,2,8,3,0,0,0,0,0,0,3,11,0,40,2369,0,1,0,0,0,1,0,0,0,0,408,385,0,Middle-Aged (31-45),High Income,Inactive (>60d),Silver Spender,Large Family (>1 Kid),Married,2n Cycle,New Member,Wines,431,0,Never Accepted,No Acceptance
65991.0,0,1,21,507,19,364,25,47,9,3,9,5,10,7,0,0,0,0,0,0,3,11,0,44,2819,0,1,0,0,0,0,0,1,0,0,962,953,0,Middle-Aged (31-45),High Income,Active (0-30d),Gold Spender,Small Family (1 Kid),Married,Graduation,Long-term Member,Wines,971,0,Never Accepted,No Acceptance
38988.0,1,2,90,164,24,103,12,3,42,7,5,1,6,8,0,0,0,0,0,0,3,11,0,48,2837,0,1,0,0,0,0,0,1,0,0,306,264,0,Senior (46-60),Low Income,Inactive (>60d),Silver Spender,Large Family (>1 Kid),Married,Graduation,Long-term Member,Wines,348,0,Never Accepted,No Acceptance
89572.0,0,0,44,606,24,974,197,194,64,1,7,7,9,4,0,1,0,1,0,0,3,11,1,54,2811,0,0,1,0,0,1,0,0,0,0,1995,1931,2,Senior (46-60),High Income,At-Risk (31-60d),Gold Spender,No Children,Single,2n Cycle,Long-term Member,MeatProducts,2059,2,Occasional Responder,Campaign 1
42207.0,1,0,71,116,11,72,3,17,46,4,4,1,5,6,1,0,0,0,0,0,3,11,1,36,2613,0,1,0,0,0,0,0,0,1,0,219,173,1,Middle-Aged (31-45),Medium Income,Inactive (>60d),Silver Spender,Small Family (1 Kid),Married,Master,Established,Wines,265,1,Occasional Responder,Campaign 3
50300.0,0,1,52,143,15,60,24,23,5,2,2,1,8,2,0,0,0,0,0,0,3,11,0,68,2194,0,1,0,0,0,0,0,1,0,0,265,260,0,Elderly (>60),Medium Income,At-Risk (31-60d),Silver Spender,Small Family (1 Kid),Married,Graduation,New Member,Wines,270,0,Never Accepted,No Acceptance
66664.0,0,0,78,398,96,447,220,96,32,1,5,7,6,3,0,0,0,0,0,0,3,11,0,38,2801,0,0,0,1,0,1,0,0,0,0,1257,1225,0,Middle-Aged (31-45),High Income,Inactive (>60d),Gold Spender,No Children,Together,2n Cycle,Long-term Member,MeatProducts,1289,0,Never Accepted,No Acceptance
60597.0,0,1,2,522,0,257,32,16,66,4,2,2,8,7,0,0,0,1,0,0,3,11,1,56,2338,0,1,0,0,0,0,0,1,0,0,827,761,1,Senior (46-60),Medium Income,Active (0-30d),Gold Spender,Small Family (1 Kid),Married,Graduation,New Member,Wines,893,1,Occasional Responder,Campaign 1
70165.0,0,0,60,161,0,253,199,191,122,1,3,7,11,1,0,0,0,0,0,0,3,11,0,71,2439,0,0,0,0,1,0,0,1,0,0,804,682,0,Elderly (>60),High Income,At-Risk (31-60d),Gold Spender,No Children,Widow,Graduation,Established,MeatProducts,926,0,Never Accepted,No Acceptance
50520.0,0,1,25,112,0,6,2,1,14,2,3,1,3,6,0,0,0,0,0,0,3,11,0,62,2311,0,0,0,0,1,0,0,0,0,1,121,107,0,Elderly (>60),Medium Income,Active (0-30d),Silver Spender,Small Family (1 Kid),Widow,PhD,New Member,Wines,135,0,Never Accepted,No Acceptance
80124.0,0,0,47,483,84,398,205,84,241,1,3,7,8,1,1,0,0,0,0,0,3,11,0,57,2162,0,1,0,0,0,0,0,1,0,0,1254,1013,1,Senior (46-60),High Income,At-Risk (31-60d),Gold Spender,No Children,Married,Graduation,New Member,Wines,1495,1,Occasional Responder,Campaign 3
33183.0,1,0,46,7,5,39,17,15,37,2,4,0,3,7,0,0,0,0,0,0,3,11,0,45,2284,0,1,0,0,0,0,0,1,0,0,83,46,0,Middle-Aged (31-45),Low Income,At-Risk (31-60d),Bronze Spender,Small Family (1 Kid),Married,Graduation,New Member,MeatProducts,120,0,Never Accepted,No Acceptance
66582.0,0,0,83,789,25,420,16,38,0,1,2,8,9,1,0,0,0,0,0,0,3,11,0,51,2277,0,0,1,0,0,0,0,0,0,1,1288,1288,0,Senior (46-60),High Income,Inactive (>60d),Gold Spender,No Children,Single,PhD,New Member,Wines,1288,0,Never Accepted,No Acceptance
75261.0,0,0,17,1239,17,413,23,34,17,1,5,6,5,2,0,1,1,0,0,0,3,11,1,65,2591,0,0,0,1,0,0,0,0,0,1,1726,1709,2,Elderly (>60),High Income,Active (0-30d),Gold Spender,No Children,Together,PhD,Established,Wines,1743,2,Occasional Responder,Campaign 4
31880.0,1,0,13,4,1,5,2,0,3,1,1,0,2,8,0,0,0,0,0,0,3,11,0,50,2765,0,0,0,0,1,0,0,1,0,0,12,9,0,Senior (46-60),Low Income,Active (0-30d),Bronze Spender,Small Family (1 Kid),Widow,Graduation,Long-term Member,MeatProducts,15,0,Never Accepted,No Acceptance
53790.0,0,2,86,335,42,127,28,5,5,3,7,2,8,6,0,0,0,0,0,0,3,11,0,69,2274,0,1,0,0,0,0,0,1,0,0,537,532,0,Elderly (>60),Medium Income,Inactive (>60d),Silver Spender,Large Family (>1 Kid),Married,Graduation,New Member,Wines,542,0,Never Accepted,No Acceptance
49269.0,1,0,92,639,8,166,11,8,58,3,7,3,12,7,0,0,0,0,0,0,3,11,0,49,2842,0,0,0,1,0,0,0,0,0,1,832,774,0,Senior (46-60),Medium Income,Inactive (>60d),Gold Spender,Small Family (1 Kid),Together,PhD,Long-term Member,Wines,890,0,Never Accepted,No Acceptance
61456.0,0,1,47,563,76,384,84,192,89,4,6,10,13,4,0,0,0,0,0,0,3,11,0,45,2618,0,1,0,0,0,0,0,1,0,0,1299,1210,0,Middle-Aged (31-45),Medium Income,At-Risk (31-60d),Gold Spender,Small Family (1 Kid),Married,Graduation,Established,Wines,1388,0,Never Accepted,No Acceptance
37406.0,1,0,18,2,0,8,2,2,3,1,1,0,2,8,0,0,0,0,0,0,3,11,1,40,2421,0,1,0,0,0,0,0,1,0,0,14,11,0,Middle-Aged (31-45),Low Income,Active (0-30d),Bronze Spender,Small Family (1 Kid),Married,Graduation,Established,MeatProducts,17,0,Never Accepted,No Acceptance
56937.0,1,0,81,746,8,125,11,8,8,7,8,6,9,6,0,1,0,0,0,0,3,11,1,39,2853,0,0,0,1,0,0,0,0,0,1,898,890,1,Middle-Aged (31-45),Medium Income,Inactive (>60d),Gold Spender,Small Family (1 Kid),Together,PhD,Long-term Member,Wines,906,1,Occasional Responder,Campaign 4
38415.0,1,1,91,22,1,13,4,0,4,2,1,0,3,7,0,0,0,0,0,0,3,11,0,42,2702,0,1,0,0,0,0,0,1,0,0,40,36,0,Middle-Aged (31-45),Low Income,Inactive (>60d),Bronze Spender,Large Family (>1 Kid),Married,Graduation,Long-term Member,Wines,44,0,Never Accepted,No Acceptance
20518.0,1,0,58,4,1,6,4,1,9,1,1,1,2,5,0,0,0,0,0,0,3,11,0,32,2201,0,0,1,0,0,0,0,1,0,0,16,7,0,Middle-Aged (31-45),Low Income,At-Risk (31-60d),Bronze Spender,Small Family (1 Kid),Single,Graduation,New Member,GoldProds,25,0,Never Accepted,No Acceptance
62503.0,0,1,40,478,0,193,110,75,117,4,8,3,11,5,0,0,0,0,0,0,3,11,0,64,2655,0,1,0,0,0,0,0,1,0,0,856,739,0,Elderly (>60),Medium Income,At-Risk (31-60d),Gold Spender,Small Family (1 Kid),Married,Graduation,Long-term Member,Wines,973,0,Never Accepted,No Acceptance
41644.0,1,1,67,20,3,4,2,0,2,2,1,0,3,3,0,0,0,0,0,0,3,11,0,48,2210,0,0,1,0,0,0,0,0,0,1,29,27,0,Senior (46-60),Medium Income,Inactive (>60d),Bronze Spender,Large Family (>1 Kid),Single,PhD,New Member,Wines,31,0,Never Accepted,No Acceptance
55842.0,0,1,19,451,0,39,0,4,24,1,7,1,8,5,0,0,0,0,0,0,3,11,0,43,2196,0,1,0,0,0,0,0,0,1,0,494,470,0,Middle-Aged (31-45),Medium Income,Active (0-30d),Silver Spender,Small Family (1 Kid),Married,Master,New Member,Wines,518,0,Never Accepted,No Acceptance
62010.0,0,1,93,371,22,39,6,0,92,4,6,2,7,5,0,0,0,0,0,0,3,11,0,48,2773,0,1,0,0,0,0,0,0,0,1,438,346,0,Senior (46-60),Medium Income,Inactive (>60d),Silver Spender,Small Family (1 Kid),Married,PhD,Long-term Member,Wines,530,0,Never Accepted,No Acceptance
41124.0,1,0,41,281,7,84,15,0,119,7,7,3,4,8,0,0,0,0,0,0,3,11,0,43,2765,0,1,0,0,0,0,0,1,0,0,387,268,0,Middle-Aged (31-45),Medium Income,At-Risk (31-60d),Silver Spender,Small Family (1 Kid),Married,Graduation,Long-term Member,Wines,506,0,Never Accepted,No Acceptance
38961.0,1,0,60,19,7,19,0,1,24,1,2,1,2,7,0,0,0,0,0,0,3,11,0,47,2340,0,1,0,0,0,0,0,0,1,0,46,22,0,Senior (46-60),Low Income,At-Risk (31-60d),Bronze Spender,Small Family (1 Kid),Married,Master,New Member,GoldProds,70,0,Never Accepted,No Acceptance
37760.0,1,0,54,26,3,13,2,10,0,1,2,0,3,6,0,0,0,0,0,0,3,11,0,48,2481,1,0,0,0,0,0,0,0,1,0,54,54,0,Senior (46-60),Low Income,At-Risk (31-60d),Bronze Spender,Small Family (1 Kid),Divorced,Master,Established,Wines,54,0,Never Accepted,No Acceptance
32233.0,1,0,26,138,15,35,25,11,72,2,6,2,2,9,1,0,0,0,0,0,3,11,1,46,2838,0,0,1,0,0,0,0,1,0,0,224,152,1,Senior (46-60),Low Income,Active (0-30d),Silver Spender,Small Family (1 Kid),Single,Graduation,Long-term Member,Wines,296,1,Occasional Responder,Campaign 3
43057.0,0,1,30,213,2,44,0,2,5,4,4,2,5,5,0,0,0,0,0,0,3,11,0,45,2401,0,1,0,0,0,0,0,1,0,0,261,256,0,Middle-Aged (31-45),Medium Income,Active (0-30d),Silver Spender,Small Family (1 Kid),Married,Graduation,New Member,Wines,266,0,Never Accepted,No Acceptance
83151.0,0,0,93,407,28,100,120,74,18,1,5,9,4,3,0,0,0,0,0,0,3,11,0,60,2786,0,0,0,1,0,0,0,0,1,0,729,711,0,Senior (46-60),High Income,Inactive (>60d),Silver Spender,No Children,Together,Master,Long-term Member,Wines,747,0,Never Accepted,No Acceptance
78825.0,0,0,35,483,74,114,169,37,18,1,5,10,13,3,0,0,0,0,0,0,3,11,1,56,2812,1,0,0,0,0,0,0,0,0,1,877,859,0,Senior (46-60),High Income,At-Risk (31-60d),Gold Spender,No Children,Divorced,PhD,Long-term Member,Wines,895,0,Never Accepted,No Acceptance
65104.0,0,1,4,738,0,232,13,20,50,2,3,5,7,7,0,0,0,0,0,0,3,11,0,44,2386,0,0,0,1,0,0,0,0,1,0,1003,953,0,Middle-Aged (31-45),High Income,Active (0-30d),Gold Spender,Small Family (1 Kid),Together,Master,New Member,Wines,1053,0,Never Accepted,No Acceptance
60093.0,0,1,92,502,12,109,16,6,90,2,7,2,10,6,0,0,0,0,0,0,3,11,0,46,2527,0,1,0,0,0,0,0,1,0,0,645,555,0,Senior (46-60),Medium Income,Inactive (>60d),Silver Spender,Small Family (1 Kid),Married,Graduation,Established,Wines,735,0,Never Accepted,No Acceptance
14045.0,1,0,24,11,0,5,2,1,1,1,1,0,3,7,0,0,0,0,0,0,3,11,0,51,2313,0,1,0,0,0,0,0,1,0,0,19,18,0,Senior (46-60),Low Income,Active (0-30d),Bronze Spender,Small Family (1 Kid),Married,Graduation,New Member,Wines,20,0,Never Accepted,No Acceptance
28457.0,0,0,96,24,1,108,29,29,14,1,4,1,4,8,0,0,0,0,0,0,3,11,0,68,2768,0,0,0,0,1,1,0,0,0,0,191,177,0,Elderly (>60),Low Income,Inactive (>60d),Silver Spender,No Children,Widow,2n Cycle,Long-term Member,MeatProducts,205,0,Never Accepted,No Acceptance
78952.0,0,1,11,1170,19,594,99,76,134,2,2,5,12,6,0,0,0,0,0,0,3,11,0,62,2802,0,0,0,1,0,0,0,0,0,1,1958,1824,0,Elderly (>60),High Income,Active (0-30d),Gold Spender,Small Family (1 Kid),Together,PhD,Long-term Member,Wines,2092,0,Never Accepted,No Acceptance
46310.0,1,0,99,185,2,88,15,5,14,2,6,1,5,8,0,0,0,0,0,0,3,11,0,44,2732,1,0,0,0,0,0,0,1,0,0,295,281,0,Middle-Aged (31-45),Medium Income,Inactive (>60d),Silver Spender,Small Family (1 Kid),Divorced,Graduation,Long-term Member,Wines,309,0,Never Accepted,No Acceptance
76005.0,0,0,72,983,20,389,240,50,40,1,3,5,13,6,0,0,0,1,0,0,3,11,0,65,2651,0,0,0,1,0,0,0,1,0,0,1682,1642,1,Elderly (>60),High Income,Inactive (>60d),Gold Spender,No Children,Together,Graduation,Long-term Member,Wines,1722,1,Occasional Responder,Campaign 1
58308.0,0,1,77,691,0,69,10,0,130,4,2,6,3,8,0,0,0,0,0,0,3,11,0,56,2692,0,0,1,0,0,0,0,0,1,0,770,640,0,Senior (46-60),Medium Income,Inactive (>60d),Gold Spender,Small Family (1 Kid),Single,Master,Long-term Member,Wines,900,0,Never Accepted,No Acceptance
55614.0,0,0,85,504,13,131,8,0,26,1,9,4,6,7,0,1,0,0,0,0,3,11,0,76,2373,1,0,0,0,0,0,0,0,0,1,656,630,1,Elderly (>60),Medium Income,Inactive (>60d),Silver Spender,No Children,Divorced,PhD,New Member,Wines,682,1,Occasional Responder,Campaign 4
59432.0,0,1,88,317,25,265,25,19,12,3,5,3,11,5,0,0,0,0,0,0,3,11,0,58,2601,1,0,0,0,0,0,0,0,1,0,651,639,0,Senior (46-60),Medium Income,Inactive (>60d),Silver Spender,Small Family (1 Kid),Divorced,Master,Established,Wines,663,0,Never Accepted,No Acceptance
55563.0,0,1,22,29,1,9,2,0,2,1,2,0,3,3,0,0,0,0,0,0,3,11,0,42,2244,1,0,0,0,0,0,0,1,0,0,41,39,0,Middle-Aged (31-45),Medium Income,Active (0-30d),Bronze Spender,Small Family (1 Kid),Divorced,Graduation,New Member,Wines,43,0,Never Accepted,No Acceptance
78642.0,0,1,83,1396,0,322,46,35,17,1,4,9,4,6,0,0,0,0,0,0,3,11,0,49,2593,0,0,0,1,0,0,0,0,0,1,1799,1782,0,Senior (46-60),High Income,Inactive (>60d),Gold Spender,Small Family (1 Kid),Together,PhD,Established,Wines,1816,0,Never Accepted,No Acceptance
67911.0,0,1,63,529,0,356,63,28,0,3,6,7,11,3,0,0,0,0,0,0,3,11,0,71,2197,0,0,0,1,0,0,0,0,0,1,976,976,0,Elderly (>60),High Income,Inactive (>60d),Gold Spender,Small Family (1 Kid),Together,PhD,New Member,Wines,976,0,Never Accepted,No Acceptance
65275.0,0,0,9,388,14,218,91,14,21,1,4,3,13,2,0,0,0,0,0,0,3,11,0,76,2611,0,1,0,0,0,0,0,1,0,0,725,704,0,Elderly (>60),High Income,Active (0-30d),Silver Spender,No Children,Married,Graduation,Established,Wines,746,0,Never Accepted,No Acceptance
27203.0,1,1,92,13,2,21,4,0,24,2,1,1,2,8,0,0,0,0,0,0,3,11,0,70,2851,0,0,0,1,0,0,0,1,0,0,40,16,0,Elderly (>60),Low Income,Inactive (>60d),Bronze Spender,Large Family (>1 Kid),Together,Graduation,Long-term Member,GoldProds,64,0,Never Accepted,No Acceptance
48330.0,0,1,2,28,0,4,0,0,0,1,1,0,3,5,0,0,0,0,0,0,3,11,0,59,2385,0,0,0,1,0,0,0,0,1,0,32,32,0,Senior (46-60),Medium Income,Active (0-30d),Bronze Spender,Small Family (1 Kid),Together,Master,New Member,Wines,32,0,Never Accepted,No Acceptance
24279.0,0,0,6,16,36,21,20,62,108,1,4,1,3,8,0,0,0,0,0,0,3,11,0,30,2706,0,1,0,0,0,0,1,0,0,0,155,47,0,Young Adult (<30),Low Income,Active (0-30d),Silver Spender,No Children,Married,Basic,Long-term Member,GoldProds,263,0,Never Accepted,No Acceptance
64355.0,1,0,66,1047,0,140,67,38,153,2,4,3,12,8,0,0,0,0,0,0,3,11,0,35,2833,0,1,0,0,0,0,0,0,0,1,1292,1139,0,Middle-Aged (31-45),High Income,Inactive (>60d),Gold Spender,Small Family (1 Kid),Married,PhD,Long-term Member,Wines,1445,0,Never Accepted,No Acceptance
50943.0,0,1,49,31,0,7,2,0,6,1,1,0,3,5,0,0,0,0,0,0,3,11,0,64,2532,0,0,0,1,0,0,0,0,1,0,40,34,0,Elderly (>60),Medium Income,At-Risk (31-60d),Bronze Spender,Small Family (1 Kid),Together,Master,Established,Wines,46,0,Never Accepted,No Acceptance
53653.0,0,0,29,815,10,239,28,10,108,2,10,4,12,6,0,0,0,0,0,0,3,11,0,67,2758,0,0,0,0,1,0,0,1,0,0,1102,994,0,Elderly (>60),Medium Income,Active (0-30d),Gold Spender,No Children,Widow,Graduation,Long-term Member,Wines,1210,0,Never Accepted,No Acceptance
65665.0,0,1,77,225,162,387,106,36,29,1,5,10,8,3,0,0,0,0,0,0,3,11,0,44,2368,0,1,0,0,0,0,0,1,0,0,916,887,0,Middle-Aged (31-45),High Income,Inactive (>60d),Gold Spender,Small Family (1 Kid),Married,Graduation,New Member,MeatProducts,945,0,Never Accepted,No Acceptance
81217.0,0,0,77,493,70,324,146,40,84,1,3,7,11,1,0,0,0,0,0,0,3,11,0,31,2504,0,0,1,0,0,0,0,1,0,0,1073,989,0,Middle-Aged (31-45),High Income,Inactive (>60d),Gold Spender,No Children,Single,Graduation,Established,Wines,1157,0,Never Accepted,No Acceptance
34935.0,0,0,71,34,4,66,3,10,20,1,2,1,4,7,0,0,0,0,0,0,3,11,0,28,2532,0,1,0,0,0,0,0,1,0,0,117,97,0,Young Adult (<30),Low Income,Inactive (>60d),Silver Spender,No Children,Married,Graduation,Established,MeatProducts,137,0,Never Accepted,No Acceptance
61250.0,0,1,49,382,138,65,60,26,59,6,5,2,12,5,0,0,0,0,0,0,3,11,0,61,2719,1,0,0,0,0,0,0,1,0,0,671,612,0,Elderly (>60),Medium Income,At-Risk (31-60d),Silver Spender,Small Family (1 Kid),Divorced,Graduation,Long-term Member,Wines,730,0,Never Accepted,No Acceptance
39665.0,1,0,97,127,1,56,0,1,31,3,4,2,3,7,1,0,0,0,0,0,3,11,0,39,2559,0,0,0,1,0,0,0,0,0,1,185,154,1,Middle-Aged (31-45),Low Income,Inactive (>60d),Silver Spender,Small Family (1 Kid),Together,PhD,Established,Wines,216,1,Occasional Responder,Campaign 3
60152.0,0,1,6,325,83,300,86,58,91,1,6,4,12,3,0,0,0,0,0,0,3,11,0,41,2617,0,0,1,0,0,0,0,1,0,0,852,761,0,Middle-Aged (31-45),Medium Income,Active (0-30d),Gold Spender,Small Family (1 Kid),Single,Graduation,Established,Wines,943,0,Never Accepted,No Acceptance
48920.0,0,2,93,238,17,68,8,10,6,3,6,2,5,7,0,1,0,0,0,0,3,11,0,56,2411,0,1,0,0,0,0,0,1,0,0,341,335,1,Senior (46-60),Medium Income,Inactive (>60d),Silver Spender,Large Family (>1 Kid),Married,Graduation,Established,Wines,347,1,Occasional Responder,Campaign 4
89120.0,0,0,78,1168,92,408,72,129,55,1,5,6,7,1,0,0,1,0,0,0,3,11,0,61,2263,0,0,0,1,0,0,0,0,1,0,1869,1814,1,Elderly (>60),High Income,Inactive (>60d),Gold Spender,No Children,Together,Master,New Member,Wines,1924,1,Occasional Responder,Campaign 5
44124.0,0,1,62,284,0,55,0,6,52,4,6,2,5,8,0,0,0,0,0,0,3,11,0,74,2573,0,0,0,1,0,0,0,0,0,1,345,293,0,Elderly (>60),Medium Income,Inactive (>60d),Silver Spender,Small Family (1 Kid),Together,PhD,Established,Wines,397,0,Never Accepted,No Acceptance
81169.0,0,0,47,1288,20,613,80,61,27,1,5,7,9,2,0,0,0,0,0,0,3,11,0,45,2600,0,0,1,0,0,0,0,0,1,0,2062,2035,0,Middle-Aged (31-45),High Income,At-Risk (31-60d),Gold Spender,No Children,Single,Master,Established,Wines,2089,0,Never Accepted,No Acceptance
36443.0,1,1,9,65,0,46,4,3,20,4,3,1,3,8,0,0,0,0,0,0,3,11,0,59,2670,0,1,0,0,0,0,0,1,0,0,118,98,0,Senior (46-60),Low Income,Active (0-30d),Silver Spender,Large Family (>1 Kid),Married,Graduation,Long-term Member,Wines,138,0,Never Accepted,No Acceptance
26095.0,1,0,77,11,7,9,3,1,11,1,1,0,3,7,0,0,0,0,0,0,3,11,0,30,2523,0,0,1,0,0,0,0,1,0,0,31,20,0,Young Adult (<30),Low Income,Inactive (>60d),Bronze Spender,Small Family (1 Kid),Single,Graduation,Established,Wines,42,0,Never Accepted,No Acceptance
71367.0,0,0,24,227,23,389,42,21,75,1,4,5,7,2,0,0,0,0,0,0,3,11,0,61,2469,0,0,0,1,0,0,0,1,0,0,702,627,0,Elderly (>60),High Income,Active (0-30d),Silver Spender,No Children,Together,Graduation,Established,MeatProducts,777,0,Never Accepted,No Acceptance
80184.0,0,0,19,1035,134,670,25,38,0,1,6,3,10,3,0,0,1,1,0,0,3,11,0,76,2279,0,1,0,0,0,0,0,0,1,0,1902,1902,2,Elderly (>60),High Income,Active (0-30d),Gold Spender,No Children,Married,Master,New Member,Wines,1902,2,Occasional Responder,Campaign 1
30630.0,1,1,67,27,1,12,2,0,10,2,2,0,3,7,0,0,0,0,0,0,3,11,0,55,2312,1,0,0,0,0,0,0,1,0,0,42,32,0,Senior (46-60),Low Income,Inactive (>60d),Bronze Spender,Large Family (>1 Kid),Divorced,Graduation,New Member,Wines,52,0,Never Accepted,No Acceptance
73454.0,0,0,95,982,73,351,56,14,175,1,2,4,6,5,1,0,0,0,0,0,3,11,0,33,2279,0,0,1,0,0,0,0,0,1,0,1476,1301,1,Middle-Aged (31-45),High Income,Inactive (>60d),Gold Spender,No Children,Single,Master,New Member,Wines,1651,1,Occasional Responder,Campaign 3
42691.0,0,0,48,179,2,64,38,17,58,1,5,1,6,5,0,0,0,0,0,0,3,11,0,29,2476,0,1,0,0,0,0,0,1,0,0,300,242,0,Young Adult (<30),Medium Income,At-Risk (31-60d),Silver Spender,No Children,Married,Graduation,Established,Wines,358,0,Never Accepted,No Acceptance
70503.0,0,0,73,1379,33,216,0,33,66,1,2,4,9,6,0,1,1,0,0,0,3,11,0,67,2796,0,1,0,0,0,0,0,1,0,0,1661,1595,2,Elderly (>60),High Income,Inactive (>60d),Gold Spender,No Children,Married,Graduation,Long-term Member,Wines,1727,2,Occasional Responder,Campaign 4
25545.0,1,0,35,32,1,64,16,12,85,3,2,2,3,6,0,0,0,0,0,0,3,11,1,33,2818,0,1,0,0,0,0,0,1,0,0,125,40,0,Middle-Aged (31-45),Low Income,At-Risk (31-60d),Silver Spender,Small Family (1 Kid),Married,Graduation,Long-term Member,GoldProds,210,0,Never Accepted,No Acceptance
32880.0,1,0,76,8,4,15,7,6,2,1,1,0,3,8,0,0,0,0,0,0,3,11,0,34,2731,0,1,0,0,0,0,0,1,0,0,40,38,0,Middle-Aged (31-45),Low Income,Inactive (>60d),Bronze Spender,Small Family (1 Kid),Married,Graduation,Long-term Member,MeatProducts,42,0,Never Accepted,No Acceptance
77863.0,0,0,20,881,38,319,16,25,12,1,4,5,10,2,0,0,0,0,0,0,3,11,0,62,2373,0,0,0,1,0,0,0,0,0,1,1279,1267,0,Elderly (>60),High Income,Active (0-30d),Gold Spender,No Children,Together,PhD,New Member,Wines,1291,0,Never Accepted,No Acceptance
50353.0,0,0,72,141,15,153,67,31,35,1,4,4,6,3,0,0,0,0,0,0,3,11,0,43,2180,0,1,0,0,0,0,0,0,1,0,407,372,0,Middle-Aged (31-45),Medium Income,Inactive (>60d),Silver Spender,No Children,Married,Master,New Member,MeatProducts,442,0,Never Accepted,No Acceptance
61839.0,0,0,20,1000,155,379,224,17,120,1,4,8,4,8,0,0,0,0,0,0,3,11,0,56,2845,0,0,1,0,0,0,0,1,0,0,1775,1655,0,Senior (46-60),Medium Income,Active (0-30d),Gold Spender,No Children,Single,Graduation,Long-term Member,Wines,1895,0,Never Accepted,No Acceptance
49154.0,1,1,69,206,10,67,30,27,71,6,4,1,8,6,0,0,0,0,0,0,3,11,0,60,2397,0,1,0,0,0,0,0,0,0,1,340,269,0,Senior (46-60),Medium Income,Inactive (>60d),Silver Spender,Large Family (>1 Kid),Married,PhD,New Member,Wines,411,0,Never Accepted,No Acceptance
47682.0,0,1,80,162,61,83,97,57,61,4,4,3,8,5,0,0,0,0,0,0,3,11,0,45,2658,0,0,0,0,1,1,0,0,0,0,460,399,0,Middle-Aged (31-45),Medium Income,Inactive (>60d),Silver Spender,Small Family (1 Kid),Widow,2n Cycle,Long-term Member,Wines,521,0,Never Accepted,No Acceptance
72679.0,0,1,65,619,54,260,127,54,54,1,4,7,5,1,0,0,0,0,0,0,3,11,0,51,2443,0,0,1,0,0,0,0,1,0,0,1114,1060,0,Senior (46-60),High Income,Inactive (>60d),Gold Spender,Small Family (1 Kid),Single,Graduation,Established,Wines,1168,0,Never Accepted,No Acceptance
57954.0,1,1,52,456,4,24,0,0,9,7,8,2,6,7,0,1,0,0,0,0,3,11,0,43,2170,0,0,0,1,0,0,0,0,1,0,484,475,1,Middle-Aged (31-45),Medium Income,At-Risk (31-60d),Silver Spender,Large Family (>1 Kid),Together,Master,New Member,Wines,493,1,Occasional Responder,Campaign 4
65316.0,1,1,65,112,6,92,3,9,38,2,3,2,5,4,0,0,0,0,0,0,3,11,0,58,2590,0,1,0,0,0,0,0,1,0,0,222,184,0,Senior (46-60),High Income,Inactive (>60d),Silver Spender,Large Family (>1 Kid),Married,Graduation,Established,Wines,260,0,Never Accepted,No Acceptance
28567.0,1,0,57,11,3,22,2,2,6,2,2,0,3,6,0,0,0,0,0,0,3,11,0,38,2536,0,0,1,0,0,0,0,1,0,0,40,34,0,Middle-Aged (31-45),Low Income,At-Risk (31-60d),Bronze Spender,Small Family (1 Kid),Single,Graduation,Established,MeatProducts,46,0,Never Accepted,No Acceptance
47352.0,0,1,70,172,12,112,8,0,15,4,6,1,5,7,0,0,0,0,0,0,3,11,0,69,2603,0,0,0,1,0,0,0,0,1,0,304,289,0,Elderly (>60),Medium Income,Inactive (>60d),Silver Spender,Small Family (1 Kid),Together,Master,Established,Wines,319,0,Never Accepted,No Acceptance
44931.0,0,1,0,78,0,11,0,0,7,1,2,1,3,5,0,0,0,0,0,0,3,11,0,53,2321,0,0,0,1,0,0,0,1,0,0,89,82,0,Senior (46-60),Medium Income,Active (0-30d),Bronze Spender,Small Family (1 Kid),Together,Graduation,New Member,Wines,96,0,Never Accepted,No Acceptance
76982.0,0,0,19,464,151,292,65,60,30,1,8,3,4,4,0,0,1,0,0,0,3,11,1,53,2293,1,0,0,0,0,0,0,1,0,0,1032,1002,1,Senior (46-60),High Income,Active (0-30d),Gold Spender,No Children,Divorced,Graduation,New Member,Wines,1062,1,Occasional Responder,Campaign 5
57247.0,0,1,50,99,4,32,37,54,6,2,2,1,7,2,0,0,0,0,0,0,3,11,0,68,2484,0,0,0,1,0,1,0,0,0,0,226,220,0,Elderly (>60),Medium Income,At-Risk (31-60d),Silver Spender,Small Family (1 Kid),Together,2n Cycle,Established,Wines,232,0,Never Accepted,No Acceptance
22944.0,1,0,67,19,3,19,4,5,26,3,3,0,3,7,0,0,0,0,0,0,3,11,0,39,2347,0,0,1,0,0,0,0,0,1,0,50,24,0,Middle-Aged (31-45),Low Income,Inactive (>60d),Bronze Spender,Small Family (1 Kid),Single,Master,New Member,GoldProds,76,0,Never Accepted,No Acceptance
25315.0,1,0,46,1,9,8,11,3,22,3,3,0,3,8,0,0,0,0,0,0,3,11,0,43,2393,0,0,0,1,0,1,0,0,0,0,32,10,0,Middle-Aged (31-45),Low Income,At-Risk (31-60d),Bronze Spender,Small Family (1 Kid),Together,2n Cycle,New Member,GoldProds,54,0,Never Accepted,No Acceptance
43638.0,0,1,37,63,10,83,7,19,19,2,4,1,4,7,0,0,0,0,0,0,3,11,0,51,2851,0,0,0,0,1,0,0,1,0,0,182,163,0,Senior (46-60),Medium Income,At-Risk (31-60d),Silver Spender,Small Family (1 Kid),Widow,Graduation,Long-term Member,MeatProducts,201,0,Never Accepted,No Acceptance
42710.0,1,0,38,252,3,42,4,3,102,2,4,5,3,6,0,0,0,0,0,0,3,11,0,36,2737,0,0,1,0,0,0,0,0,0,1,304,202,0,Middle-Aged (31-45),Medium Income,At-Risk (31-60d),Silver Spender,Small Family (1 Kid),Single,PhD,Long-term Member,Wines,406,0,Never Accepted,No Acceptance
84169.0,0,0,9,1478,19,403,0,19,0,1,7,6,6,3,0,1,1,0,0,0,3,11,1,38,2485,0,1,0,0,0,0,0,0,0,1,1919,1919,2,Middle-Aged (31-45),High Income,Active (0-30d),Gold Spender,No Children,Married,PhD,Established,Wines,1919,2,Occasional Responder,Campaign 4
54058.0,0,1,56,198,18,252,32,108,54,2,4,6,8,3,0,0,0,0,0,0,3,11,0,44,2549,0,0,0,1,0,0,0,1,0,0,608,554,0,Middle-Aged (31-45),Medium Income,At-Risk (31-60d),Silver Spender,Small Family (1 Kid),Together,Graduation,Established,MeatProducts,662,0,Never Accepted,No Acceptance
24683.0,1,0,98,8,4,10,6,7,6,2,2,0,4,5,0,0,0,0,0,0,3,11,0,30,2272,0,1,0,0,0,1,0,0,0,0,35,29,0,Young Adult (<30),Low Income,Inactive (>60d),Bronze Spender,Small Family (1 Kid),Married,2n Cycle,New Member,MeatProducts,41,0,Never Accepted,No Acceptance
85620.0,0,0,68,416,46,925,60,107,46,1,3,6,4,1,0,0,0,0,0,0,3,11,1,56,2332,0,0,0,0,1,0,0,1,0,0,1554,1508,0,Senior (46-60),High Income,Inactive (>60d),Gold Spender,No Children,Widow,Graduation,New Member,MeatProducts,1600,0,Never Accepted,No Acceptance
47850.0,1,0,72,42,7,43,20,12,10,1,3,0,4,6,0,0,0,0,0,0,3,11,0,40,2367,0,1,0,0,0,0,0,1,0,0,124,114,0,Middle-Aged (31-45),Medium Income,Inactive (>60d),Silver Spender,Small Family (1 Kid),Married,Graduation,New Member,MeatProducts,134,0,Never Accepted,No Acceptance
19514.0,1,1,47,14,3,21,2,1,28,4,3,1,2,8,1,0,0,0,0,0,3,11,1,52,2313,0,1,0,0,0,0,0,1,0,0,41,13,1,Senior (46-60),Low Income,At-Risk (31-60d),Bronze Spender,Large Family (>1 Kid),Married,Graduation,New Member,GoldProds,69,1,Occasional Responder,Campaign 3
27159.0,1,1,33,17,0,3,0,0,1,2,1,0,3,6,0,0,0,0,0,0,3,11,0,47,2251,0,1,0,0,0,0,0,0,1,0,20,19,0,Senior (46-60),Low Income,At-Risk (31-60d),Bronze Spender,Large Family (>1 Kid),Married,Master,New Member,Wines,21,0,Never Accepted,No Acceptance
39548.0,1,1,87,15,4,10,3,4,18,2,1,1,3,3,0,0,0,0,0,0,3,11,0,57,2249,0,0,1,0,0,1,0,0,0,0,36,18,0,Senior (46-60),Low Income,Inactive (>60d),Bronze Spender,Large Family (>1 Kid),Single,2n Cycle,New Member,GoldProds,54,0,Never Accepted,No Acceptance
21474.0,1,0,0,6,16,24,11,0,34,2,3,1,2,7,1,0,0,0,0,0,3,11,1,31,2241,0,0,1,0,0,0,0,1,0,0,57,23,1,Middle-Aged (31-45),Low Income,Active (0-30d),Bronze Spender,Small Family (1 Kid),Single,Graduation,New Member,GoldProds,91,1,Occasional Responder,Campaign 3
60504.0,0,1,73,458,0,24,6,4,34,2,6,2,8,6,0,0,0,0,0,0,3,11,0,49,2301,0,0,1,0,0,0,0,0,0,1,492,458,0,Senior (46-60),Medium Income,Inactive (>60d),Silver Spender,Small Family (1 Kid),Single,PhD,New Member,Wines,526,0,Never Accepted,No Acceptance
22419.0,0,0,74,30,3,47,19,21,42,1,3,2,2,8,0,0,0,0,0,0,3,11,0,57,2596,0,1,0,0,0,0,0,1,0,0,120,78,0,Senior (46-60),Low Income,Inactive (>60d),Silver Spender,No Children,Married,Graduation,Established,MeatProducts,162,0,Never Accepted,No Acceptance
81698.0,0,0,4,179,28,520,111,123,47,1,3,8,13,1,0,0,0,0,0,0,3,11,1,71,2394,0,1,0,0,0,0,0,0,1,0,961,914,0,Elderly (>60),High Income,Active (0-30d),Gold Spender,No Children,Married,Master,New Member,MeatProducts,1008,0,Never Accepted,No Acceptance
43462.0,1,1,50,90,17,97,15,6,15,6,4,1,5,8,0,0,0,0,0,0,3,11,0,68,2814,0,0,0,1,0,0,0,1,0,0,225,210,0,Elderly (>60),Medium Income,At-Risk (31-60d),Silver Spender,Large Family (>1 Kid),Together,Graduation,Long-term Member,MeatProducts,240,0,Never Accepted,No Acceptance
54880.0,1,0,57,308,85,137,102,45,118,2,6,2,11,5,0,0,0,0,0,0,3,11,0,42,2644,0,0,1,0,0,0,0,0,0,1,677,559,0,Middle-Aged (31-45),Medium Income,At-Risk (31-60d),Silver Spender,Small Family (1 Kid),Single,PhD,Long-term Member,Wines,795,0,Never Accepted,No Acceptance
79908.0,0,0,30,557,129,761,29,185,111,1,5,6,7,2,0,0,1,0,0,0,3,11,0,38,2609,0,1,0,0,0,0,0,1,0,0,1661,1550,1,Middle-Aged (31-45),High Income,Active (0-30d),Gold Spender,No Children,Married,Graduation,Established,MeatProducts,1772,1,Occasional Responder,Campaign 5
15315.0,0,0,27,7,4,13,15,8,17,2,2,0,4,5,0,0,0,0,0,0,3,11,0,50,2489,0,1,0,0,0,1,0,0,0,0,47,30,0,Senior (46-60),Low Income,Active (0-30d),Bronze Spender,No Children,Married,2n Cycle,Established,GoldProds,64,0,Never Accepted,No Acceptance
87771.0,0,1,61,1492,38,287,50,57,33,1,5,10,4,6,0,1,1,1,1,0,3,11,1,61,2562,0,0,0,1,0,0,0,1,0,0,1924,1891,4,Elderly (>60),High Income,Inactive (>60d),Gold Spender,Small Family (1 Kid),Together,Graduation,Established,Wines,1957,4,Campaign Enthusiast,Campaign 1
33039.0,1,0,4,30,8,12,8,8,12,1,2,0,4,5,0,0,0,0,0,0,3,11,0,42,2452,0,1,0,0,0,0,0,1,0,0,66,54,0,Middle-Aged (31-45),Low Income,Active (0-30d),Bronze Spender,Small Family (1 Kid),Married,Graduation,Established,Wines,78,0,Never Accepted,No Acceptance
81741.0,0,0,75,249,153,940,58,134,38,0,6,6,7,2,0,0,0,0,0,0,3,11,0,40,2537,0,0,1,0,0,0,0,1,0,0,1534,1496,0,Middle-Aged (31-45),High Income,Inactive (>60d),Gold Spender,No Children,Single,Graduation,Established,MeatProducts,1572,0,Never Accepted,No Acceptance
71499.0,0,1,12,465,25,132,136,0,37,2,8,3,13,4,0,0,0,0,0,0,3,11,0,49,2528,0,0,0,1,0,0,0,0,1,0,758,721,0,Senior (46-60),High Income,Active (0-30d),Silver Spender,Small Family (1 Kid),Together,Master,Established,Wines,795,0,Never Accepted,No Acceptance
62466.0,0,1,13,129,129,259,168,121,83,5,6,3,12,4,0,0,0,0,0,0,3,11,0,50,2324,0,1,0,0,0,1,0,0,0,0,806,723,0,Senior (46-60),Medium Income,Active (0-30d),Gold Spender,Small Family (1 Kid),Married,2n Cycle,New Member,MeatProducts,889,0,Never Accepted,No Acceptance
48799.0,0,1,9,174,18,81,28,6,24,3,3,2,7,3,0,0,0,0,0,0,3,11,0,57,2395,1,0,0,0,0,0,0,0,0,1,307,283,0,Senior (46-60),Medium Income,Active (0-30d),Silver Spender,Small Family (1 Kid),Divorced,PhD,New Member,Wines,331,0,Never Accepted,No Acceptance
52157.0,0,1,48,189,2,29,3,2,40,2,3,2,5,4,0,0,0,0,0,0,3,11,0,70,2181,0,0,0,1,0,0,0,0,0,1,225,185,0,Elderly (>60),Medium Income,At-Risk (31-60d),Silver Spender,Small Family (1 Kid),Together,PhD,New Member,Wines,265,0,Never Accepted,No Acceptance
66565.0,0,1,80,747,10,161,65,40,42,4,4,2,9,8,0,0,0,0,0,0,3,11,0,58,2730,0,0,1,0,0,0,0,1,0,0,1023,981,0,Senior (46-60),High Income,Inactive (>60d),Gold Spender,Small Family (1 Kid),Single,Graduation,Long-term Member,Wines,1065,0,Never Accepted,No Acceptance
29298.0,1,1,60,6,0,2,2,0,1,1,1,0,2,5,0,0,0,0,0,0,3,11,0,69,2454,0,0,0,1,0,0,0,0,1,0,10,9,0,Elderly (>60),Low Income,At-Risk (31-60d),Bronze Spender,Large Family (>1 Kid),Together,Master,Established,Wines,11,0,Never Accepted,No Acceptance
47691.0,0,1,43,14,0,3,0,0,4,1,1,0,2,6,0,0,0,0,0,0,3,11,0,41,2518,0,0,1,0,0,0,0,1,0,0,17,13,0,Middle-Aged (31-45),Medium Income,At-Risk (31-60d),Bronze Spender,Small Family (1 Kid),Single,Graduation,Established,Wines,21,0,Never Accepted,No Acceptance
38200.0,1,1,19,12,0,4,0,0,1,1,1,0,2,7,0,0,0,0,0,0,3,11,0,50,2728,0,0,0,1,0,0,0,1,0,0,16,15,0,Senior (46-60),Low Income,Active (0-30d),Bronze Spender,Large Family (>1 Kid),Together,Graduation,Long-term Member,Wines,17,0,Never Accepted,No Acceptance
44989.0,0,1,26,98,0,106,49,10,106,5,5,1,5,6,0,0,0,0,0,0,3,11,0,46,2814,0,1,0,0,0,0,0,1,0,0,263,157,0,Senior (46-60),Medium Income,Active (0-30d),Silver Spender,Small Family (1 Kid),Married,Graduation,Long-term Member,MeatProducts,369,0,Never Accepted,No Acceptance
38443.0,1,1,58,32,0,5,0,0,1,2,1,0,3,7,0,0,0,0,0,0,3,11,0,52,2312,0,1,0,0,0,0,0,0,0,1,37,36,0,Senior (46-60),Low Income,At-Risk (31-60d),Bronze Spender,Large Family (>1 Kid),Married,PhD,New Member,Wines,38,0,Never Accepted,No Acceptance
38593.0,1,0,42,51,12,49,17,24,24,3,4,1,3,8,0,0,0,0,0,0,3,11,0,42,2448,0,0,1,0,0,1,0,0,0,0,153,129,0,Middle-Aged (31-45),Low Income,At-Risk (31-60d),Silver Spender,Small Family (1 Kid),Single,2n Cycle,Established,Wines,177,0,Never Accepted,No Acceptance
64413.0,0,1,27,200,5,44,0,10,20,1,5,1,5,5,0,0,0,0,0,0,3,11,0,50,2491,0,0,0,1,0,0,0,0,0,1,259,239,0,Senior (46-60),High Income,Active (0-30d),Silver Spender,Small Family (1 Kid),Together,PhD,Established,Wines,279,0,Never Accepted,No Acceptance
36959.0,1,0,56,25,6,25,6,0,0,2,2,0,3,8,0,0,0,0,0,0,3,11,0,39,2429,0,1,0,0,0,0,0,0,1,0,62,62,0,Middle-Aged (31-45),Low Income,At-Risk (31-60d),Bronze Spender,Small Family (1 Kid),Married,Master,Established,Wines,62,0,Never Accepted,No Acceptance
61996.0,0,1,27,1050,12,144,0,0,24,3,6,4,8,5,0,1,0,1,1,0,3,11,1,43,2673,0,1,0,0,0,0,0,0,0,1,1206,1182,3,Middle-Aged (31-45),Medium Income,Active (0-30d),Gold Spender,Small Family (1 Kid),Married,PhD,Long-term Member,Wines,1230,3,Campaign Enthusiast,Campaign 1
51287.0,1,1,10,117,0,22,13,0,30,3,4,1,3,7,0,0,0,0,0,0,3,11,0,52,2248,0,1,0,0,0,0,0,1,0,0,152,122,0,Senior (46-60),Medium Income,Active (0-30d),Silver Spender,Large Family (>1 Kid),Married,Graduation,New Member,Wines,182,0,Never Accepted,No Acceptance
13260.0,1,1,48,9,4,17,10,2,7,4,3,0,3,8,0,0,0,0,0,0,3,11,0,50,2469,0,1,0,0,0,0,0,1,0,0,42,35,0,Senior (46-60),Low Income,At-Risk (31-60d),Bronze Spender,Large Family (>1 Kid),Married,Graduation,Established,MeatProducts,49,0,Never Accepted,No Acceptance
47472.0,1,1,39,56,0,11,0,0,8,2,2,0,4,5,0,0,0,0,0,0,3,11,0,54,2445,0,0,0,1,0,0,0,0,0,1,67,59,0,Senior (46-60),Medium Income,At-Risk (31-60d),Bronze Spender,Large Family (>1 Kid),Together,PhD,Established,Wines,75,0,Never Accepted,No Acceptance
54603.0,1,1,85,145,13,46,17,2,4,6,4,2,4,7,0,0,0,0,0,0,3,11,0,64,2514,0,0,0,1,0,0,0,0,1,0,223,219,0,Elderly (>60),Medium Income,Inactive (>60d),Silver Spender,Large Family (>1 Kid),Together,Master,Established,Wines,227,0,Never Accepted,No Acceptance
45207.0,1,1,64,203,0,10,0,0,2,5,3,1,6,6,0,1,0,0,0,0,3,11,0,46,2755,0,1,0,0,0,0,0,0,0,1,213,211,1,Senior (46-60),Medium Income,Inactive (>60d),Silver Spender,Large Family (>1 Kid),Married,PhD,Long-term Member,Wines,215,1,Occasional Responder,Campaign 4
40689.0,0,1,69,270,3,27,39,6,99,7,7,1,5,8,0,0,0,0,0,0,3,11,0,69,2627,0,0,0,1,0,0,0,1,0,0,345,246,0,Elderly (>60),Medium Income,Inactive (>60d),Silver Spender,Small Family (1 Kid),Together,Graduation,Established,Wines,444,0,Never Accepted,No Acceptance
47821.0,1,1,54,9,0,16,6,6,10,1,1,0,3,8,0,0,0,0,0,0,3,11,0,53,2411,0,0,0,1,0,1,0,0,0,0,37,27,0,Senior (46-60),Medium Income,At-Risk (31-60d),Bronze Spender,Large Family (>1 Kid),Together,2n Cycle,Established,MeatProducts,47,0,Never Accepted,No Acceptance
27450.0,0,0,57,37,12,23,8,11,52,1,2,1,3,7,0,0,0,0,0,0,3,11,0,69,2599,0,1,0,0,0,0,0,0,1,0,91,39,0,Elderly (>60),Low Income,At-Risk (31-60d),Silver Spender,No Children,Married,Master,Established,GoldProds,143,0,Never Accepted,No Acceptance
39453.0,1,0,64,46,0,7,0,0,2,2,2,0,3,6,0,0,0,0,0,0,3,11,0,37,2246,0,0,0,1,0,0,0,1,0,0,53,51,0,Middle-Aged (31-45),Low Income,Inactive (>60d),Bronze Spender,Small Family (1 Kid),Together,Graduation,New Member,Wines,55,0,Never Accepted,No Acceptance
26850.0,1,1,10,31,1,13,7,2,9,4,2,1,4,4,0,0,0,0,0,0,3,11,0,49,2231,0,0,0,1,0,1,0,0,0,0,54,45,0,Senior (46-60),Low Income,Active (0-30d),Bronze Spender,Large Family (>1 Kid),Together,2n Cycle,New Member,Wines,63,0,Never Accepted,No Acceptance
79800.0,0,0,65,1060,21,530,32,0,224,1,5,11,5,3,1,0,1,1,0,0,3,11,1,65,2803,0,0,0,0,1,0,0,1,0,0,1643,1419,3,Elderly (>60),High Income,Inactive (>60d),Gold Spender,No Children,Widow,Graduation,Long-term Member,Wines,1867,3,Campaign Enthusiast,Campaign 1
61794.0,0,1,74,264,47,188,54,47,11,2,4,4,10,2,0,0,0,0,0,0,3,11,0,59,2447,0,1,0,0,0,0,0,0,1,0,600,589,0,Senior (46-60),Medium Income,Inactive (>60d),Silver Spender,Small Family (1 Kid),Married,Master,Established,Wines,611,0,Never Accepted,No Acceptance
53863.0,0,1,4,399,4,30,6,4,30,3,7,1,7,7,0,1,0,0,0,0,3,11,0,65,2202,0,0,0,1,0,0,0,1,0,0,443,413,1,Elderly (>60),Medium Income,Active (0-30d),Silver Spender,Small Family (1 Kid),Together,Graduation,New Member,Wines,473,1,Occasional Responder,Campaign 4
24221.0,0,0,94,8,9,9,2,5,22,1,1,1,3,4,0,0,0,0,0,0,3,11,0,61,2472,0,0,0,1,0,0,0,1,0,0,33,11,0,Elderly (>60),Low Income,Inactive (>60d),Bronze Spender,No Children,Together,Graduation,Established,GoldProds,55,0,Never Accepted,No Acceptance
39684.0,1,0,41,19,0,35,6,4,17,2,2,1,2,7,0,0,0,0,0,1,3,11,1,36,2784,0,0,1,0,0,0,0,0,0,1,64,47,0,Middle-Aged (31-45),Low Income,At-Risk (31-60d),Bronze Spender,Small Family (1 Kid),Single,PhD,Long-term Member,MeatProducts,81,0,Never Accepted,No Acceptance
92163.0,0,0,25,817,183,797,106,163,20,0,5,11,5,2,0,0,1,1,0,0,3,11,1,45,2723,0,1,0,0,0,0,0,0,1,0,2066,2046,2,Middle-Aged (31-45),High Income,Active (0-30d),Gold Spender,No Children,Married,Master,Long-term Member,Wines,2086,2,Occasional Responder,Campaign 1
69882.0,0,0,94,292,127,635,132,127,165,1,3,7,9,1,0,0,0,0,0,0,3,11,0,55,2390,0,0,1,0,0,0,0,0,1,0,1313,1148,0,Senior (46-60),High Income,Inactive (>60d),Gold Spender,No Children,Single,Master,New Member,MeatProducts,1478,0,Never Accepted,No Acceptance
33178.0,1,0,9,12,6,2,11,2,16,1,1,0,3,4,0,0,0,0,0,0,3,11,0,43,2309,0,0,0,1,0,0,0,1,0,0,33,17,0,Middle-Aged (31-45),Low Income,Active (0-30d),Bronze Spender,Small Family (1 Kid),Together,Graduation,New Member,GoldProds,49,0,Never Accepted,No Acceptance
59973.0,0,0,47,130,30,168,20,34,0,1,3,4,7,1,0,0,0,0,0,0,3,11,0,48,2450,0,1,0,0,0,0,0,0,0,1,382,382,0,Senior (46-60),Medium Income,At-Risk (31-60d),Silver Spender,No Children,Married,PhD,Established,MeatProducts,382,0,Never Accepted,No Acceptance
17459.0,1,0,12,6,4,16,3,10,30,3,3,1,2,7,0,0,0,0,0,0,3,11,1,45,2442,0,0,0,1,0,0,0,0,1,0,39,9,0,Middle-Aged (31-45),Low Income,Active (0-30d),Bronze Spender,Small Family (1 Kid),Together,Master,Established,GoldProds,69,0,Never Accepted,No Acceptance
23910.0,1,0,80,16,12,18,7,1,13,1,2,0,3,7,0,0,0,0,0,0,3,11,0,51,2770,1,0,0,0,0,0,0,1,0,0,54,41,0,Senior (46-60),Low Income,Inactive (>60d),Bronze Spender,Small Family (1 Kid),Divorced,Graduation,Long-term Member,MeatProducts,67,0,Never Accepted,No Acceptance
42169.0,1,1,20,19,0,9,0,0,2,2,1,0,3,8,0,0,0,0,0,0,3,11,0,51,2412,0,1,0,0,0,0,0,0,1,0,28,26,0,Senior (46-60),Medium Income,Active (0-30d),Bronze Spender,Large Family (>1 Kid),Married,Master,Established,Wines,30,0,Never Accepted,No Acceptance
26224.0,1,0,39,4,7,15,13,9,15,3,2,1,3,6,0,0,0,0,0,0,3,11,0,42,2549,0,1,0,0,0,1,0,0,0,0,48,33,0,Middle-Aged (31-45),Low Income,At-Risk (31-60d),Bronze Spender,Small Family (1 Kid),Married,2n Cycle,Established,MeatProducts,63,0,Never Accepted,No Acceptance
31089.0,1,0,57,31,3,31,2,8,4,3,3,0,4,8,0,0,0,0,0,0,3,11,0,39,2840,0,0,0,1,0,0,0,1,0,0,75,71,0,Middle-Aged (31-45),Low Income,At-Risk (31-60d),Bronze Spender,Small Family (1 Kid),Together,Graduation,Long-term Member,Wines,79,0,Never Accepted,No Acceptance
30081.0,0,1,27,36,0,2,0,0,4,1,1,0,3,7,0,0,0,0,0,0,3,11,0,59,2652,0,0,1,0,0,0,0,1,0,0,38,34,0,Senior (46-60),Low Income,Active (0-30d),Bronze Spender,Small Family (1 Kid),Single,Graduation,Long-term Member,Wines,42,0,Never Accepted,No Acceptance
62807.0,0,1,83,526,28,135,10,21,99,3,5,3,12,5,0,0,0,0,0,0,3,11,0,60,2826,0,0,0,1,0,0,0,1,0,0,720,621,0,Senior (46-60),High Income,Inactive (>60d),Silver Spender,Small Family (1 Kid),Together,Graduation,Long-term Member,Wines,819,0,Never Accepted,No Acceptance
72906.0,0,0,79,400,32,519,71,75,54,1,3,4,9,1,0,0,0,0,0,0,3,11,0,65,2444,0,0,1,0,0,0,0,1,0,0,1097,1043,0,Elderly (>60),High Income,Inactive (>60d),Gold Spender,No Children,Single,Graduation,Established,MeatProducts,1151,0,Never Accepted,No Acceptance
61467.0,0,2,69,410,16,114,0,5,49,3,5,2,10,5,0,0,0,0,0,0,3,11,0,72,2726,0,1,0,0,0,0,0,0,0,1,545,496,0,Elderly (>60),Medium Income,Inactive (>60d),Silver Spender,Large Family (>1 Kid),Married,PhD,Long-term Member,Wines,594,0,Never Accepted,No Acceptance
49618.0,1,1,77,80,3,26,4,2,14,4,3,1,3,7,0,0,0,0,0,0,3,11,0,54,2678,0,0,0,1,0,0,0,0,1,0,115,101,0,Senior (46-60),Medium Income,Inactive (>60d),Silver Spender,Large Family (>1 Kid),Together,Master,Long-term Member,Wines,129,0,Never Accepted,No Acceptance
21888.0,1,0,15,88,10,46,2,3,64,4,5,1,2,10,0,0,0,0,0,0,3,11,1,34,2706,0,0,1,0,0,0,0,0,1,0,149,85,0,Middle-Aged (31-45),Low Income,Active (0-30d),Silver Spender,Small Family (1 Kid),Single,Master,Long-term Member,Wines,213,0,Never Accepted,No Acceptance
42429.0,0,1,99,55,0,6,2,0,4,2,1,1,3,5,0,0,0,0,0,0,3,11,0,47,2297,0,0,0,0,1,0,0,1,0,0,63,59,0,Senior (46-60),Medium Income,Inactive (>60d),Bronze Spender,Small Family (1 Kid),Widow,Graduation,New Member,Wines,67,0,Never Accepted,No Acceptance
26150.0,2,1,61,5,1,13,3,5,1,1,1,0,3,7,0,0,0,0,0,0,3,11,0,64,2634,1,0,0,0,0,0,0,1,0,0,27,26,0,Elderly (>60),Low Income,Inactive (>60d),Bronze Spender,Large Family (>1 Kid),Divorced,Graduation,Long-term Member,MeatProducts,28,0,Never Accepted,No Acceptance
30801.0,0,1,23,8,4,5,15,2,11,2,1,0,3,7,0,0,0,0,0,0,3,11,0,45,2770,0,1,0,0,0,0,1,0,0,0,34,23,0,Middle-Aged (31-45),Low Income,Active (0-30d),Bronze Spender,Small Family (1 Kid),Married,Basic,Long-term Member,FishProducts,45,0,Never Accepted,No Acceptance
81168.0,0,0,84,410,0,592,147,22,22,1,6,4,7,3,0,0,0,1,0,0,3,11,0,55,2212,0,1,0,0,0,0,0,1,0,0,1171,1149,1,Senior (46-60),High Income,Inactive (>60d),Gold Spender,No Children,Married,Graduation,New Member,MeatProducts,1193,1,Occasional Responder,Campaign 1
26877.0,0,0,74,101,13,76,20,18,40,2,3,1,6,6,0,0,0,0,0,0,3,11,0,51,2473,0,0,1,0,0,0,0,0,1,0,228,188,0,Senior (46-60),Low Income,Inactive (>60d),Silver Spender,No Children,Single,Master,Established,Wines,268,0,Never Accepted,No Acceptance
45006.0,0,0,90,162,25,53,16,0,10,1,3,1,7,3,0,0,0,0,0,0,3,11,0,76,2505,0,0,0,0,1,0,0,0,1,0,256,246,0,Elderly (>60),Medium Income,Inactive (>60d),Silver Spender,No Children,Widow,Master,Established,Wines,266,0,Never Accepted,No Acceptance
18978.0,1,0,41,2,8,1,4,7,15,1,1,0,3,8,0,0,0,0,0,0,3,11,0,47,2724,0,1,0,0,0,0,1,0,0,0,22,7,0,Senior (46-60),Low Income,At-Risk (31-60d),Bronze Spender,Small Family (1 Kid),Married,Basic,Long-term Member,GoldProds,37,0,Never Accepted,No Acceptance
22574.0,2,1,28,25,0,8,2,0,2,2,2,0,3,7,0,0,0,0,0,0,3,11,0,53,2403,0,1,0,0,0,0,0,1,0,0,35,33,0,Senior (46-60),Low Income,Active (0-30d),Bronze Spender,Large Family (>1 Kid),Married,Graduation,New Member,Wines,37,0,Never Accepted,No Acceptance
48240.0,0,0,73,389,91,248,64,49,41,3,6,3,13,5,0,0,0,0,0,0,3,11,1,51,2756,0,0,1,0,0,0,0,0,0,1,841,800,0,Senior (46-60),Medium Income,Inactive (>60d),Gold Spender,No Children,Single,PhD,Long-term Member,Wines,882,0,Never Accepted,No Acceptance
45837.0,1,1,88,215,13,87,17,17,24,5,6,2,5,7,0,0,0,0,0,0,3,11,0,46,2497,0,1,0,0,0,0,0,1,0,0,349,325,0,Senior (46-60),Medium Income,Inactive (>60d),Silver Spender,Large Family (>1 Kid),Married,Graduation,Established,Wines,373,0,Never Accepted,No Acceptance
35791.0,2,1,94,27,0,5,0,0,3,2,1,0,3,8,0,0,0,0,0,0,3,11,0,55,2578,0,0,1,0,0,0,0,0,1,0,32,29,0,Senior (46-60),Low Income,Inactive (>60d),Bronze Spender,Large Family (>1 Kid),Single,Master,Established,Wines,35,0,Never Accepted,No Acceptance
54162.0,1,1,31,5,6,10,6,5,10,1,1,0,3,4,0,0,0,0,0,0,3,11,0,42,2627,0,0,0,0,1,0,0,1,0,0,32,22,0,Middle-Aged (31-45),Medium Income,At-Risk (31-60d),Bronze Spender,Large Family (>1 Kid),Widow,Graduation,Established,MeatProducts,42,0,Never Accepted,No Acceptance
30522.0,0,1,6,179,8,83,19,11,26,5,1,2,9,2,0,0,0,0,0,0,3,11,0,60,2840,0,1,0,0,0,0,0,0,1,0,300,274,0,Senior (46-60),Low Income,Active (0-30d),Silver Spender,Small Family (1 Kid),Married,Master,Long-term Member,Wines,326,0,Never Accepted,No Acceptance
54456.0,0,1,23,352,0,27,10,0,15,3,6,1,7,6,0,0,0,0,0,0,3,11,0,59,2512,0,1,0,0,0,0,0,0,0,1,389,374,0,Senior (46-60),Medium Income,Active (0-30d),Silver Spender,Small Family (1 Kid),Married,PhD,Established,Wines,404,0,Never Accepted,No Acceptance
31632.0,0,0,92,17,8,12,11,15,32,1,2,1,2,7,0,0,0,0,0,0,3,11,0,49,2509,0,0,1,0,0,0,0,1,0,0,63,31,0,Senior (46-60),Low Income,Inactive (>60d),Bronze Spender,No Children,Single,Graduation,Established,GoldProds,95,0,Never Accepted,No Acceptance
72298.0,0,0,52,625,35,169,58,17,35,1,4,3,6,1,0,1,1,0,0,0,3,11,0,71,2270,0,0,0,0,1,0,0,1,0,0,904,869,2,Elderly (>60),High Income,At-Risk (31-60d),Gold Spender,No Children,Widow,Graduation,New Member,Wines,939,2,Occasional Responder,Campaign 4
36975.0,1,0,50,10,6,11,0,4,2,1,1,0,3,7,0,0,0,0,0,0,3,11,0,42,2342,0,0,1,0,0,1,0,0,0,0,31,29,0,Middle-Aged (31-45),Low Income,At-Risk (31-60d),Bronze Spender,Small Family (1 Kid),Single,2n Cycle,New Member,MeatProducts,33,0,Never Accepted,No Acceptance
72635.0,0,0,54,390,22,323,104,35,107,1,6,8,6,3,0,0,0,1,0,0,3,11,0,65,2550,0,1,0,0,0,1,0,0,0,0,874,767,1,Elderly (>60),High Income,At-Risk (31-60d),Gold Spender,No Children,Married,2n Cycle,Established,Wines,981,1,Occasional Responder,Campaign 1
13624.0,1,0,93,10,2,15,2,1,6,2,2,0,3,6,0,0,0,0,0,0,3,11,0,44,2684,0,1,0,0,0,0,0,1,0,0,30,24,0,Middle-Aged (31-45),Low Income,Inactive (>60d),Bronze Spender,Small Family (1 Kid),Married,Graduation,Long-term Member,MeatProducts,36,0,Never Accepted,No Acceptance
84196.0,0,1,56,215,63,507,231,31,190,1,8,4,7,3,0,0,0,0,0,0,3,11,0,45,2550,0,0,1,0,0,0,0,1,0,0,1047,857,0,Middle-Aged (31-45),High Income,At-Risk (31-60d),Gold Spender,Small Family (1 Kid),Single,Graduation,Established,MeatProducts,1237,0,Never Accepted,No Acceptance
70971.0,0,1,28,1001,17,572,93,125,17,7,11,11,5,7,0,0,0,0,0,0,3,11,1,60,2805,0,0,0,1,0,0,0,1,0,0,1808,1791,0,Senior (46-60),High Income,Active (0-30d),Gold Spender,Small Family (1 Kid),Together,Graduation,Long-term Member,Wines,1825,0,Never Accepted,No Acceptance
34487.0,1,1,94,19,18,33,24,1,8,3,3,0,3,9,0,0,0,0,0,0,3,11,0,43,2820,1,0,0,0,0,0,0,0,0,1,95,87,0,Middle-Aged (31-45),Low Income,Inactive (>60d),Silver Spender,Large Family (>1 Kid),Divorced,PhD,Long-term Member,MeatProducts,103,0,Never Accepted,No Acceptance
28769.0,1,0,76,41,5,129,10,3,3,3,4,1,4,9,0,0,0,0,0,0,3,11,0,43,2717,0,0,1,0,0,0,0,1,0,0,188,185,0,Middle-Aged (31-45),Low Income,Inactive (>60d),Silver Spender,Small Family (1 Kid),Single,Graduation,Long-term Member,MeatProducts,191,0,Never Accepted,No Acceptance
69084.0,1,0,43,1181,107,199,39,30,30,2,7,3,13,8,0,0,0,0,0,0,3,11,0,50,2381,0,1,0,0,0,0,0,0,0,1,1556,1526,0,Senior (46-60),High Income,At-Risk (31-60d),Gold Spender,Small Family (1 Kid),Married,PhD,New Member,Wines,1586,0,Never Accepted,No Acceptance
65488.0,0,0,46,603,45,207,36,18,54,1,3,4,6,1,0,0,0,0,0,0,3,11,0,62,2175,0,0,0,1,0,0,0,0,0,1,909,855,0,Elderly (>60),High Income,At-Risk (31-60d),Gold Spender,No Children,Together,PhD,New Member,Wines,963,0,Never Accepted,No Acceptance
62466.0,0,1,13,129,129,259,168,121,83,5,6,3,12,4,0,0,0,0,0,0,3,11,0,50,2324,0,1,0,0,0,1,0,0,0,0,806,723,0,Senior (46-60),Medium Income,Active (0-30d),Gold Spender,Small Family (1 Kid),Married,2n Cycle,New Member,MeatProducts,889,0,Never Accepted,No Acceptance
32218.0,0,0,27,10,24,15,13,1,30,1,2,1,3,7,1,0,0,0,0,0,3,11,1,60,2293,0,0,1,0,0,1,0,0,0,0,63,33,1,Senior (46-60),Low Income,Active (0-30d),Bronze Spender,No Children,Single,2n Cycle,New Member,GoldProds,93,1,Occasional Responder,Campaign 3
83917.0,0,0,12,514,22,732,42,198,79,1,6,7,7,3,0,0,0,0,0,0,3,11,1,47,2596,0,0,1,0,0,0,0,1,0,0,1508,1429,0,Senior (46-60),High Income,Active (0-30d),Gold Spender,No Children,Single,Graduation,Established,MeatProducts,1587,0,Never Accepted,No Acceptance
46102.0,2,1,3,14,0,1,0,0,1,1,1,0,2,7,0,0,0,0,0,0,3,11,0,58,2270,1,0,0,0,0,0,0,1,0,0,15,14,0,Senior (46-60),Medium Income,Active (0-30d),Bronze Spender,Large Family (>1 Kid),Divorced,Graduation,New Member,Wines,16,0,Never Accepted,No Acceptance
84574.0,0,0,72,387,20,713,38,54,163,1,9,11,11,5,0,0,0,0,0,0,3,11,0,68,2549,0,0,1,0,0,0,0,1,0,0,1212,1049,0,Elderly (>60),High Income,Inactive (>60d),Gold Spender,No Children,Single,Graduation,Established,MeatProducts,1375,0,Never Accepted,No Acceptance
56181.0,0,1,6,121,103,69,8,44,48,1,4,2,7,4,0,0,0,0,0,0,3,11,0,58,2696,0,1,0,0,0,0,0,1,0,0,345,297,0,Senior (46-60),Medium Income,Active (0-30d),Silver Spender,Small Family (1 Kid),Married,Graduation,Long-term Member,Wines,393,0,Never Accepted,No Acceptance
63120.0,0,1,53,965,69,279,54,41,69,5,8,4,9,7,0,0,0,0,0,0,3,11,1,70,2798,1,0,0,0,0,0,0,0,1,0,1408,1339,0,Elderly (>60),High Income,At-Risk (31-60d),Gold Spender,Small Family (1 Kid),Divorced,Master,Long-term Member,Wines,1477,0,Never Accepted,No Acceptance
73691.0,0,1,58,707,21,250,85,43,73,2,6,2,8,2,1,0,0,0,0,0,3,11,0,49,2394,0,1,0,0,0,0,0,1,0,0,1106,1033,1,Senior (46-60),High Income,At-Risk (31-60d),Gold Spender,Small Family (1 Kid),Married,Graduation,New Member,Wines,1179,1,Occasional Responder,Campaign 3
63381.0,0,1,78,571,50,142,33,50,159,4,4,5,13,2,0,0,0,0,0,0,3,11,0,60,2791,0,0,0,1,0,0,0,1,0,0,846,687,0,Senior (46-60),High Income,Inactive (>60d),Gold Spender,Small Family (1 Kid),Together,Graduation,Long-term Member,Wines,1005,0,Never Accepted,No Acceptance
76140.0,0,0,57,586,66,653,17,0,26,1,5,9,6,2,0,0,0,0,0,0,3,11,0,72,2206,0,0,0,1,0,0,0,0,0,1,1322,1296,0,Elderly (>60),High Income,At-Risk (31-60d),Gold Spender,No Children,Together,PhD,New Member,MeatProducts,1348,0,Never Accepted,No Acceptance
62859.0,0,1,37,1063,89,102,16,12,25,4,9,4,6,6,0,0,0,0,0,0,3,11,0,61,2705,1,0,0,0,0,0,0,0,0,1,1282,1257,0,Elderly (>60),High Income,At-Risk (31-60d),Gold Spender,Small Family (1 Kid),Divorced,PhD,Long-term Member,Wines,1307,0,Never Accepted,No Acceptance
45906.0,0,1,20,305,3,27,4,3,144,2,5,4,4,5,1,0,0,0,0,0,3,11,0,56,2577,0,0,1,0,0,0,0,1,0,0,342,198,1,Senior (46-60),Medium Income,Active (0-30d),Silver Spender,Small Family (1 Kid),Single,Graduation,Established,Wines,486,1,Occasional Responder,Campaign 3
77632.0,0,0,73,1200,105,758,0,42,147,1,4,2,6,2,0,1,1,0,0,0,3,11,1,73,2635,0,0,0,1,0,0,0,0,1,0,2105,1958,2,Elderly (>60),High Income,Inactive (>60d),Gold Spender,No Children,Together,Master,Long-term Member,Wines,2252,2,Occasional Responder,Campaign 4
46463.0,1,1,56,163,2,40,8,11,11,7,3,1,6,6,0,0,0,0,0,0,3,11,0,49,2474,0,1,0,0,0,0,0,0,0,1,224,213,0,Senior (46-60),Medium Income,At-Risk (31-60d),Silver Spender,Large Family (>1 Kid),Married,PhD,Established,Wines,235,0,Never Accepted,No Acceptance
55282.0,1,0,9,125,6,73,8,4,19,1,3,1,6,4,0,0,0,0,0,0,3,11,0,50,2357,1,0,0,0,0,0,0,0,1,0,216,197,0,Senior (46-60),Medium Income,Active (0-30d),Silver Spender,Small Family (1 Kid),Divorced,Master,New Member,Wines,235,0,Never Accepted,No Acceptance
78710.0,0,1,42,721,0,152,119,50,50,3,7,6,12,4,0,0,0,0,0,0,3,11,0,43,2196,0,1,0,0,0,0,0,0,1,0,1042,992,0,Middle-Aged (31-45),High Income,At-Risk (31-60d),Gold Spender,Small Family (1 Kid),Married,Master,New Member,Wines,1092,0,Never Accepted,No Acceptance
66886.0,0,1,28,315,4,62,41,31,146,2,7,1,7,5,0,0,0,0,0,0,3,11,0,62,2445,0,0,0,1,0,0,0,1,0,0,453,307,0,Elderly (>60),High Income,Active (0-30d),Silver Spender,Small Family (1 Kid),Together,Graduation,Established,Wines,599,0,Never Accepted,No Acceptance
29103.0,1,0,38,16,0,17,6,3,6,2,1,0,3,9,0,0,0,0,0,0,3,11,0,35,2830,0,0,0,1,0,0,0,1,0,0,42,36,0,Middle-Aged (31-45),Low Income,At-Risk (31-60d),Bronze Spender,Small Family (1 Kid),Together,Graduation,Long-term Member,MeatProducts,48,0,Never Accepted,No Acceptance
67445.0,0,1,63,757,80,217,29,80,11,5,9,6,12,6,0,0,0,0,0,0,3,11,0,46,2845,0,1,0,0,0,0,0,1,0,0,1163,1152,0,Senior (46-60),High Income,Inactive (>60d),Gold Spender,Small Family (1 Kid),Married,Graduation,Long-term Member,Wines,1174,0,Never Accepted,No Acceptance
50616.0,0,1,71,30,2,25,0,1,9,1,1,1,4,2,0,0,0,0,0,0,3,11,0,70,2236,0,0,0,1,0,0,0,0,0,1,58,49,0,Elderly (>60),Medium Income,Inactive (>60d),Bronze Spender,Small Family (1 Kid),Together,PhD,New Member,Wines,67,0,Never Accepted,No Acceptance
49431.0,0,1,9,219,3,100,26,0,17,2,7,1,5,8,0,0,0,0,0,0,3,11,0,65,2854,1,0,0,0,0,0,0,1,0,0,348,331,0,Elderly (>60),Medium Income,Active (0-30d),Silver Spender,Small Family (1 Kid),Divorced,Graduation,Long-term Member,Wines,365,0,Never Accepted,No Acceptance
61278.0,0,1,87,111,3,28,2,6,15,2,3,1,4,6,0,0,0,0,0,0,3,11,0,67,2335,0,0,0,1,0,0,0,1,0,0,150,135,0,Elderly (>60),Medium Income,Inactive (>60d),Silver Spender,Small Family (1 Kid),Together,Graduation,New Member,Wines,165,0,Never Accepted,No Acceptance
26490.0,0,0,92,45,47,52,21,20,25,2,3,1,5,6,0,0,0,0,0,0,3,11,0,62,2804,0,0,0,1,0,1,0,0,0,0,185,160,0,Elderly (>60),Low Income,Inactive (>60d),Silver Spender,No Children,Together,2n Cycle,Long-term Member,MeatProducts,210,0,Never Accepted,No Acceptance
73059.0,0,1,36,410,112,420,0,82,71,1,9,3,13,4,0,0,0,0,0,0,3,11,0,73,2461,0,0,0,1,0,0,0,0,0,1,1024,953,0,Elderly (>60),High Income,At-Risk (31-60d),Gold Spender,Small Family (1 Kid),Together,PhD,Established,MeatProducts,1095,0,Never Accepted,No Acceptance
46734.0,1,2,86,100,1,39,6,1,76,4,3,2,3,6,1,0,0,0,0,0,3,11,0,54,2410,0,0,1,0,0,0,0,0,0,1,147,71,1,Senior (46-60),Medium Income,Inactive (>60d),Silver Spender,Large Family (>1 Kid),Single,PhD,Established,Wines,223,1,Occasional Responder,Campaign 3
56253.0,0,1,83,509,0,65,7,11,5,4,7,2,9,6,0,0,0,0,0,0,3,11,0,57,2728,0,0,0,1,0,0,0,1,0,0,592,587,0,Senior (46-60),Medium Income,Inactive (>60d),Silver Spender,Small Family (1 Kid),Together,Graduation,Long-term Member,Wines,597,0,Never Accepted,No Acceptance
19986.0,1,0,74,3,6,5,0,2,6,1,0,0,3,7,0,0,0,0,0,0,3,11,0,35,2386,0,1,0,0,0,0,0,1,0,0,16,10,0,Middle-Aged (31-45),Low Income,Inactive (>60d),Bronze Spender,Small Family (1 Kid),Married,Graduation,New Member,Fruits,22,0,Never Accepted,No Acceptance
58330.0,0,1,87,445,53,213,104,98,151,1,6,4,13,4,0,0,0,0,0,0,3,11,0,45,2345,0,0,0,0,1,0,0,1,0,0,913,762,0,Middle-Aged (31-45),Medium Income,Inactive (>60d),Gold Spender,Small Family (1 Kid),Widow,Graduation,New Member,Wines,1064,0,Never Accepted,No Acceptance
25965.0,0,0,29,2,2,11,41,7,11,1,2,0,3,8,0,0,0,0,0,0,3,11,0,40,2819,0,1,0,0,0,0,1,0,0,0,63,52,0,Middle-Aged (31-45),Low Income,Active (0-30d),Bronze Spender,No Children,Married,Basic,Long-term Member,FishProducts,74,0,Never Accepted,No Acceptance
14661.0,0,0,88,4,1,11,6,2,2,1,1,0,3,6,0,0,0,0,0,0,3,11,0,64,2703,0,0,0,1,0,0,0,0,1,0,24,22,0,Elderly (>60),Low Income,Inactive (>60d),Bronze Spender,No Children,Together,Master,Long-term Member,MeatProducts,26,0,Never Accepted,No Acceptance
18690.0,0,0,77,6,1,7,23,4,19,1,1,1,2,8,0,0,0,0,0,0,3,11,0,61,2707,0,1,0,0,0,0,0,1,0,0,41,22,0,Elderly (>60),Low Income,Inactive (>60d),Bronze Spender,No Children,Married,Graduation,Long-term Member,FishProducts,60,0,Never Accepted,No Acceptance
45068.0,0,1,25,14,0,3,0,0,3,1,1,0,2,7,0,0,0,0,0,0,3,11,0,46,2568,0,0,0,1,0,0,0,0,0,1,17,14,0,Senior (46-60),Medium Income,Active (0-30d),Bronze Spender,Small Family (1 Kid),Together,PhD,Established,Wines,20,0,Never Accepted,No Acceptance
21063.0,1,0,34,1,10,11,19,3,15,2,2,0,3,6,0,0,0,0,0,0,3,11,0,33,2436,0,0,1,0,0,0,1,0,0,0,44,29,0,Middle-Aged (31-45),Low Income,At-Risk (31-60d),Bronze Spender,Small Family (1 Kid),Single,Basic,Established,FishProducts,59,0,Never Accepted,No Acceptance
29187.0,1,0,43,26,0,6,0,0,2,1,1,0,3,8,0,0,0,0,0,0,3,11,0,52,2575,0,1,0,0,0,0,0,0,0,1,32,30,0,Senior (46-60),Low Income,At-Risk (31-60d),Bronze Spender,Small Family (1 Kid),Married,PhD,Established,Wines,34,0,Never Accepted,No Acceptance
54690.0,1,1,76,111,16,37,7,9,18,3,3,1,5,3,0,0,0,0,0,0,3,11,0,49,2393,0,1,0,0,0,1,0,0,0,0,180,162,0,Senior (46-60),Medium Income,Inactive (>60d),Silver Spender,Large Family (>1 Kid),Married,2n Cycle,New Member,Wines,198,0,Never Accepted,No Acceptance
59304.0,0,1,81,418,61,428,80,51,10,3,7,8,10,5,0,0,0,0,0,0,3,11,0,56,2494,0,1,0,0,0,0,0,0,0,1,1038,1028,0,Senior (46-60),Medium Income,Inactive (>60d),Gold Spender,Small Family (1 Kid),Married,PhD,Established,MeatProducts,1048,0,Never Accepted,No Acceptance
59247.0,0,2,87,327,9,122,19,14,83,5,5,2,9,6,0,0,0,0,0,0,3,11,0,58,2392,0,0,1,0,0,0,0,0,1,0,491,408,0,Senior (46-60),Medium Income,Inactive (>60d),Silver Spender,Large Family (>1 Kid),Single,Master,New Member,Wines,574,0,Never Accepted,No Acceptance
66731.0,0,1,33,371,159,194,58,106,141,4,4,3,6,3,0,0,0,0,0,0,3,11,0,50,2814,0,0,0,0,1,0,0,1,0,0,888,747,0,Senior (46-60),High Income,At-Risk (31-60d),Gold Spender,Small Family (1 Kid),Widow,Graduation,Long-term Member,Wines,1029,0,Never Accepted,No Acceptance
77353.0,0,1,38,275,59,107,69,101,59,2,6,4,8,4,0,0,0,0,0,0,3,11,0,40,2354,0,1,0,0,0,0,0,1,0,0,611,552,0,Middle-Aged (31-45),High Income,At-Risk (31-60d),Silver Spender,Small Family (1 Kid),Married,Graduation,New Member,Wines,670,0,Never Accepted,No Acceptance
52614.0,0,1,63,789,0,142,12,9,38,2,2,4,8,8,0,0,0,0,0,0,3,11,0,45,2734,0,0,1,0,0,0,0,0,0,1,952,914,0,Middle-Aged (31-45),Medium Income,Inactive (>60d),Gold Spender,Small Family (1 Kid),Single,PhD,Long-term Member,Wines,990,0,Never Accepted,No Acceptance
26751.0,2,0,26,1,1,5,0,3,1,1,1,0,2,8,0,0,0,0,0,0,3,11,0,46,2197,0,1,0,0,0,0,0,1,0,0,10,9,0,Senior (46-60),Low Income,Active (0-30d),Bronze Spender,Large Family (>1 Kid),Married,Graduation,New Member,MeatProducts,11,0,Never Accepted,No Acceptance
81300.0,0,1,17,1004,12,145,32,12,36,3,10,3,5,5,0,0,0,1,0,0,3,11,1,57,2766,0,1,0,0,0,0,0,0,0,1,1205,1169,1,Senior (46-60),High Income,Active (0-30d),Gold Spender,Small Family (1 Kid),Married,PhD,Long-term Member,Wines,1241,1,Occasional Responder,Campaign 1
70337.0,0,0,75,187,81,149,25,43,91,1,2,2,12,1,0,0,0,0,0,0,3,11,0,41,2337,0,0,1,0,0,0,0,1,0,0,485,394,0,Middle-Aged (31-45),High Income,Inactive (>60d),Silver Spender,No Children,Single,Graduation,New Member,Wines,576,0,Never Accepted,No Acceptance
36145.0,1,0,13,56,4,76,17,1,18,4,4,1,3,9,1,0,0,0,0,0,3,11,1,35,2537,0,1,0,0,0,1,0,0,0,0,154,136,1,Middle-Aged (31-45),Low Income,Active (0-30d),Silver Spender,Small Family (1 Kid),Married,2n Cycle,Established,MeatProducts,172,1,Occasional Responder,Campaign 3
65295.0,0,0,19,365,32,117,34,110,6,1,3,3,13,2,0,0,0,0,0,0,3,11,0,40,2347,0,0,1,0,0,0,0,0,0,1,658,652,0,Middle-Aged (31-45),High Income,Active (0-30d),Silver Spender,No Children,Single,PhD,New Member,Wines,664,0,Never Accepted,No Acceptance
68118.0,0,1,51,595,23,123,10,23,154,2,8,9,4,6,0,0,0,0,0,0,3,11,0,57,2413,1,0,0,0,0,0,0,1,0,0,774,620,0,Senior (46-60),High Income,At-Risk (31-60d),Gold Spender,Small Family (1 Kid),Divorced,Graduation,Established,Wines,928,0,Never Accepted,No Acceptance
68743.0,0,0,81,1132,134,384,175,134,115,1,11,5,13,7,0,0,0,0,0,0,3,11,0,53,2827,1,0,0,0,0,0,0,1,0,0,1959,1844,0,Senior (46-60),High Income,Inactive (>60d),Gold Spender,No Children,Divorced,Graduation,Long-term Member,Wines,2074,0,Never Accepted,No Acceptance
41039.0,0,0,32,34,11,137,179,61,45,1,8,1,5,8,0,0,0,0,0,0,3,11,0,38,2498,0,0,0,1,0,1,0,0,0,0,422,377,0,Middle-Aged (31-45),Medium Income,At-Risk (31-60d),Silver Spender,No Children,Together,2n Cycle,Established,FishProducts,467,0,Never Accepted,No Acceptance
38946.0,0,1,84,116,6,82,6,6,41,2,3,1,6,5,0,0,0,0,0,0,3,11,0,65,2407,0,0,0,1,0,0,0,1,0,0,216,175,0,Elderly (>60),Low Income,Inactive (>60d),Silver Spender,Small Family (1 Kid),Together,Graduation,Established,Wines,257,0,Never Accepted,No Acceptance
65777.0,0,0,87,565,32,435,28,32,54,1,2,8,6,1,0,0,0,0,0,0,3,11,0,53,2351,0,0,0,1,0,0,0,1,0,0,1092,1038,0,Senior (46-60),High Income,Inactive (>60d),Gold Spender,No Children,Together,Graduation,New Member,Wines,1146,0,Never Accepted,No Acceptance
66476.0,0,1,99,372,18,126,47,48,78,2,5,2,11,4,0,0,0,0,0,0,3,11,0,44,2638,1,0,0,0,0,0,0,0,0,1,611,533,0,Middle-Aged (31-45),High Income,Inactive (>60d),Silver Spender,Small Family (1 Kid),Divorced,PhD,Long-term Member,Wines,689,0,Never Accepted,No Acceptance
86857.0,0,0,96,899,102,838,133,102,40,1,5,6,10,2,0,0,0,0,0,0,3,11,1,48,2814,0,0,1,0,0,0,0,0,0,1,2074,2034,0,Senior (46-60),High Income,Inactive (>60d),Gold Spender,No Children,Single,PhD,Long-term Member,Wines,2114,0,Never Accepted,No Acceptance
77845.0,0,0,40,760,40,480,0,40,26,1,3,5,12,1,0,0,1,1,0,0,3,11,0,31,2203,0,0,0,1,0,0,0,0,0,1,1320,1294,2,Middle-Aged (31-45),High Income,At-Risk (31-60d),Gold Spender,No Children,Together,PhD,New Member,Wines,1346,2,Occasional Responder,Campaign 1
69476.0,0,0,3,260,86,559,63,9,67,1,4,6,4,2,0,0,0,0,0,0,3,11,0,51,2431,0,0,0,1,0,0,0,0,0,1,977,910,0,Senior (46-60),High Income,Active (0-30d),Gold Spender,No Children,Together,PhD,Established,MeatProducts,1044,0,Never Accepted,No Acceptance
50611.0,0,1,98,459,0,24,6,0,4,6,4,5,7,6,0,1,0,0,0,0,3,11,1,60,2792,1,0,0,0,0,0,0,0,0,1,489,485,1,Senior (46-60),Medium Income,Inactive (>60d),Silver Spender,Small Family (1 Kid),Divorced,PhD,Long-term Member,Wines,493,1,Occasional Responder,Campaign 4
61209.0,0,0,73,466,0,224,119,49,99,1,5,3,4,2,0,0,0,0,0,0,3,11,0,50,2467,0,0,1,0,0,0,0,1,0,0,858,759,0,Senior (46-60),Medium Income,Inactive (>60d),Gold Spender,No Children,Single,Graduation,Established,Wines,957,0,Never Accepted,No Acceptance
42315.0,0,1,90,67,15,80,17,11,80,3,1,4,4,3,0,0,0,0,0,0,3,11,0,62,2511,0,0,0,1,0,0,0,0,1,0,190,110,0,Elderly (>60),Medium Income,Inactive (>60d),Silver Spender,Small Family (1 Kid),Together,Master,Established,MeatProducts,270,0,Never Accepted,No Acceptance
13084.0,0,0,29,2,0,7,3,7,10,1,1,0,3,6,0,0,0,0,0,0,3,11,0,68,2398,0,0,0,1,0,0,1,0,0,0,19,9,0,Elderly (>60),Low Income,Active (0-30d),Bronze Spender,No Children,Together,Basic,New Member,GoldProds,29,0,Never Accepted,No Acceptance
47570.0,1,1,3,67,1,20,0,2,31,3,2,2,2,7,0,0,0,0,0,0,3,11,1,71,2555,0,0,0,0,1,0,0,0,1,0,90,59,0,Elderly (>60),Medium Income,Active (0-30d),Bronze Spender,Large Family (>1 Kid),Widow,Master,Established,Wines,121,0,Never Accepted,No Acceptance
61923.0,0,2,94,92,4,18,3,3,6,1,2,1,4,3,0,0,0,0,0,0,3,11,0,59,2497,0,1,0,0,0,0,0,0,1,0,120,114,0,Senior (46-60),Medium Income,Inactive (>60d),Silver Spender,Large Family (>1 Kid),Married,Master,Established,Wines,126,0,Never Accepted,No Acceptance
34824.0,0,0,65,4,2,11,2,0,4,1,1,0,2,6,0,0,0,0,0,0,3,11,0,25,2254,0,0,1,0,0,0,0,1,0,0,19,15,0,Young Adult (<30),Low Income,Inactive (>60d),Bronze Spender,No Children,Single,Graduation,New Member,MeatProducts,23,0,Never Accepted,No Acceptance
26518.0,1,1,33,20,1,28,3,3,2,3,2,0,3,8,0,0,0,0,0,0,3,11,1,71,2606,0,0,1,0,0,0,0,0,0,1,55,53,0,Elderly (>60),Low Income,At-Risk (31-60d),Bronze Spender,Large Family (>1 Kid),Single,PhD,Established,MeatProducts,57,0,Never Accepted,No Acceptance
45938.0,0,0,46,273,11,178,62,83,29,2,8,4,6,6,0,0,0,0,0,0,3,11,0,59,2397,0,0,1,0,0,0,0,1,0,0,607,578,0,Senior (46-60),Medium Income,At-Risk (31-60d),Silver Spender,No Children,Single,Graduation,New Member,Wines,636,0,Never Accepted,No Acceptance
78468.0,0,0,29,434,22,388,104,22,34,1,10,7,10,4,0,0,0,1,0,0,3,11,0,60,2240,0,0,0,1,0,0,0,1,0,0,970,936,1,Senior (46-60),High Income,Active (0-30d),Gold Spender,No Children,Together,Graduation,New Member,Wines,1004,1,Occasional Responder,Campaign 1
78901.0,0,1,99,321,11,309,33,26,34,3,9,3,5,4,0,0,0,0,0,0,3,11,0,47,2444,1,0,0,0,0,0,0,1,0,0,700,666,0,Senior (46-60),High Income,Inactive (>60d),Silver Spender,Small Family (1 Kid),Divorced,Graduation,Established,Wines,734,0,Never Accepted,No Acceptance
71427.0,2,0,26,212,123,177,15,64,23,2,8,2,8,4,0,0,0,0,0,0,3,11,0,42,2268,0,1,0,0,0,0,0,1,0,0,591,568,0,Middle-Aged (31-45),High Income,Active (0-30d),Silver Spender,Large Family (>1 Kid),Married,Graduation,New Member,Wines,614,0,Never Accepted,No Acceptance
71022.0,0,1,30,909,12,278,0,12,242,3,5,2,11,8,1,0,0,0,0,0,3,11,0,42,2297,1,0,0,0,0,0,0,1,0,0,1211,969,1,Middle-Aged (31-45),High Income,Active (0-30d),Gold Spender,Small Family (1 Kid),Divorced,Graduation,New Member,Wines,1453,1,Occasional Responder,Campaign 3
90247.0,0,0,27,1184,32,352,21,16,16,1,3,4,7,1,0,1,1,1,0,0,3,11,1,32,2220,0,0,1,0,0,0,0,0,1,0,1605,1589,3,Middle-Aged (31-45),High Income,Active (0-30d),Gold Spender,No Children,Single,Master,New Member,Wines,1621,3,Campaign Enthusiast,Campaign 1
41335.0,1,0,24,112,19,21,16,14,5,3,4,1,4,7,0,0,0,0,0,0,3,11,0,52,2344,1,0,0,0,0,0,0,0,1,0,182,177,0,Senior (46-60),Medium Income,Active (0-30d),Silver Spender,Small Family (1 Kid),Divorced,Master,New Member,Wines,187,0,Never Accepted,No Acceptance
71952.0,1,0,93,656,80,455,52,107,93,2,8,4,8,4,1,0,1,0,0,0,3,11,0,34,2694,0,1,0,0,0,0,0,1,0,0,1350,1257,2,Middle-Aged (31-45),High Income,Inactive (>60d),Gold Spender,Small Family (1 Kid),Married,Graduation,Long-term Member,Wines,1443,2,Occasional Responder,Campaign 3
35682.0,1,0,34,23,0,8,6,2,18,1,1,1,3,2,0,0,0,0,0,0,3,11,0,50,2161,1,0,0,0,0,0,0,0,0,1,39,21,0,Senior (46-60),Low Income,At-Risk (31-60d),Bronze Spender,Small Family (1 Kid),Divorced,PhD,New Member,Wines,57,0,Never Accepted,No Acceptance
43185.0,0,1,88,537,6,42,16,6,30,2,9,3,6,8,0,0,0,0,0,0,3,11,0,69,2604,1,0,0,0,0,0,0,1,0,0,607,577,0,Elderly (>60),Medium Income,Inactive (>60d),Silver Spender,Small Family (1 Kid),Divorced,Graduation,Established,Wines,637,0,Never Accepted,No Acceptance
66375.0,0,1,96,712,0,45,0,0,191,3,2,4,5,7,1,0,0,0,0,0,3,11,0,72,2379,0,0,0,1,0,0,0,0,0,1,757,566,1,Elderly (>60),High Income,Inactive (>60d),Silver Spender,Small Family (1 Kid),Together,PhD,New Member,Wines,948,1,Occasional Responder,Campaign 3
35178.0,1,0,10,23,1,13,2,2,18,1,1,1,2,7,1,0,0,0,0,0,3,11,1,49,2694,0,1,0,0,0,0,0,0,1,0,41,23,1,Senior (46-60),Low Income,Active (0-30d),Bronze Spender,Small Family (1 Kid),Married,Master,Long-term Member,Wines,59,1,Occasional Responder,Campaign 3
25252.0,1,0,26,1,3,4,2,2,6,1,1,0,2,8,0,0,0,0,0,0,3,11,0,34,2511,0,1,0,0,0,0,0,1,0,0,12,6,0,Middle-Aged (31-45),Low Income,Active (0-30d),Bronze Spender,Small Family (1 Kid),Married,Graduation,Established,GoldProds,18,0,Never Accepted,No Acceptance
55250.0,0,1,49,664,58,83,32,0,66,4,7,5,10,5,0,0,0,0,0,0,3,11,0,55,2775,0,0,1,0,0,0,0,0,1,0,837,771,0,Senior (46-60),Medium Income,At-Risk (31-60d),Gold Spender,Small Family (1 Kid),Single,Master,Long-term Member,Wines,903,0,Never Accepted,No Acceptance
33249.0,1,0,11,6,10,21,19,14,42,2,2,1,3,6,0,0,0,0,0,0,3,11,0,45,2653,0,0,1,0,0,0,0,1,0,0,70,28,0,Middle-Aged (31-45),Low Income,Active (0-30d),Bronze Spender,Small Family (1 Kid),Single,Graduation,Long-term Member,GoldProds,112,0,Never Accepted,No Acceptance
58398.0,0,0,44,299,5,201,21,21,49,3,5,4,8,4,0,0,0,0,0,0,3,11,0,67,2570,0,0,0,1,0,0,0,1,0,0,547,498,0,Elderly (>60),Medium Income,At-Risk (31-60d),Silver Spender,No Children,Together,Graduation,Established,Wines,596,0,Never Accepted,No Acceptance
50272.0,1,0,75,99,13,66,43,8,4,3,4,1,5,7,0,0,0,0,0,0,3,11,0,38,2485,0,0,0,1,0,0,0,1,0,0,229,225,0,Middle-Aged (31-45),Medium Income,Inactive (>60d),Silver Spender,Small Family (1 Kid),Together,Graduation,Established,Wines,233,0,Never Accepted,No Acceptance
76618.0,0,0,64,749,40,294,121,160,147,1,3,2,5,1,0,0,0,0,0,0,3,11,0,45,2728,0,1,0,0,0,0,0,0,0,1,1364,1217,0,Middle-Aged (31-45),High Income,Inactive (>60d),Gold Spender,No Children,Married,PhD,Long-term Member,Wines,1511,0,Never Accepted,No Acceptance
87305.0,0,0,19,345,25,501,63,138,80,1,5,3,8,2,0,0,1,0,0,0,3,11,1,60,2803,1,0,0,0,0,1,0,0,0,0,1072,992,1,Senior (46-60),High Income,Active (0-30d),Gold Spender,No Children,Divorced,2n Cycle,Long-term Member,MeatProducts,1152,1,Occasional Responder,Campaign 5
25851.0,1,0,45,9,4,18,7,5,5,2,2,0,3,7,0,0,0,0,0,0,3,11,0,42,2662,0,0,0,1,0,0,0,1,0,0,43,38,0,Middle-Aged (31-45),Low Income,At-Risk (31-60d),Bronze Spender,Small Family (1 Kid),Together,Graduation,Long-term Member,MeatProducts,48,0,Never Accepted,No Acceptance
58710.0,0,1,77,440,81,368,0,122,174,6,11,5,9,6,0,0,0,0,0,0,3,11,0,50,2614,1,0,0,0,0,0,0,1,0,0,1011,837,0,Senior (46-60),Medium Income,Inactive (>60d),Gold Spender,Small Family (1 Kid),Divorced,Graduation,Established,Wines,1185,0,Never Accepted,No Acceptance
45160.0,1,1,9,8,2,5,3,0,3,1,1,0,2,7,0,0,0,0,0,0,3,11,0,62,2251,0,0,1,0,0,0,0,1,0,0,18,15,0,Elderly (>60),Medium Income,Active (0-30d),Bronze Spender,Large Family (>1 Kid),Single,Graduation,New Member,Wines,21,0,Never Accepted,No Acceptance
74806.0,0,1,1,670,9,249,0,28,9,2,5,4,5,4,0,0,0,0,0,0,3,11,0,55,2716,0,1,0,0,0,0,0,0,1,0,956,947,0,Senior (46-60),High Income,Active (0-30d),Gold Spender,Small Family (1 Kid),Married,Master,Long-term Member,Wines,965,0,Never Accepted,No Acceptance
59111.0,0,0,90,524,0,134,28,28,155,1,11,1,8,7,0,0,0,0,0,0,3,11,0,66,2582,0,1,0,0,0,0,0,1,0,0,714,559,0,Elderly (>60),Medium Income,Inactive (>60d),Silver Spender,No Children,Married,Graduation,Established,Wines,869,0,Never Accepted,No Acceptance
18988.0,1,0,43,6,0,6,2,1,1,2,1,0,3,7,0,0,0,0,0,0,3,11,0,36,2196,0,1,0,0,0,0,0,0,0,1,15,14,0,Middle-Aged (31-45),Low Income,At-Risk (31-60d),Bronze Spender,Small Family (1 Kid),Married,PhD,New Member,Wines,16,0,Never Accepted,No Acceptance
72190.0,0,0,79,597,166,597,172,166,249,1,5,6,4,3,0,0,0,0,0,0,3,11,0,55,2660,0,1,0,0,0,0,0,1,0,0,1698,1449,0,Senior (46-60),High Income,Inactive (>60d),Gold Spender,No Children,Married,Graduation,Long-term Member,Wines,1947,0,Never Accepted,No Acceptance
7500.0,1,0,19,7,0,12,13,7,32,5,4,1,2,9,1,0,0,0,0,0,3,11,1,44,2856,0,1,0,0,0,0,0,1,0,0,39,7,1,Middle-Aged (31-45),Low Income,Active (0-30d),Bronze Spender,Small Family (1 Kid),Married,Graduation,Long-term Member,GoldProds,71,1,Occasional Responder,Campaign 3
44794.0,0,1,99,54,0,7,0,0,4,1,2,0,3,6,0,0,0,0,0,0,3,11,0,54,2180,0,1,0,0,0,0,0,1,0,0,61,57,0,Senior (46-60),Medium Income,Inactive (>60d),Bronze Spender,Small Family (1 Kid),Married,Graduation,New Member,Wines,65,0,Never Accepted,No Acceptance
80395.0,0,0,62,445,25,706,80,76,48,1,6,5,12,2,0,0,0,1,0,0,3,11,0,65,2377,0,1,0,0,0,0,0,1,0,0,1332,1284,1,Elderly (>60),High Income,Inactive (>60d),Gold Spender,No Children,Married,Graduation,New Member,MeatProducts,1380,1,Occasional Responder,Campaign 1
75012.0,0,0,41,294,142,218,164,58,151,1,3,8,11,1,0,0,0,0,0,0,3,11,0,44,2314,1,0,0,0,0,0,0,0,1,0,876,725,0,Middle-Aged (31-45),High Income,At-Risk (31-60d),Gold Spender,No Children,Divorced,Master,New Member,Wines,1027,0,Never Accepted,No Acceptance
56962.0,2,1,60,292,3,77,10,3,26,7,6,3,5,7,0,0,0,0,0,0,3,11,0,55,2420,0,1,0,0,0,0,0,0,1,0,385,359,0,Senior (46-60),Medium Income,At-Risk (31-60d),Silver Spender,Large Family (>1 Kid),Married,Master,Established,Wines,411,0,Never Accepted,No Acceptance
89891.0,0,0,17,412,22,132,59,28,183,1,11,6,8,4,0,0,1,0,0,0,3,11,0,29,2599,0,0,0,1,0,0,0,1,0,0,653,470,1,Young Adult (<30),High Income,Active (0-30d),Silver Spender,No Children,Together,Graduation,Established,Wines,836,1,Occasional Responder,Campaign 5
35946.0,1,1,24,8,0,3,0,0,0,1,0,0,3,5,0,0,0,0,0,0,3,11,0,71,2434,1,0,0,0,0,0,0,0,0,1,11,11,0,Elderly (>60),Low Income,Active (0-30d),Bronze Spender,Large Family (>1 Kid),Divorced,PhD,Established,Wines,11,0,Never Accepted,No Acceptance
53593.0,1,1,60,349,4,78,6,0,43,8,7,2,6,8,0,0,0,0,0,0,3,11,0,67,2850,0,0,0,1,0,0,0,0,0,1,437,394,0,Elderly (>60),Medium Income,At-Risk (31-60d),Silver Spender,Large Family (>1 Kid),Together,PhD,Long-term Member,Wines,480,0,Never Accepted,No Acceptance
66373.0,1,1,57,328,9,124,12,24,109,7,4,2,10,3,0,0,0,0,0,0,3,11,0,42,2541,0,1,0,0,0,0,0,1,0,0,497,388,0,Middle-Aged (31-45),High Income,At-Risk (31-60d),Silver Spender,Large Family (>1 Kid),Married,Graduation,Established,Wines,606,0,Never Accepted,No Acceptance
45072.0,1,2,74,144,2,99,7,2,30,5,6,1,4,8,0,0,0,0,0,0,3,11,0,72,2415,1,0,0,0,0,0,0,0,0,1,254,224,0,Elderly (>60),Medium Income,Inactive (>60d),Silver Spender,Large Family (>1 Kid),Divorced,PhD,Established,Wines,284,0,Never Accepted,No Acceptance
89694.0,1,1,22,1126,28,211,37,28,42,3,4,3,4,5,0,1,1,1,0,0,3,11,0,47,2422,1,0,0,0,0,0,0,1,0,0,1430,1388,3,Senior (46-60),High Income,Active (0-30d),Gold Spender,Large Family (>1 Kid),Divorced,Graduation,Established,Wines,1472,3,Campaign Enthusiast,Campaign 1
72025.0,0,0,46,967,0,617,43,50,0,1,4,8,13,2,0,1,1,1,0,0,3,11,1,71,2220,0,1,0,0,0,0,0,1,0,0,1677,1677,3,Elderly (>60),High Income,At-Risk (31-60d),Gold Spender,No Children,Married,Graduation,New Member,Wines,1677,3,Campaign Enthusiast,Campaign 1
67432.0,0,1,69,432,79,341,177,136,170,2,8,5,4,4,0,0,0,0,0,0,3,11,0,47,2616,0,1,0,0,0,0,0,1,0,0,1165,995,0,Senior (46-60),High Income,Inactive (>60d),Gold Spender,Small Family (1 Kid),Married,Graduation,Established,Wines,1335,0,Never Accepted,No Acceptance
70545.0,0,1,29,138,39,63,55,18,21,1,4,1,7,2,0,0,0,0,0,0,3,11,0,68,2185,0,0,0,1,0,0,0,0,1,0,313,292,0,Elderly (>60),High Income,Active (0-30d),Silver Spender,Small Family (1 Kid),Together,Master,New Member,Wines,334,0,Never Accepted,No Acceptance
17487.0,1,0,37,0,0,1,7,4,6,1,1,0,2,7,0,0,0,0,0,0,3,11,0,31,2627,0,1,0,0,0,0,1,0,0,0,12,6,0,Middle-Aged (31-45),Low Income,At-Risk (31-60d),Bronze Spender,Small Family (1 Kid),Married,Basic,Established,FishProducts,18,0,Never Accepted,No Acceptance
62882.0,0,1,26,509,133,497,78,24,97,2,7,5,6,4,0,0,0,0,0,0,3,11,0,51,2848,0,0,0,1,0,0,0,1,0,0,1241,1144,0,Senior (46-60),High Income,Active (0-30d),Gold Spender,Small Family (1 Kid),Together,Graduation,Long-term Member,Wines,1338,0,Never Accepted,No Acceptance
64108.0,0,1,8,948,10,86,13,21,21,4,6,9,11,5,0,0,0,0,0,0,3,11,0,67,2622,0,0,1,0,0,0,0,0,0,1,1078,1057,0,Elderly (>60),High Income,Active (0-30d),Gold Spender,Small Family (1 Kid),Single,PhD,Established,Wines,1099,0,Never Accepted,No Acceptance
34941.0,1,1,26,39,2,25,4,3,24,2,3,0,3,8,0,0,0,0,0,0,3,11,0,64,2639,0,0,0,1,0,0,0,0,1,0,73,49,0,Elderly (>60),Low Income,Active (0-30d),Bronze Spender,Large Family (>1 Kid),Together,Master,Long-term Member,Wines,97,0,Never Accepted,No Acceptance
48767.0,1,2,79,28,1,21,3,0,10,3,2,1,3,5,0,0,0,0,0,0,3,11,0,70,2338,0,0,1,0,0,0,0,0,0,1,53,43,0,Elderly (>60),Medium Income,Inactive (>60d),Bronze Spender,Large Family (>1 Kid),Single,PhD,New Member,Wines,63,0,Never Accepted,No Acceptance
38702.0,1,0,71,13,11,24,13,8,40,2,3,0,4,6,0,0,0,0,0,0,3,11,0,42,2491,0,0,0,1,0,1,0,0,0,0,69,29,0,Middle-Aged (31-45),Low Income,Inactive (>60d),Bronze Spender,Small Family (1 Kid),Together,2n Cycle,Established,GoldProds,109,0,Never Accepted,No Acceptance
82224.0,0,0,83,307,26,360,138,31,40,1,6,9,5,3,0,0,0,1,0,0,3,11,0,56,2314,0,1,0,0,0,0,0,1,0,0,862,822,1,Senior (46-60),High Income,Inactive (>60d),Gold Spender,No Children,Married,Graduation,New Member,MeatProducts,902,1,Occasional Responder,Campaign 1
83844.0,0,0,57,901,31,345,75,31,191,1,4,4,11,1,0,0,1,0,0,0,3,11,0,68,2572,0,0,0,1,0,0,0,1,0,0,1383,1192,1,Elderly (>60),High Income,At-Risk (31-60d),Gold Spender,No Children,Together,Graduation,Established,Wines,1574,1,Occasional Responder,Campaign 5
17003.0,1,0,37,2,5,12,4,8,7,3,2,0,4,5,0,0,0,0,0,0,3,11,0,45,2361,0,1,0,0,0,1,0,0,0,0,31,24,0,Middle-Aged (31-45),Low Income,At-Risk (31-60d),Bronze Spender,Small Family (1 Kid),Married,2n Cycle,New Member,MeatProducts,38,0,Never Accepted,No Acceptance
71163.0,0,0,30,283,17,372,138,106,44,1,3,8,12,1,0,0,0,0,0,0,3,11,0,25,2271,0,0,1,0,0,0,0,1,0,0,916,872,0,Young Adult (<30),High Income,Active (0-30d),Gold Spender,No Children,Single,Graduation,New Member,MeatProducts,960,0,Never Accepted,No Acceptance
33697.0,1,0,34,4,3,7,0,3,11,1,1,0,2,7,1,0,0,0,0,0,3,11,0,50,2446,0,0,1,0,0,0,0,1,0,0,17,6,1,Senior (46-60),Low Income,At-Risk (31-60d),Bronze Spender,Small Family (1 Kid),Single,Graduation,Established,GoldProds,28,1,Occasional Responder,Campaign 3
63564.0,0,0,0,769,80,252,15,34,65,1,10,10,7,6,1,0,0,0,0,0,3,11,1,66,2310,0,1,0,0,0,1,0,0,0,0,1150,1085,1,Elderly (>60),High Income,Active (0-30d),Gold Spender,No Children,Married,2n Cycle,New Member,Wines,1215,1,Occasional Responder,Campaign 3
83443.0,0,0,89,518,42,742,55,56,84,1,6,10,5,2,0,0,0,0,0,0,3,11,0,48,2339,0,0,0,1,0,0,0,0,0,1,1413,1329,0,Senior (46-60),High Income,Inactive (>60d),Gold Spender,No Children,Together,PhD,New Member,MeatProducts,1497,0,Never Accepted,No Acceptance
51518.0,0,1,92,350,8,66,17,4,4,2,3,2,10,3,0,0,0,0,0,0,3,11,0,62,2428,0,0,0,1,0,0,0,0,0,1,445,441,0,Elderly (>60),Medium Income,Inactive (>60d),Silver Spender,Small Family (1 Kid),Together,PhD,Established,Wines,449,0,Never Accepted,No Acceptance
58330.0,0,1,87,445,53,213,104,98,151,1,6,4,13,4,0,0,0,0,0,0,3,11,0,45,2345,0,0,0,0,1,0,0,1,0,0,913,762,0,Middle-Aged (31-45),Medium Income,Inactive (>60d),Gold Spender,Small Family (1 Kid),Widow,Graduation,New Member,Wines,1064,0,Never Accepted,No Acceptance
80952.0,0,0,20,778,178,689,41,27,44,1,8,5,11,8,0,1,1,1,0,0,3,11,1,51,2645,0,1,0,0,0,0,0,1,0,0,1713,1669,3,Senior (46-60),High Income,Active (0-30d),Gold Spender,No Children,Married,Graduation,Long-term Member,Wines,1757,3,Campaign Enthusiast,Campaign 1
75507.0,0,0,56,709,93,374,104,80,80,1,8,6,6,3,0,0,0,0,0,0,3,11,0,41,2217,0,0,0,1,0,0,0,1,0,0,1360,1280,0,Middle-Aged (31-45),High Income,At-Risk (31-60d),Gold Spender,No Children,Together,Graduation,New Member,Wines,1440,0,Never Accepted,No Acceptance
63855.0,0,0,28,359,35,314,93,116,89,1,7,3,13,4,0,0,0,0,0,0,3,11,0,42,2664,0,0,0,1,0,1,0,0,0,0,917,828,0,Middle-Aged (31-45),High Income,Active (0-30d),Gold Spender,No Children,Together,2n Cycle,Long-term Member,Wines,1006,0,Never Accepted,No Acceptance
62220.0,0,1,55,799,12,375,16,12,12,5,7,6,5,6,0,0,0,0,0,0,3,11,1,48,2846,0,0,0,1,0,0,0,0,0,1,1214,1202,0,Senior (46-60),Medium Income,At-Risk (31-60d),Gold Spender,Small Family (1 Kid),Together,PhD,Long-term Member,Wines,1226,0,Never Accepted,No Acceptance
58512.0,0,1,25,895,10,101,13,0,152,5,3,4,8,8,0,0,0,0,0,0,3,11,0,56,2442,0,1,0,0,0,0,0,1,0,0,1019,867,0,Senior (46-60),Medium Income,Active (0-30d),Gold Spender,Small Family (1 Kid),Married,Graduation,Established,Wines,1171,0,Never Accepted,No Acceptance
40662.0,1,0,0,40,2,23,0,4,23,2,2,1,3,4,0,0,0,0,0,0,3,11,0,41,2630,0,1,0,0,0,0,0,0,1,0,69,46,0,Middle-Aged (31-45),Medium Income,Active (0-30d),Bronze Spender,Small Family (1 Kid),Married,Master,Established,Wines,92,0,Never Accepted,No Acceptance
38829.0,0,1,86,76,0,7,0,0,16,1,3,2,2,5,0,0,0,0,0,0,3,11,0,61,2243,0,1,0,0,0,0,0,0,0,1,83,67,0,Elderly (>60),Low Income,Inactive (>60d),Bronze Spender,Small Family (1 Kid),Married,PhD,New Member,Wines,99,0,Never Accepted,No Acceptance
35523.0,1,0,8,11,5,22,12,5,11,2,3,0,3,7,0,0,0,0,0,0,3,11,0,39,2428,0,1,0,0,0,1,0,0,0,0,55,44,0,Middle-Aged (31-45),Low Income,Active (0-30d),Bronze Spender,Small Family (1 Kid),Married,2n Cycle,Established,MeatProducts,66,0,Never Accepted,No Acceptance
79146.0,1,1,33,245,16,223,21,43,16,2,8,1,8,6,0,0,0,0,0,0,3,11,0,53,2225,0,0,1,0,0,0,0,1,0,0,548,532,0,Senior (46-60),High Income,At-Risk (31-60d),Silver Spender,Large Family (>1 Kid),Single,Graduation,New Member,Wines,564,0,Never Accepted,No Acceptance
78285.0,0,0,13,647,107,391,175,67,40,1,6,4,10,3,0,0,0,0,0,0,3,11,0,32,2403,0,1,0,0,0,0,0,0,1,0,1387,1347,0,Middle-Aged (31-45),High Income,Active (0-30d),Gold Spender,No Children,Married,Master,New Member,Wines,1427,0,Never Accepted,No Acceptance
31626.0,1,0,12,39,1,9,2,1,34,1,2,1,2,7,1,0,0,0,0,0,3,11,1,42,2574,0,0,1,0,0,0,0,0,0,1,52,18,1,Middle-Aged (31-45),Low Income,Active (0-30d),Bronze Spender,Small Family (1 Kid),Single,PhD,Established,Wines,86,1,Occasional Responder,Campaign 3
75127.0,0,0,92,203,35,305,46,17,227,1,2,11,5,1,0,0,0,0,0,0,3,11,0,68,2197,0,0,1,0,0,0,0,1,0,0,606,379,0,Elderly (>60),High Income,Inactive (>60d),Silver Spender,No Children,Single,Graduation,New Member,MeatProducts,833,0,Never Accepted,No Acceptance
48726.0,0,1,90,138,3,38,4,0,59,3,3,2,4,6,0,0,0,0,0,0,3,11,0,65,2587,0,1,0,0,0,0,0,1,0,0,183,124,0,Elderly (>60),Medium Income,Inactive (>60d),Silver Spender,Small Family (1 Kid),Married,Graduation,Established,Wines,242,0,Never Accepted,No Acceptance
74985.0,0,0,8,587,51,898,247,0,86,1,3,6,7,2,0,0,0,0,0,0,3,11,0,43,2815,0,1,0,0,0,0,0,1,0,0,1783,1697,0,Middle-Aged (31-45),High Income,Active (0-30d),Gold Spender,No Children,Married,Graduation,Long-term Member,MeatProducts,1869,0,Never Accepted,No Acceptance
67430.0,0,0,6,595,97,291,127,133,121,1,11,5,12,6,0,0,0,0,0,0,3,11,0,33,2821,0,0,0,1,0,0,0,1,0,0,1243,1122,0,Middle-Aged (31-45),High Income,Active (0-30d),Gold Spender,No Children,Together,Graduation,Long-term Member,Wines,1364,0,Never Accepted,No Acceptance
46891.0,0,1,91,43,12,23,29,15,61,1,2,1,4,4,0,0,0,0,0,0,3,11,0,55,2460,0,1,0,0,0,1,0,0,0,0,122,61,0,Senior (46-60),Medium Income,Inactive (>60d),Silver Spender,Small Family (1 Kid),Married,2n Cycle,Established,GoldProds,183,0,Never Accepted,No Acceptance
62058.0,0,1,52,301,7,74,10,0,58,4,6,1,7,6,0,0,0,0,0,0,3,11,0,64,2558,0,1,0,0,0,0,0,0,1,0,392,334,0,Elderly (>60),Medium Income,At-Risk (31-60d),Silver Spender,Small Family (1 Kid),Married,Master,Established,Wines,450,0,Never Accepted,No Acceptance
72063.0,0,1,3,180,32,348,76,32,90,2,5,2,12,2,0,0,0,0,0,0,3,11,0,41,2520,0,1,0,0,0,0,0,1,0,0,668,578,0,Middle-Aged (31-45),High Income,Active (0-30d),Silver Spender,Small Family (1 Kid),Married,Graduation,Established,MeatProducts,758,0,Never Accepted,No Acceptance
78939.0,0,0,57,794,115,243,150,0,205,1,8,5,6,3,0,0,0,0,0,0,3,11,0,69,2358,0,1,0,0,0,0,0,0,0,1,1302,1097,0,Elderly (>60),High Income,At-Risk (31-60d),Gold Spender,No Children,Married,PhD,New Member,Wines,1507,0,Never Accepted,No Acceptance
42720.0,1,1,9,392,5,91,28,26,112,8,7,3,7,8,0,0,0,0,0,0,3,11,1,55,2590,0,0,1,0,0,0,0,1,0,0,542,430,0,Senior (46-60),Medium Income,Active (0-30d),Silver Spender,Large Family (>1 Kid),Single,Graduation,Established,Wines,654,0,Never Accepted,No Acceptance
33622.0,1,1,22,39,1,22,3,4,12,3,2,0,4,7,0,0,0,0,0,0,3,11,0,48,2601,0,1,0,0,0,0,0,1,0,0,69,57,0,Senior (46-60),Low Income,Active (0-30d),Bronze Spender,Large Family (>1 Kid),Married,Graduation,Established,Wines,81,0,Never Accepted,No Acceptance
6835.0,0,1,76,107,2,12,2,2,12,0,0,0,1,20,0,0,0,0,0,0,3,11,0,63,2727,0,0,0,1,0,0,0,0,0,1,125,113,0,Elderly (>60),Low Income,Inactive (>60d),Silver Spender,Small Family (1 Kid),Together,PhD,Long-term Member,Wines,137,0,Never Accepted,No Acceptance
41452.0,1,1,86,13,0,3,0,0,0,1,1,0,2,7,0,0,0,0,0,0,3,11,0,67,2639,0,0,0,1,0,0,0,1,0,0,16,16,0,Elderly (>60),Medium Income,Inactive (>60d),Bronze Spender,Large Family (>1 Kid),Together,Graduation,Long-term Member,Wines,16,0,Never Accepted,No Acceptance
40760.0,0,1,64,70,0,17,0,0,6,2,2,1,3,6,0,0,0,0,0,0,3,11,0,55,2462,0,0,1,0,0,0,0,0,0,1,87,81,0,Senior (46-60),Medium Income,Inactive (>60d),Bronze Spender,Small Family (1 Kid),Single,PhD,Established,Wines,93,0,Never Accepted,No Acceptance
74250.0,0,0,90,680,11,392,75,0,0,1,2,11,4,1,0,0,0,0,0,0,3,11,0,62,2313,0,0,0,1,0,0,0,0,0,1,1158,1158,0,Elderly (>60),High Income,Inactive (>60d),Gold Spender,No Children,Together,PhD,New Member,Wines,1158,0,Never Accepted,No Acceptance
51124.0,1,1,79,26,1,11,0,1,4,2,1,0,3,3,0,0,0,0,0,0,3,11,0,65,2352,0,0,1,0,0,0,0,0,1,0,39,35,0,Elderly (>60),Medium Income,Inactive (>60d),Bronze Spender,Large Family (>1 Kid),Single,Master,New Member,Wines,43,0,Never Accepted,No Acceptance
72258.0,0,1,28,522,0,522,227,120,134,2,6,9,5,2,0,0,0,0,0,0,3,11,0,49,2449,0,0,1,0,0,0,0,1,0,0,1391,1257,0,Senior (46-60),High Income,Active (0-30d),Gold Spender,Small Family (1 Kid),Single,Graduation,Established,Wines,1525,0,Never Accepted,No Acceptance
71466.0,0,0,86,412,12,546,78,182,0,1,4,4,10,1,0,0,0,0,0,0,3,11,0,46,2244,0,0,1,0,0,0,0,0,0,1,1230,1230,0,Senior (46-60),High Income,Inactive (>60d),Gold Spender,No Children,Single,PhD,New Member,MeatProducts,1230,0,Never Accepted,No Acceptance
36283.0,1,1,42,6,5,5,8,0,5,2,1,0,3,4,0,0,0,0,0,0,3,11,0,44,2235,0,0,0,1,0,0,0,1,0,0,24,19,0,Middle-Aged (31-45),Low Income,At-Risk (31-60d),Bronze Spender,Large Family (>1 Kid),Together,Graduation,New Member,FishProducts,29,0,Never Accepted,No Acceptance
20587.0,1,0,39,2,3,6,4,1,9,1,1,1,2,7,0,0,0,0,0,0,3,11,0,50,2208,0,0,1,0,0,0,0,1,0,0,16,7,0,Senior (46-60),Low Income,At-Risk (31-60d),Bronze Spender,Small Family (1 Kid),Single,Graduation,New Member,GoldProds,25,0,Never Accepted,No Acceptance
30467.0,1,0,8,1,3,8,2,5,5,1,1,0,2,7,0,0,0,0,0,0,3,11,0,48,2261,0,1,0,0,0,0,0,1,0,0,19,14,0,Senior (46-60),Low Income,Active (0-30d),Bronze Spender,Small Family (1 Kid),Married,Graduation,New Member,MeatProducts,24,0,Never Accepted,No Acceptance
31590.0,1,0,40,6,2,15,6,6,3,1,1,0,3,8,0,0,0,0,0,0,3,11,0,48,2535,0,0,0,1,0,0,0,1,0,0,35,32,0,Senior (46-60),Low Income,At-Risk (31-60d),Bronze Spender,Small Family (1 Kid),Together,Graduation,Established,MeatProducts,38,0,Never Accepted,No Acceptance
20425.0,1,0,5,4,12,5,3,16,17,2,2,0,3,7,0,0,0,0,0,0,3,11,0,34,2767,0,1,0,0,0,0,1,0,0,0,40,23,0,Middle-Aged (31-45),Low Income,Active (0-30d),Bronze Spender,Small Family (1 Kid),Married,Basic,Long-term Member,GoldProds,57,0,Never Accepted,No Acceptance
17144.0,1,1,96,18,2,19,0,2,6,5,3,0,4,7,0,0,0,0,0,0,3,11,0,60,2293,0,0,0,1,0,0,0,0,1,0,41,35,0,Senior (46-60),Low Income,Inactive (>60d),Bronze Spender,Large Family (>1 Kid),Together,Master,New Member,MeatProducts,47,0,Never Accepted,No Acceptance
42564.0,0,1,28,324,48,186,39,18,198,6,6,8,4,7,1,0,0,0,0,0,3,11,1,52,2702,1,0,0,0,0,0,0,0,0,1,615,417,1,Senior (46-60),Medium Income,Active (0-30d),Silver Spender,Small Family (1 Kid),Divorced,PhD,Long-term Member,Wines,813,1,Occasional Responder,Campaign 3
43783.0,1,0,22,327,9,125,25,4,139,6,7,1,8,7,1,0,0,0,0,0,3,11,0,42,2190,0,1,0,0,0,0,0,0,1,0,490,351,1,Middle-Aged (31-45),Medium Income,Active (0-30d),Silver Spender,Small Family (1 Kid),Married,Master,New Member,Wines,629,1,Occasional Responder,Campaign 3
40780.0,0,1,30,229,27,71,13,3,34,4,7,1,5,9,0,0,0,0,0,0,3,11,0,44,2818,1,0,0,0,0,0,0,1,0,0,343,309,0,Middle-Aged (31-45),Medium Income,Active (0-30d),Silver Spender,Small Family (1 Kid),Divorced,Graduation,Long-term Member,Wines,377,0,Never Accepted,No Acceptance
62847.0,0,0,45,521,168,706,80,76,61,1,3,6,4,2,0,0,0,0,0,0,3,11,0,75,2689,0,0,0,1,0,0,0,0,1,0,1551,1490,0,Elderly (>60),High Income,At-Risk (31-60d),Gold Spender,No Children,Together,Master,Long-term Member,MeatProducts,1612,0,Never Accepted,No Acceptance
82017.0,0,0,58,184,23,446,30,23,23,1,5,4,7,2,0,1,1,1,0,0,3,11,1,63,2758,0,1,0,0,0,0,0,0,0,1,706,683,3,Elderly (>60),High Income,At-Risk (31-60d),Silver Spender,No Children,Married,PhD,Long-term Member,MeatProducts,729,3,Campaign Enthusiast,Campaign 1
16813.0,0,0,49,4,8,11,12,2,13,1,2,0,3,7,1,0,0,0,0,0,3,11,0,70,2504,0,0,1,0,0,0,0,1,0,0,37,24,1,Elderly (>60),Low Income,At-Risk (31-60d),Bronze Spender,No Children,Single,Graduation,Established,GoldProds,50,1,Occasional Responder,Campaign 3
51267.0,1,1,37,183,2,64,7,2,12,4,3,3,5,4,0,0,0,0,0,0,3,11,0,42,2402,0,1,0,0,0,0,0,1,0,0,258,246,0,Middle-Aged (31-45),Medium Income,At-Risk (31-60d),Silver Spender,Large Family (>1 Kid),Married,Graduation,New Member,Wines,270,0,Never Accepted,No Acceptance
46524.0,0,1,70,31,19,35,26,14,52,2,1,1,5,3,0,0,0,0,0,0,3,11,0,59,2609,0,0,1,0,0,0,0,1,0,0,125,73,0,Senior (46-60),Medium Income,Inactive (>60d),Silver Spender,Small Family (1 Kid),Single,Graduation,Established,GoldProds,177,0,Never Accepted,No Acceptance
45183.0,0,0,33,219,3,60,12,9,12,1,4,1,7,7,0,1,0,0,0,0,3,11,0,58,2684,0,0,1,0,0,0,0,0,1,0,303,291,1,Senior (46-60),Medium Income,At-Risk (31-60d),Silver Spender,No Children,Single,Master,Long-term Member,Wines,315,1,Occasional Responder,Campaign 4
70421.0,0,1,98,479,28,136,75,14,35,3,10,3,7,6,0,0,0,0,0,0,3,11,0,66,2160,0,1,0,0,0,0,0,0,0,1,732,697,0,Elderly (>60),High Income,Inactive (>60d),Silver Spender,Small Family (1 Kid),Married,PhD,New Member,Wines,767,0,Never Accepted,No Acceptance
60161.0,0,1,17,584,44,212,46,8,177,3,11,4,8,8,0,0,0,0,0,0,3,11,0,55,2773,1,0,0,0,0,1,0,0,0,0,894,717,0,Senior (46-60),Medium Income,Active (0-30d),Gold Spender,Small Family (1 Kid),Divorced,2n Cycle,Long-term Member,Wines,1071,0,Never Accepted,No Acceptance
73926.0,0,0,54,627,91,597,159,91,15,1,6,5,12,3,0,0,0,0,0,0,3,11,0,47,2643,0,0,0,1,0,0,0,1,0,0,1565,1550,0,Senior (46-60),High Income,At-Risk (31-60d),Gold Spender,No Children,Together,Graduation,Long-term Member,Wines,1580,0,Never Accepted,No Acceptance
19329.0,1,0,39,24,1,16,12,2,5,3,4,0,3,8,0,0,0,0,0,0,3,11,0,52,2356,0,1,0,0,0,0,0,1,0,0,55,50,0,Senior (46-60),Low Income,At-Risk (31-60d),Bronze Spender,Small Family (1 Kid),Married,Graduation,New Member,Wines,60,0,Never Accepted,No Acceptance
61872.0,0,1,81,330,5,159,36,27,16,4,4,4,9,4,0,0,0,0,0,0,3,11,0,50,2357,0,1,0,0,0,0,0,0,1,0,557,541,0,Senior (46-60),Medium Income,Inactive (>60d),Silver Spender,Small Family (1 Kid),Married,Master,New Member,Wines,573,0,Never Accepted,No Acceptance
46984.0,1,1,71,19,1,10,2,1,8,1,1,0,3,5,0,0,0,0,0,0,3,11,0,64,2619,0,0,0,0,1,0,0,1,0,0,33,25,0,Elderly (>60),Medium Income,Inactive (>60d),Bronze Spender,Large Family (>1 Kid),Widow,Graduation,Established,Wines,41,0,Never Accepted,No Acceptance
34838.0,1,1,62,28,23,29,29,14,47,3,2,1,4,6,0,0,0,0,0,0,3,11,0,69,2685,0,1,0,0,0,0,0,1,0,0,123,76,0,Elderly (>60),Low Income,Inactive (>60d),Silver Spender,Large Family (>1 Kid),Married,Graduation,Long-term Member,GoldProds,170,0,Never Accepted,No Acceptance
82716.0,0,0,8,606,148,228,15,148,22,1,6,8,13,2,0,0,0,0,0,0,3,11,0,76,2395,0,0,1,0,0,0,0,0,0,1,1145,1123,0,Elderly (>60),High Income,Active (0-30d),Gold Spender,No Children,Single,PhD,New Member,Wines,1167,0,Never Accepted,No Acceptance
48192.0,0,0,76,1039,43,204,153,58,29,3,2,8,12,8,0,1,0,1,1,0,3,11,1,62,2608,0,1,0,0,0,0,0,1,0,0,1497,1468,3,Elderly (>60),Medium Income,Inactive (>60d),Gold Spender,No Children,Married,Graduation,Established,Wines,1526,3,Campaign Enthusiast,Campaign 1
49681.0,0,2,66,411,0,26,0,0,21,6,7,1,7,7,0,0,0,0,0,0,3,11,0,44,2396,0,1,0,0,0,0,0,0,1,0,437,416,0,Middle-Aged (31-45),Medium Income,Inactive (>60d),Silver Spender,Large Family (>1 Kid),Married,Master,New Member,Wines,458,0,Never Accepted,No Acceptance
56850.0,0,1,83,34,1,19,2,7,0,1,1,1,3,2,0,0,0,0,0,0,3,11,0,49,2257,0,1,0,0,0,0,0,0,1,0,63,63,0,Senior (46-60),Medium Income,Inactive (>60d),Bronze Spender,Small Family (1 Kid),Married,Master,New Member,Wines,63,0,Never Accepted,No Acceptance
55267.0,0,1,28,161,28,136,32,3,45,4,3,4,6,3,0,0,0,0,0,0,3,11,0,63,2410,0,1,0,0,0,0,0,1,0,0,360,315,0,Elderly (>60),Medium Income,Active (0-30d),Silver Spender,Small Family (1 Kid),Married,Graduation,Established,Wines,405,0,Never Accepted,No Acceptance
59666.0,1,1,87,623,53,178,23,17,133,7,3,2,8,8,0,1,0,0,0,0,3,11,0,48,2623,0,1,0,0,0,0,0,1,0,0,894,761,1,Senior (46-60),Medium Income,Inactive (>60d),Gold Spender,Large Family (>1 Kid),Married,Graduation,Established,Wines,1027,1,Occasional Responder,Campaign 4
72504.0,0,1,43,604,26,470,123,161,94,2,5,9,6,2,0,0,0,0,0,0,3,11,0,48,2608,0,0,1,0,0,0,0,1,0,0,1384,1290,0,Senior (46-60),High Income,At-Risk (31-60d),Gold Spender,Small Family (1 Kid),Single,Graduation,Established,Wines,1478,0,Never Accepted,No Acceptance
26872.0,0,0,0,3,10,8,3,16,32,1,1,1,2,6,0,0,0,0,0,0,3,11,0,39,2415,0,1,0,0,0,0,0,1,0,0,40,8,0,Middle-Aged (31-45),Low Income,Active (0-30d),Bronze Spender,No Children,Married,Graduation,Established,GoldProds,72,0,Never Accepted,No Acceptance
21359.0,1,0,1,12,2,17,6,1,10,2,2,0,3,8,0,0,0,0,0,0,3,11,1,48,2594,0,0,1,0,0,0,0,1,0,0,38,28,0,Senior (46-60),Low Income,Active (0-30d),Bronze Spender,Small Family (1 Kid),Single,Graduation,Established,MeatProducts,48,0,Never Accepted,No Acceptance
73170.0,0,0,1,184,174,256,50,30,32,1,5,4,6,2,0,0,0,0,0,0,3,11,0,45,2188,0,0,1,0,0,0,0,1,0,0,694,662,0,Middle-Aged (31-45),High Income,Active (0-30d),Silver Spender,No Children,Single,Graduation,New Member,MeatProducts,726,0,Never Accepted,No Acceptance
52750.0,0,1,72,393,0,239,90,69,69,6,5,7,9,4,0,0,0,0,0,0,3,11,0,65,2669,0,1,0,0,0,0,0,0,1,0,791,722,0,Elderly (>60),Medium Income,Inactive (>60d),Gold Spender,Small Family (1 Kid),Married,Master,Long-term Member,Wines,860,0,Never Accepted,No Acceptance
91820.0,0,0,72,410,73,747,76,161,30,0,5,5,12,1,0,0,0,0,0,0,3,11,0,34,2377,0,0,0,1,0,0,0,0,0,1,1467,1437,0,Middle-Aged (31-45),High Income,Inactive (>60d),Gold Spender,No Children,Together,PhD,New Member,MeatProducts,1497,0,Never Accepted,No Acceptance
65968.0,0,1,12,376,9,83,19,4,4,2,5,4,7,3,0,0,0,0,0,0,3,11,0,50,2207,0,0,0,1,0,0,0,0,0,1,491,487,0,Senior (46-60),High Income,Active (0-30d),Silver Spender,Small Family (1 Kid),Together,PhD,New Member,Wines,495,0,Never Accepted,No Acceptance
30772.0,1,1,89,7,2,4,2,1,4,1,1,0,2,6,0,0,0,0,0,0,3,11,0,44,2268,0,1,0,0,0,0,0,1,0,0,16,12,0,Middle-Aged (31-45),Low Income,Inactive (>60d),Bronze Spender,Large Family (>1 Kid),Married,Graduation,New Member,Wines,20,0,Never Accepted,No Acceptance
22507.0,0,0,67,68,0,226,51,157,68,3,10,2,4,9,0,0,0,0,0,0,3,11,0,66,2741,0,0,1,0,0,0,0,1,0,0,502,434,0,Elderly (>60),Low Income,Inactive (>60d),Silver Spender,No Children,Single,Graduation,Long-term Member,MeatProducts,570,0,Never Accepted,No Acceptance
65685.0,0,1,54,642,14,49,0,7,57,1,9,2,9,5,0,0,0,0,0,0,3,11,0,48,2251,0,1,0,0,0,0,0,1,0,0,712,655,0,Senior (46-60),High Income,At-Risk (31-60d),Silver Spender,Small Family (1 Kid),Married,Graduation,New Member,Wines,769,0,Never Accepted,No Acceptance
25804.0,1,0,34,8,7,9,13,6,12,2,2,0,3,8,0,0,0,0,0,0,3,11,0,42,2460,0,1,0,0,0,1,0,0,0,0,43,31,0,Middle-Aged (31-45),Low Income,At-Risk (31-60d),Bronze Spender,Small Family (1 Kid),Married,2n Cycle,Established,FishProducts,55,0,Never Accepted,No Acceptance
76412.0,0,0,15,840,53,804,23,71,17,1,5,4,8,3,0,0,1,1,0,0,3,11,1,40,2579,0,0,1,0,0,0,0,0,0,1,1791,1774,2,Middle-Aged (31-45),High Income,Active (0-30d),Gold Spender,No Children,Single,PhD,Established,Wines,1808,2,Occasional Responder,Campaign 1
22063.0,1,0,43,7,10,13,3,11,11,2,2,0,3,7,0,0,0,0,0,0,3,11,0,48,2484,0,1,0,0,0,0,0,1,0,0,44,33,0,Senior (46-60),Low Income,At-Risk (31-60d),Bronze Spender,Small Family (1 Kid),Married,Graduation,Established,MeatProducts,55,0,Never Accepted,No Acceptance
57091.0,0,0,0,464,5,64,7,0,37,1,7,3,7,5,0,0,0,0,1,0,3,11,1,59,2173,0,0,1,0,0,0,0,1,0,0,540,503,1,Senior (46-60),Medium Income,Active (0-30d),Silver Spender,No Children,Single,Graduation,New Member,Wines,577,1,Occasional Responder,Campaign 2
22419.0,0,0,74,30,3,47,19,21,42,1,3,2,2,8,0,0,0,0,0,0,3,11,0,57,2596,0,1,0,0,0,0,0,1,0,0,120,78,0,Senior (46-60),Low Income,Inactive (>60d),Silver Spender,No Children,Married,Graduation,Established,MeatProducts,162,0,Never Accepted,No Acceptance
87771.0,0,1,61,1492,38,287,50,57,33,1,5,10,4,6,0,1,1,1,1,0,3,11,1,61,2562,0,0,0,1,0,0,0,1,0,0,1924,1891,4,Elderly (>60),High Income,Inactive (>60d),Gold Spender,Small Family (1 Kid),Together,Graduation,Established,Wines,1957,4,Campaign Enthusiast,Campaign 1
78353.0,0,1,51,752,122,476,39,153,34,1,10,2,11,8,0,0,0,0,0,0,3,11,0,61,2598,1,0,0,0,0,1,0,0,0,0,1542,1508,0,Elderly (>60),High Income,At-Risk (31-60d),Gold Spender,Small Family (1 Kid),Divorced,2n Cycle,Established,Wines,1576,0,Never Accepted,No Acceptance
37859.0,1,2,75,22,1,8,2,1,2,2,1,0,3,8,0,0,0,0,0,0,3,11,0,58,2692,1,0,0,0,0,0,0,1,0,0,34,32,0,Senior (46-60),Low Income,Inactive (>60d),Bronze Spender,Large Family (>1 Kid),Divorced,Graduation,Long-term Member,Wines,36,0,Never Accepted,No Acceptance
80995.0,0,1,83,860,28,409,73,56,56,1,8,9,4,4,0,0,0,0,0,0,3,11,0,62,2573,0,0,0,0,1,0,0,0,0,1,1426,1370,0,Elderly (>60),High Income,Inactive (>60d),Gold Spender,Small Family (1 Kid),Widow,PhD,Established,Wines,1482,0,Never Accepted,No Acceptance
16529.0,1,0,23,3,0,5,13,0,1,1,1,0,3,6,0,0,0,0,0,0,3,11,0,36,2279,0,0,0,1,0,0,0,1,0,0,21,20,0,Middle-Aged (31-45),Low Income,Active (0-30d),Bronze Spender,Small Family (1 Kid),Together,Graduation,New Member,FishProducts,22,0,Never Accepted,No Acceptance
55412.0,1,1,65,10,5,28,11,1,8,1,2,0,3,5,0,0,0,0,0,0,3,11,0,44,2378,1,0,0,0,0,0,0,0,0,1,55,47,0,Middle-Aged (31-45),Medium Income,Inactive (>60d),Bronze Spender,Large Family (>1 Kid),Divorced,PhD,New Member,MeatProducts,63,0,Never Accepted,No Acceptance
48789.0,0,0,94,351,16,156,7,5,145,1,6,4,7,6,0,0,0,0,0,0,3,11,0,28,2816,0,0,1,0,0,0,0,1,0,0,535,390,0,Young Adult (<30),Medium Income,Inactive (>60d),Silver Spender,No Children,Single,Graduation,Long-term Member,Wines,680,0,Never Accepted,No Acceptance
56575.0,0,2,42,421,5,90,0,16,10,3,7,3,7,5,0,0,0,0,0,0,3,11,0,53,2579,0,0,0,1,0,0,0,0,0,1,532,522,0,Senior (46-60),Medium Income,At-Risk (31-60d),Silver Spender,Large Family (>1 Kid),Together,PhD,Established,Wines,542,0,Never Accepted,No Acceptance
25130.0,1,0,10,2,5,7,0,18,18,2,2,0,3,7,0,0,0,0,0,0,3,11,0,40,2429,0,0,0,1,0,1,0,0,0,0,32,14,0,Middle-Aged (31-45),Low Income,Active (0-30d),Bronze Spender,Small Family (1 Kid),Together,2n Cycle,Established,SweetProducts,50,0,Never Accepted,No Acceptance
35441.0,1,1,94,25,1,9,2,1,1,2,1,0,3,8,0,0,0,0,0,0,3,11,0,53,2659,0,1,0,0,0,0,0,1,0,0,38,37,0,Senior (46-60),Low Income,Inactive (>60d),Bronze Spender,Large Family (>1 Kid),Married,Graduation,Long-term Member,Wines,39,0,Never Accepted,No Acceptance
71391.0,0,1,50,336,123,274,46,123,141,5,6,5,12,3,0,0,0,0,0,0,3,11,0,64,2616,0,1,0,0,0,0,0,1,0,0,902,761,0,Elderly (>60),High Income,At-Risk (31-60d),Gold Spender,Small Family (1 Kid),Married,Graduation,Established,Wines,1043,0,Never Accepted,No Acceptance
49494.0,1,0,46,191,9,97,0,6,82,2,6,1,5,7,0,0,0,0,0,0,3,11,0,48,2589,0,0,1,0,0,0,0,0,1,0,303,221,0,Senior (46-60),Medium Income,At-Risk (31-60d),Silver Spender,Small Family (1 Kid),Single,Master,Established,Wines,385,0,Never Accepted,No Acceptance
81702.0,0,0,98,563,50,774,28,31,187,1,7,7,12,3,0,0,0,0,0,0,3,11,0,40,2803,1,0,0,0,0,0,0,1,0,0,1446,1259,0,Middle-Aged (31-45),High Income,Inactive (>60d),Gold Spender,No Children,Divorced,Graduation,Long-term Member,MeatProducts,1633,0,Never Accepted,No Acceptance
45889.0,0,1,42,31,0,6,0,1,8,1,1,0,3,6,0,0,0,0,0,0,3,11,0,40,2521,0,0,1,0,0,1,0,0,0,0,38,30,0,Middle-Aged (31-45),Medium Income,At-Risk (31-60d),Bronze Spender,Small Family (1 Kid),Single,2n Cycle,Established,Wines,46,0,Never Accepted,No Acceptance
56628.0,0,1,30,479,5,82,7,17,171,2,7,6,5,5,1,0,0,0,0,0,3,11,0,43,2259,0,0,1,0,0,0,0,1,0,0,590,419,1,Middle-Aged (31-45),Medium Income,Active (0-30d),Silver Spender,Small Family (1 Kid),Single,Graduation,New Member,Wines,761,1,Occasional Responder,Campaign 3
34026.0,1,1,11,18,6,15,12,8,17,3,2,1,3,5,0,0,0,0,0,0,3,11,0,70,2487,0,0,0,1,0,0,0,1,0,0,59,42,0,Elderly (>60),Low Income,Active (0-30d),Bronze Spender,Large Family (>1 Kid),Together,Graduation,Established,Wines,76,0,Never Accepted,No Acceptance
40049.0,0,1,61,91,65,52,10,44,28,3,3,2,6,5,0,0,0,0,0,0,3,11,0,46,2736,0,1,0,0,0,0,0,1,0,0,262,234,0,Senior (46-60),Medium Income,Inactive (>60d),Silver Spender,Small Family (1 Kid),Married,Graduation,Long-term Member,Wines,290,0,Never Accepted,No Acceptance
34176.0,1,0,12,5,7,24,19,14,20,4,3,0,4,6,0,0,0,0,0,0,3,11,0,32,2207,0,0,1,0,0,0,0,1,0,0,69,49,0,Middle-Aged (31-45),Low Income,Active (0-30d),Bronze Spender,Small Family (1 Kid),Single,Graduation,New Member,MeatProducts,89,0,Never Accepted,No Acceptance
19419.0,1,0,76,2,14,28,16,3,7,4,4,0,3,9,0,0,0,0,0,0,3,11,0,39,2755,0,1,0,0,0,0,0,1,0,0,63,56,0,Middle-Aged (31-45),Low Income,Inactive (>60d),Bronze Spender,Small Family (1 Kid),Married,Graduation,Long-term Member,MeatProducts,70,0,Never Accepted,No Acceptance
82504.0,0,0,2,362,50,431,134,35,54,1,3,6,7,1,0,0,0,0,0,0,3,11,0,60,2496,0,1,0,0,0,1,0,0,0,0,1012,958,0,Senior (46-60),High Income,Active (0-30d),Gold Spender,No Children,Married,2n Cycle,Established,MeatProducts,1066,0,Never Accepted,No Acceptance
81205.0,0,0,43,724,74,929,97,55,130,1,5,6,7,2,1,0,1,0,1,0,3,11,1,50,2326,0,0,0,1,0,0,0,1,0,0,1879,1749,3,Senior (46-60),High Income,At-Risk (31-60d),Gold Spender,No Children,Together,Graduation,New Member,MeatProducts,2009,3,Campaign Enthusiast,Campaign 2
61618.0,0,0,27,605,91,399,0,45,205,2,3,6,8,3,0,0,0,0,0,0,3,11,0,29,2797,0,0,1,0,0,1,0,0,0,0,1140,935,0,Young Adult (<30),Medium Income,Active (0-30d),Gold Spender,No Children,Single,2n Cycle,Long-term Member,Wines,1345,0,Never Accepted,No Acceptance
55284.0,0,1,60,547,7,140,0,7,63,3,7,5,8,5,0,0,0,0,0,0,3,11,0,64,2711,0,0,1,0,0,0,0,0,1,0,701,638,0,Elderly (>60),Medium Income,At-Risk (31-60d),Silver Spender,Small Family (1 Kid),Single,Master,Long-term Member,Wines,764,0,Never Accepted,No Acceptance
49980.0,0,1,79,104,1,54,13,9,14,2,3,1,5,5,0,0,0,0,0,0,3,11,0,57,2408,0,0,1,0,0,0,0,1,0,0,181,167,0,Senior (46-60),Medium Income,Inactive (>60d),Silver Spender,Small Family (1 Kid),Single,Graduation,Established,Wines,195,0,Never Accepted,No Acceptance
15072.0,2,0,96,8,2,15,0,10,18,4,3,1,3,5,0,0,0,0,0,0,3,11,0,40,2574,0,1,0,0,0,0,0,1,0,0,35,17,0,Middle-Aged (31-45),Low Income,Inactive (>60d),Bronze Spender,Large Family (>1 Kid),Married,Graduation,Established,GoldProds,53,0,Never Accepted,No Acceptance
49166.0,0,1,17,224,2,25,7,0,110,2,5,3,3,6,0,0,0,0,0,0,3,11,0,46,2540,0,0,1,0,0,0,0,1,0,0,258,148,0,Senior (46-60),Medium Income,Active (0-30d),Silver Spender,Small Family (1 Kid),Single,Graduation,Established,Wines,368,0,Never Accepted,No Acceptance
65324.0,0,1,0,384,0,102,21,32,5,3,6,2,9,4,0,0,0,0,0,0,3,11,0,66,2328,0,1,0,0,0,0,0,0,0,1,539,534,0,Elderly (>60),High Income,Active (0-30d),Silver Spender,Small Family (1 Kid),Married,PhD,New Member,Wines,544,0,Never Accepted,No Acceptance
82347.0,0,0,38,556,54,845,202,133,63,1,7,7,10,3,1,0,0,1,0,0,3,11,0,63,2759,0,1,0,0,0,1,0,0,0,0,1790,1727,2,Elderly (>60),High Income,At-Risk (31-60d),Gold Spender,No Children,Married,2n Cycle,Long-term Member,MeatProducts,1853,2,Occasional Responder,Campaign 1
30843.0,1,1,43,24,0,2,0,0,9,2,1,1,2,5,1,0,0,0,0,0,3,11,0,54,2193,0,0,0,1,0,0,0,0,0,1,26,17,1,Senior (46-60),Low Income,At-Risk (31-60d),Bronze Spender,Large Family (>1 Kid),Together,PhD,New Member,Wines,35,1,Occasional Responder,Campaign 3
46374.0,0,1,1,408,0,21,0,0,17,3,7,1,7,8,0,1,0,1,0,0,3,11,1,46,2263,0,1,0,0,0,0,0,0,0,1,429,412,2,Senior (46-60),Medium Income,Active (0-30d),Silver Spender,Small Family (1 Kid),Married,PhD,New Member,Wines,446,2,Occasional Responder,Campaign 1
60474.0,0,1,25,265,199,303,234,9,170,7,10,2,12,7,0,0,0,0,0,0,3,11,0,41,2613,0,0,1,0,0,0,0,1,0,0,1010,840,0,Middle-Aged (31-45),Medium Income,Active (0-30d),Gold Spender,Small Family (1 Kid),Single,Graduation,Established,MeatProducts,1180,0,Never Accepted,No Acceptance
38576.0,0,1,2,34,0,7,0,0,0,1,1,0,3,7,0,0,0,0,0,0,3,11,0,47,2276,0,1,0,0,0,0,0,0,1,0,41,41,0,Senior (46-60),Low Income,Active (0-30d),Bronze Spender,Small Family (1 Kid),Married,Master,New Member,Wines,41,0,Never Accepted,No Acceptance
55357.0,2,0,66,374,64,116,84,25,64,3,6,2,11,5,0,0,0,0,0,0,3,11,0,35,2654,0,1,0,0,0,0,0,1,0,0,663,599,0,Middle-Aged (31-45),Medium Income,Inactive (>60d),Silver Spender,Large Family (>1 Kid),Married,Graduation,Long-term Member,Wines,727,0,Never Accepted,No Acceptance
37758.0,1,1,49,27,2,10,0,0,1,2,1,0,3,8,0,0,0,0,0,0,3,11,0,54,2792,0,0,0,1,0,0,0,1,0,0,39,38,0,Senior (46-60),Low Income,At-Risk (31-60d),Bronze Spender,Large Family (>1 Kid),Together,Graduation,Long-term Member,Wines,40,0,Never Accepted,No Acceptance
85710.0,0,0,5,600,20,350,29,30,33,1,6,9,10,2,0,0,1,0,0,0,3,11,0,31,2579,0,1,0,0,0,1,0,0,0,0,1029,996,1,Middle-Aged (31-45),High Income,Active (0-30d),Gold Spender,No Children,Married,2n Cycle,Established,Wines,1062,1,Occasional Responder,Campaign 5
23228.0,1,0,71,13,2,18,6,1,0,2,2,0,3,8,0,0,0,0,0,0,3,11,0,51,2313,0,0,0,1,0,0,0,1,0,0,40,40,0,Senior (46-60),Low Income,Inactive (>60d),Bronze Spender,Small Family (1 Kid),Together,Graduation,New Member,MeatProducts,40,0,Never Accepted,No Acceptance
44602.0,1,1,35,167,2,89,0,0,34,6,6,1,4,8,0,0,0,0,0,0,3,11,0,51,2293,0,0,0,1,0,0,0,0,1,0,258,224,0,Senior (46-60),Medium Income,At-Risk (31-60d),Silver Spender,Large Family (>1 Kid),Together,Master,New Member,Wines,292,0,Never Accepted,No Acceptance
7500.0,0,0,94,0,2,3,4,1,5,1,0,0,3,6,0,0,0,0,0,0,3,11,0,33,2695,0,1,0,0,0,0,0,1,0,0,10,5,0,Middle-Aged (31-45),Low Income,Inactive (>60d),Bronze Spender,No Children,Married,Graduation,Long-term Member,GoldProds,15,0,Never Accepted,No Acceptance
38683.0,1,0,80,46,35,69,84,41,66,6,4,1,6,7,0,0,0,0,0,0,3,11,0,31,2792,0,0,0,1,0,1,0,0,0,0,275,209,0,Middle-Aged (31-45),Low Income,Inactive (>60d),Silver Spender,Small Family (1 Kid),Together,2n Cycle,Long-term Member,FishProducts,341,0,Never Accepted,No Acceptance
49514.0,1,0,61,88,39,78,58,13,93,2,6,1,4,7,0,0,0,0,0,0,3,11,0,45,2353,0,0,1,0,0,1,0,0,0,0,276,183,0,Middle-Aged (31-45),Medium Income,Inactive (>60d),Silver Spender,Small Family (1 Kid),Single,2n Cycle,New Member,GoldProds,369,0,Never Accepted,No Acceptance
57906.0,0,1,29,243,11,119,10,3,15,3,4,2,8,4,0,0,0,0,0,0,3,11,0,47,2542,0,0,0,1,0,0,0,0,0,1,386,371,0,Senior (46-60),Medium Income,Active (0-30d),Silver Spender,Small Family (1 Kid),Together,PhD,Established,Wines,401,0,Never Accepted,No Acceptance
43456.0,0,1,0,275,11,68,25,7,7,3,5,1,8,5,0,0,0,0,0,0,3,11,0,54,2619,0,0,1,0,0,0,0,0,1,0,386,379,0,Senior (46-60),Medium Income,Active (0-30d),Silver Spender,Small Family (1 Kid),Single,Master,Established,Wines,393,0,Never Accepted,No Acceptance
19485.0,2,0,80,6,0,4,0,0,0,1,1,0,2,7,0,0,0,0,0,0,3,11,0,34,2437,0,0,1,0,0,0,0,0,1,0,10,10,0,Middle-Aged (31-45),Low Income,Inactive (>60d),Bronze Spender,Large Family (>1 Kid),Single,Master,Established,Wines,10,0,Never Accepted,No Acceptance
53172.0,0,1,54,121,62,90,68,20,125,3,2,3,8,3,0,0,0,0,0,0,3,11,0,42,2578,0,0,0,1,0,0,0,1,0,0,361,236,0,Middle-Aged (31-45),Medium Income,At-Risk (31-60d),Silver Spender,Small Family (1 Kid),Together,Graduation,Established,GoldProds,486,0,Never Accepted,No Acceptance
30545.0,1,0,71,4,12,15,19,7,12,2,2,0,3,7,0,0,0,0,0,0,3,11,0,41,2779,0,0,0,1,0,0,0,1,0,0,57,45,0,Middle-Aged (31-45),Low Income,Inactive (>60d),Bronze Spender,Small Family (1 Kid),Together,Graduation,Long-term Member,FishProducts,69,0,Never Accepted,No Acceptance
70123.0,0,0,27,1308,0,396,23,0,0,1,5,7,4,3,0,1,0,0,1,0,3,11,0,37,2433,0,0,0,1,0,0,0,0,0,1,1727,1727,2,Middle-Aged (31-45),High Income,Active (0-30d),Gold Spender,No Children,Together,PhD,Established,Wines,1727,2,Occasional Responder,Campaign 2
62450.0,0,1,61,515,47,267,62,66,38,2,5,5,4,3,0,1,0,0,0,0,3,11,0,61,2333,0,0,1,0,0,0,0,1,0,0,957,919,1,Elderly (>60),Medium Income,Inactive (>60d),Gold Spender,Small Family (1 Kid),Single,Graduation,New Member,Wines,995,1,Occasional Responder,Campaign 4
21675.0,1,0,55,4,0,16,17,4,4,3,4,0,3,7,0,0,0,0,0,0,3,11,0,44,2177,0,0,0,1,0,0,0,1,0,0,41,37,0,Middle-Aged (31-45),Low Income,At-Risk (31-60d),Bronze Spender,Small Family (1 Kid),Together,Graduation,New Member,FishProducts,45,0,Never Accepted,No Acceptance
42395.0,1,1,35,48,13,57,24,15,25,4,3,1,4,7,0,0,0,0,0,0,3,11,0,39,2245,0,0,1,0,0,1,0,0,0,0,157,132,0,Middle-Aged (31-45),Medium Income,At-Risk (31-60d),Silver Spender,Large Family (>1 Kid),Single,2n Cycle,New Member,MeatProducts,182,0,Never Accepted,No Acceptance
61346.0,1,0,34,562,58,168,43,16,142,1,5,7,10,3,0,0,0,0,0,0,3,11,0,42,2425,0,0,0,1,0,0,0,0,1,0,847,705,0,Middle-Aged (31-45),Medium Income,At-Risk (31-60d),Gold Spender,Small Family (1 Kid),Together,Master,Established,Wines,989,0,Never Accepted,No Acceptance
80812.0,0,0,95,769,22,500,210,143,33,1,4,8,5,2,1,0,1,1,0,0,3,11,0,67,2444,0,0,0,1,0,0,0,1,0,0,1644,1611,3,Elderly (>60),High Income,Inactive (>60d),Gold Spender,No Children,Together,Graduation,Established,Wines,1677,3,Campaign Enthusiast,Campaign 1
42835.0,1,1,64,379,4,93,12,9,98,7,6,6,4,6,0,0,0,0,0,0,3,11,0,49,2523,1,0,0,0,0,0,0,0,1,0,497,399,0,Senior (46-60),Medium Income,Inactive (>60d),Silver Spender,Large Family (>1 Kid),Divorced,Master,Established,Wines,595,0,Never Accepted,No Acceptance
39922.0,1,0,30,29,12,59,19,1,36,2,3,0,4,8,0,0,0,0,0,0,3,11,0,37,2659,0,1,0,0,0,0,0,1,0,0,120,84,0,Middle-Aged (31-45),Low Income,Active (0-30d),Silver Spender,Small Family (1 Kid),Married,Graduation,Long-term Member,MeatProducts,156,0,Never Accepted,No Acceptance
86424.0,0,0,12,387,68,569,89,45,68,1,6,9,12,1,0,0,0,0,0,0,3,11,0,64,2244,0,0,1,0,0,0,0,0,1,0,1158,1090,0,Elderly (>60),High Income,Active (0-30d),Gold Spender,No Children,Single,Master,New Member,MeatProducts,1226,0,Never Accepted,No Acceptance
17117.0,1,0,96,12,23,38,30,18,7,4,3,1,3,9,0,0,0,0,0,0,3,11,0,42,2687,0,0,0,1,0,1,0,0,0,0,121,114,0,Middle-Aged (31-45),Low Income,Inactive (>60d),Silver Spender,Small Family (1 Kid),Together,2n Cycle,Long-term Member,MeatProducts,128,0,Never Accepted,No Acceptance
24762.0,1,0,16,6,10,12,3,15,40,3,3,1,2,8,1,0,0,0,0,0,3,11,1,48,2298,0,0,1,0,0,0,0,1,0,0,46,6,1,Senior (46-60),Low Income,Active (0-30d),Bronze Spender,Small Family (1 Kid),Single,Graduation,New Member,GoldProds,86,1,Occasional Responder,Campaign 3
35797.0,0,1,16,27,1,14,4,1,21,2,2,0,3,8,0,0,0,0,0,0,3,11,0,45,2780,0,1,0,0,0,0,0,1,0,0,47,26,0,Middle-Aged (31-45),Low Income,Active (0-30d),Bronze Spender,Small Family (1 Kid),Married,Graduation,Long-term Member,Wines,68,0,Never Accepted,No Acceptance
36627.0,2,0,78,9,1,5,0,0,1,1,0,0,3,5,0,0,0,0,0,0,3,11,0,45,2500,1,0,0,0,0,0,0,1,0,0,15,14,0,Middle-Aged (31-45),Low Income,Inactive (>60d),Bronze Spender,Large Family (>1 Kid),Divorced,Graduation,Established,Wines,16,0,Never Accepted,No Acceptance
51111.0,1,1,83,22,0,19,6,5,3,2,2,0,3,6,0,0,0,0,0,0,3,11,0,39,2169,0,1,0,0,0,1,0,0,0,0,52,49,0,Middle-Aged (31-45),Medium Income,Inactive (>60d),Bronze Spender,Large Family (>1 Kid),Married,2n Cycle,New Member,Wines,55,0,Never Accepted,No Acceptance
86857.0,0,0,96,899,102,838,133,102,40,1,5,6,10,2,0,0,0,0,0,0,3,11,1,48,2814,0,0,1,0,0,0,0,0,0,1,2074,2034,0,Senior (46-60),High Income,Inactive (>60d),Gold Spender,No Children,Single,PhD,Long-term Member,Wines,2114,0,Never Accepted,No Acceptance
82072.0,0,0,67,889,55,685,168,92,129,1,3,2,13,1,0,0,0,0,0,0,3,11,0,50,2521,0,0,0,1,0,0,0,0,0,1,1889,1760,0,Senior (46-60),High Income,Inactive (>60d),Gold Spender,No Children,Together,PhD,Established,Wines,2018,0,Never Accepted,No Acceptance
46231.0,2,1,87,189,2,55,0,5,12,4,6,1,4,9,0,0,0,0,0,0,3,11,0,67,2739,0,0,1,0,0,0,0,0,0,1,251,239,0,Elderly (>60),Medium Income,Inactive (>60d),Silver Spender,Large Family (>1 Kid),Single,PhD,Long-term Member,Wines,263,0,Never Accepted,No Acceptance
42243.0,1,1,34,48,0,2,0,0,5,2,2,0,3,7,0,0,0,0,0,0,3,11,0,61,2359,0,1,0,0,0,0,0,1,0,0,50,45,0,Elderly (>60),Medium Income,At-Risk (31-60d),Bronze Spender,Large Family (>1 Kid),Married,Graduation,New Member,Wines,55,0,Never Accepted,No Acceptance
51195.0,1,1,46,230,14,156,82,24,58,8,9,2,5,8,0,0,0,0,0,0,3,11,0,58,2613,0,0,0,1,0,0,0,1,0,0,506,448,0,Senior (46-60),Medium Income,At-Risk (31-60d),Silver Spender,Large Family (>1 Kid),Together,Graduation,Established,Wines,564,0,Never Accepted,No Acceptance
68092.0,0,0,7,852,60,207,78,36,48,2,2,6,10,5,0,0,0,0,0,0,3,11,0,42,2354,0,0,1,0,0,0,0,0,1,0,1233,1185,0,Middle-Aged (31-45),High Income,Active (0-30d),Gold Spender,No Children,Single,Master,New Member,Wines,1281,0,Never Accepted,No Acceptance
31814.0,1,0,73,35,3,20,4,1,20,2,2,0,3,9,1,0,0,0,0,0,3,11,0,47,2664,0,1,0,0,0,0,0,1,0,0,63,43,1,Senior (46-60),Low Income,Inactive (>60d),Bronze Spender,Small Family (1 Kid),Married,Graduation,Long-term Member,Wines,83,1,Occasional Responder,Campaign 3
51390.0,1,1,54,205,20,47,23,2,56,6,5,2,5,5,0,0,0,0,0,0,3,11,0,55,2818,0,0,0,0,1,0,0,0,1,0,297,241,0,Senior (46-60),Medium Income,At-Risk (31-60d),Silver Spender,Large Family (>1 Kid),Widow,Master,Long-term Member,Wines,353,0,Never Accepted,No Acceptance
76630.0,0,0,93,255,31,446,40,56,175,1,3,10,11,1,0,0,0,0,0,0,3,11,0,37,2325,0,1,0,0,0,0,0,1,0,0,828,653,0,Middle-Aged (31-45),High Income,Inactive (>60d),Gold Spender,No Children,Married,Graduation,New Member,MeatProducts,1003,0,Never Accepted,No Acceptance
26868.0,1,0,52,0,0,1,8,3,2,1,1,0,2,7,0,0,0,0,0,0,3,11,0,29,2219,0,0,1,0,0,0,1,0,0,0,12,10,0,Young Adult (<30),Low Income,At-Risk (31-60d),Bronze Spender,Small Family (1 Kid),Single,Basic,New Member,FishProducts,14,0,Never Accepted,No Acceptance
48948.0,0,0,53,437,8,206,160,49,42,2,7,10,5,6,1,0,0,0,0,0,3,11,1,77,2672,1,0,0,0,0,0,0,0,0,1,860,818,1,Elderly (>60),Medium Income,At-Risk (31-60d),Gold Spender,No Children,Divorced,PhD,Long-term Member,Wines,902,1,Occasional Responder,Campaign 3
55260.0,0,1,81,825,8,53,11,0,242,2,8,10,5,6,0,0,0,0,0,0,3,11,0,48,2723,0,0,1,0,0,0,0,0,0,1,897,655,0,Senior (46-60),Medium Income,Inactive (>60d),Gold Spender,Small Family (1 Kid),Single,PhD,Long-term Member,Wines,1139,0,Never Accepted,No Acceptance
64090.0,0,1,8,316,58,161,76,51,135,1,6,9,4,5,0,0,0,0,0,0,3,11,1,64,2485,0,0,0,1,0,0,0,1,0,0,662,527,0,Elderly (>60),High Income,Active (0-30d),Silver Spender,Small Family (1 Kid),Together,Graduation,Established,Wines,797,0,Never Accepted,No Acceptance
78331.0,0,1,97,756,138,354,160,169,61,2,10,6,7,4,0,0,0,0,0,0,3,11,0,62,2316,1,0,0,0,0,0,0,1,0,0,1577,1516,0,Elderly (>60),High Income,Inactive (>60d),Gold Spender,Small Family (1 Kid),Divorced,Graduation,New Member,Wines,1638,0,Never Accepted,No Acceptance
37087.0,1,0,50,194,55,134,15,0,3,3,4,2,8,6,0,0,0,0,0,0,3,11,0,46,2481,0,1,0,0,0,0,0,0,0,1,398,395,0,Senior (46-60),Low Income,At-Risk (31-60d),Silver Spender,Small Family (1 Kid),Married,PhD,Established,Wines,401,0,Never Accepted,No Acceptance
21846.0,1,0,38,7,17,18,6,10,26,4,4,0,3,8,0,0,0,0,0,0,3,11,0,34,2409,1,0,0,0,0,0,0,1,0,0,58,32,0,Middle-Aged (31-45),Low Income,At-Risk (31-60d),Bronze Spender,Small Family (1 Kid),Divorced,Graduation,Established,GoldProds,84,0,Never Accepted,No Acceptance
81320.0,0,0,61,183,33,493,59,103,57,1,4,3,10,2,0,0,0,0,0,0,3,11,0,62,2667,0,1,0,0,0,0,0,1,0,0,871,814,0,Elderly (>60),High Income,Inactive (>60d),Gold Spender,No Children,Married,Graduation,Long-term Member,MeatProducts,928,0,Never Accepted,No Acceptance
54137.0,0,1,46,171,0,11,0,1,20,2,4,1,4,6,0,0,0,0,0,0,3,11,0,50,2476,1,0,0,0,0,0,0,1,0,0,183,163,0,Senior (46-60),Medium Income,At-Risk (31-60d),Silver Spender,Small Family (1 Kid),Divorced,Graduation,Established,Wines,203,0,Never Accepted,No Acceptance
66825.0,0,0,73,243,101,405,29,40,40,1,4,5,6,2,0,0,0,0,0,0,3,11,0,53,2509,0,0,0,1,0,0,0,1,0,0,818,778,0,Senior (46-60),High Income,Inactive (>60d),Gold Spender,No Children,Together,Graduation,Established,MeatProducts,858,0,Never Accepted,No Acceptance
57100.0,0,0,19,181,21,69,39,3,96,1,3,3,6,3,0,0,0,0,0,0,3,11,0,47,2366,0,0,0,1,0,0,0,1,0,0,313,217,0,Senior (46-60),Medium Income,Active (0-30d),Silver Spender,No Children,Together,Graduation,New Member,Wines,409,0,Never Accepted,No Acceptance
58917.0,1,2,10,151,7,89,0,7,28,5,4,1,6,5,0,0,0,0,0,0,3,11,0,51,2621,0,0,0,1,0,0,0,1,0,0,254,226,0,Senior (46-60),Medium Income,Active (0-30d),Silver Spender,Large Family (>1 Kid),Together,Graduation,Established,Wines,282,0,Never Accepted,No Acceptance
85072.0,0,0,94,494,92,391,194,11,241,1,3,4,10,0,0,0,0,0,0,0,3,11,0,43,2240,0,0,1,0,0,0,0,1,0,0,1182,941,0,Middle-Aged (31-45),High Income,Inactive (>60d),Gold Spender,No Children,Single,Graduation,New Member,Wines,1423,0,Never Accepted,No Acceptance
86429.0,0,0,10,464,28,873,29,18,37,0,7,4,7,2,0,0,0,1,0,0,3,11,1,59,2379,0,0,1,0,0,0,0,1,0,0,1412,1375,1,Senior (46-60),High Income,Active (0-30d),Gold Spender,No Children,Single,Graduation,New Member,MeatProducts,1449,1,Occasional Responder,Campaign 1
45684.0,1,0,37,5,1,5,10,0,7,1,1,0,2,7,0,0,0,0,0,0,3,11,0,49,2368,0,0,0,0,1,0,0,1,0,0,21,14,0,Senior (46-60),Medium Income,At-Risk (31-60d),Bronze Spender,Small Family (1 Kid),Widow,Graduation,New Member,FishProducts,28,0,Never Accepted,No Acceptance
47889.0,1,0,94,29,0,29,0,5,4,1,2,0,3,5,0,0,0,0,0,0,3,11,0,46,2335,0,0,0,1,0,0,0,1,0,0,63,59,0,Senior (46-60),Medium Income,Inactive (>60d),Bronze Spender,Small Family (1 Kid),Together,Graduation,New Member,Wines,67,0,Never Accepted,No Acceptance
45921.0,0,0,23,102,9,49,24,3,12,1,2,1,6,4,0,0,0,0,0,0,3,11,0,34,2270,0,1,0,0,0,0,0,0,0,1,187,175,0,Middle-Aged (31-45),Medium Income,Active (0-30d),Silver Spender,No Children,Married,PhD,New Member,Wines,199,0,Never Accepted,No Acceptance
78420.0,0,0,75,604,28,674,91,28,28,1,3,10,8,1,0,0,0,0,0,0,3,11,0,54,2524,0,0,1,0,0,0,0,0,0,1,1425,1397,0,Senior (46-60),High Income,Inactive (>60d),Gold Spender,No Children,Single,PhD,Established,MeatProducts,1453,0,Never Accepted,No Acceptance
75114.0,0,0,40,571,12,523,63,60,24,1,3,10,5,2,0,0,0,0,0,0,3,11,0,28,2393,0,0,0,1,0,0,0,1,0,0,1229,1205,0,Young Adult (<30),High Income,At-Risk (31-60d),Gold Spender,No Children,Together,Graduation,New Member,Wines,1253,0,Never Accepted,No Acceptance
52278.0,0,1,24,953,0,71,0,0,174,6,10,5,10,8,0,0,0,0,0,0,3,11,1,57,2679,0,0,0,0,1,0,0,0,0,1,1024,850,0,Senior (46-60),Medium Income,Active (0-30d),Gold Spender,Small Family (1 Kid),Widow,PhD,Long-term Member,Wines,1198,0,Never Accepted,No Acceptance
35641.0,1,0,11,63,3,67,8,9,28,2,3,1,4,7,0,0,0,0,0,0,3,11,1,48,2509,0,1,0,0,0,0,0,0,1,0,150,122,0,Senior (46-60),Low Income,Active (0-30d),Silver Spender,Small Family (1 Kid),Married,Master,Established,MeatProducts,178,0,Never Accepted,No Acceptance
62820.0,0,0,51,398,61,265,138,61,53,1,3,4,6,1,0,0,0,0,0,0,3,11,0,66,2573,0,1,0,0,0,0,0,1,0,0,923,870,0,Elderly (>60),High Income,At-Risk (31-60d),Gold Spender,No Children,Married,Graduation,Established,Wines,976,0,Never Accepted,No Acceptance
73113.0,0,0,86,741,19,154,50,9,28,1,3,4,7,2,0,0,0,0,0,0,3,11,0,60,2344,0,0,0,1,0,0,0,0,1,0,973,945,0,Senior (46-60),High Income,Inactive (>60d),Gold Spender,No Children,Together,Master,New Member,Wines,1001,0,Never Accepted,No Acceptance
84169.0,0,0,9,1478,19,403,0,19,0,1,7,6,6,3,0,1,1,0,0,0,3,11,1,38,2485,0,1,0,0,0,0,0,0,0,1,1919,1919,2,Middle-Aged (31-45),High Income,Active (0-30d),Gold Spender,No Children,Married,PhD,Established,Wines,1919,2,Occasional Responder,Campaign 4
42607.0,0,1,30,156,29,56,30,32,47,2,3,2,7,3,0,0,0,0,0,0,3,11,0,66,2383,0,0,1,0,0,1,0,0,0,0,303,256,0,Elderly (>60),Medium Income,Active (0-30d),Silver Spender,Small Family (1 Kid),Single,2n Cycle,New Member,Wines,350,0,Never Accepted,No Acceptance
74637.0,0,0,73,960,64,464,146,0,16,1,6,9,9,3,0,0,0,1,0,0,3,11,0,66,2566,0,0,1,0,0,0,0,0,0,1,1634,1618,1,Elderly (>60),High Income,Inactive (>60d),Gold Spender,No Children,Single,PhD,Established,Wines,1650,1,Occasional Responder,Campaign 1
46015.0,1,1,25,38,0,2,0,0,6,1,1,0,3,7,1,0,0,0,1,0,3,11,0,65,2236,0,0,0,1,0,0,0,0,0,1,40,34,2,Elderly (>60),Medium Income,Active (0-30d),Bronze Spender,Large Family (>1 Kid),Together,PhD,New Member,Wines,46,2,Occasional Responder,Campaign 2
72354.0,0,0,67,315,26,473,220,12,182,1,2,10,6,1,0,0,0,0,0,0,3,11,0,27,2597,0,0,1,0,0,0,0,1,0,0,1046,864,0,Young Adult (<30),High Income,Inactive (>60d),Gold Spender,No Children,Single,Graduation,Established,MeatProducts,1228,0,Never Accepted,No Acceptance
39858.0,1,0,67,15,20,25,2,7,26,1,2,0,4,6,0,0,0,0,0,0,3,11,1,51,2680,0,0,1,0,0,0,0,0,1,0,69,43,0,Senior (46-60),Low Income,Inactive (>60d),Bronze Spender,Small Family (1 Kid),Single,Master,Long-term Member,GoldProds,95,0,Never Accepted,No Acceptance
34469.0,1,1,58,19,6,20,0,5,12,3,1,1,4,4,0,0,0,0,0,0,3,11,0,72,2215,0,1,0,0,0,0,0,0,0,1,50,38,0,Elderly (>60),Low Income,At-Risk (31-60d),Bronze Spender,Large Family (>1 Kid),Married,PhD,New Member,MeatProducts,62,0,Never Accepted,No Acceptance
83033.0,1,0,82,812,99,431,237,149,33,1,11,4,10,5,0,0,0,1,0,0,3,11,0,34,2201,0,0,0,1,0,0,0,1,0,0,1728,1695,1,Middle-Aged (31-45),High Income,Inactive (>60d),Gold Spender,Small Family (1 Kid),Together,Graduation,New Member,Wines,1761,1,Occasional Responder,Campaign 1
24401.0,0,0,98,73,28,217,10,24,115,3,6,1,6,8,0,0,0,0,0,0,3,11,0,41,2826,0,0,0,1,0,0,0,0,1,0,352,237,0,Middle-Aged (31-45),Low Income,Inactive (>60d),Silver Spender,No Children,Together,Master,Long-term Member,MeatProducts,467,0,Never Accepted,No Acceptance
77583.0,0,0,93,372,23,384,250,12,108,1,4,5,9,2,0,0,0,1,0,0,3,11,0,42,2298,0,1,0,0,0,0,0,1,0,0,1041,933,1,Middle-Aged (31-45),High Income,Inactive (>60d),Gold Spender,No Children,Married,Graduation,New Member,MeatProducts,1149,1,Occasional Responder,Campaign 1
74116.0,0,0,53,871,111,704,145,55,166,1,4,4,10,2,0,1,0,0,0,0,3,11,0,38,2340,0,0,1,0,0,1,0,0,0,0,1886,1720,1,Middle-Aged (31-45),High Income,At-Risk (31-60d),Gold Spender,No Children,Single,2n Cycle,New Member,Wines,2052,1,Occasional Responder,Campaign 4
74293.0,0,0,66,375,152,335,93,91,81,1,5,4,6,2,0,0,0,0,0,0,3,11,0,27,2215,0,0,1,0,0,0,0,1,0,0,1046,965,0,Young Adult (<30),High Income,Inactive (>60d),Gold Spender,No Children,Single,Graduation,New Member,Wines,1127,0,Never Accepted,No Acceptance
68397.0,0,1,6,760,80,466,17,13,80,1,6,9,5,3,0,0,0,0,0,0,3,11,0,44,2383,0,1,0,0,0,0,0,0,0,1,1336,1256,0,Middle-Aged (31-45),High Income,Active (0-30d),Gold Spender,Small Family (1 Kid),Married,PhD,New Member,Wines,1416,0,Never Accepted,No Acceptance
79632.0,0,0,42,471,0,510,99,21,12,1,6,4,9,2,0,0,0,0,0,0,3,11,0,46,2241,0,0,0,1,0,0,0,0,0,1,1101,1089,0,Senior (46-60),High Income,At-Risk (31-60d),Gold Spender,No Children,Together,PhD,New Member,MeatProducts,1113,0,Never Accepted,No Acceptance
46107.0,1,0,78,31,9,27,16,9,33,1,1,1,4,3,0,0,0,0,0,0,3,11,0,31,2298,0,0,1,0,0,0,0,1,0,0,92,59,0,Middle-Aged (31-45),Medium Income,Inactive (>60d),Silver Spender,Small Family (1 Kid),Single,Graduation,New Member,GoldProds,125,0,Never Accepted,No Acceptance
64950.0,0,1,29,819,0,72,12,0,63,2,11,2,10,7,0,1,0,0,0,0,3,11,0,69,2845,0,0,1,0,0,0,0,0,0,1,903,840,1,Elderly (>60),High Income,Active (0-30d),Gold Spender,Small Family (1 Kid),Single,PhD,Long-term Member,Wines,966,1,Occasional Responder,Campaign 4
25443.0,1,0,82,1,4,3,8,9,7,1,1,0,3,8,0,0,0,0,0,0,3,11,0,31,2713,0,1,0,0,0,0,1,0,0,0,25,18,0,Middle-Aged (31-45),Low Income,Inactive (>60d),Bronze Spender,Small Family (1 Kid),Married,Basic,Long-term Member,SweetProducts,32,0,Never Accepted,No Acceptance
75127.0,0,0,92,203,35,305,46,17,227,1,2,11,5,1,0,0,0,0,0,0,3,11,0,68,2197,0,0,1,0,0,0,0,1,0,0,606,379,0,Elderly (>60),High Income,Inactive (>60d),Silver Spender,No Children,Single,Graduation,New Member,MeatProducts,833,0,Never Accepted,No Acceptance
32892.0,1,0,78,26,0,15,2,1,2,2,3,0,3,8,0,0,0,0,0,0,3,11,0,49,2194,0,0,0,1,0,0,0,0,0,1,44,42,0,Senior (46-60),Low Income,Inactive (>60d),Bronze Spender,Small Family (1 Kid),Together,PhD,New Member,Wines,46,0,Never Accepted,No Acceptance
71796.0,0,0,54,354,21,311,167,75,32,1,9,3,4,4,0,0,0,0,0,0,3,11,0,49,2407,0,0,0,1,0,0,0,1,0,0,928,896,0,Senior (46-60),High Income,At-Risk (31-60d),Gold Spender,No Children,Together,Graduation,Established,Wines,960,0,Never Accepted,No Acceptance
67536.0,0,1,45,1253,0,447,23,71,35,3,11,5,11,8,0,0,0,1,0,0,3,11,0,50,2562,0,1,0,0,0,0,0,0,0,1,1794,1759,1,Senior (46-60),High Income,At-Risk (31-60d),Gold Spender,Small Family (1 Kid),Married,PhD,Established,Wines,1829,1,Occasional Responder,Campaign 1
55239.0,0,1,59,371,17,238,23,24,106,3,7,5,11,5,0,0,0,0,0,0,3,11,0,49,2509,0,0,1,0,0,0,0,1,0,0,673,567,0,Senior (46-60),Medium Income,At-Risk (31-60d),Silver Spender,Small Family (1 Kid),Single,Graduation,Established,Wines,779,0,Never Accepted,No Acceptance
60554.0,1,0,8,588,7,76,110,15,15,2,8,4,9,6,0,0,0,0,0,0,3,11,0,45,2483,1,0,0,0,0,0,0,0,0,1,796,781,0,Middle-Aged (31-45),Medium Income,Active (0-30d),Gold Spender,Small Family (1 Kid),Divorced,PhD,Established,Wines,811,0,Never Accepted,No Acceptance
64831.0,1,1,51,480,86,249,75,86,144,8,6,3,5,6,0,0,0,0,0,0,3,11,0,68,2543,0,0,1,0,0,1,0,0,0,0,976,832,0,Elderly (>60),High Income,At-Risk (31-60d),Gold Spender,Large Family (>1 Kid),Single,2n Cycle,Established,Wines,1120,0,Never Accepted,No Acceptance
56067.0,0,1,51,517,12,54,16,6,120,2,7,4,7,5,0,0,0,0,0,0,3,11,0,58,2503,0,0,0,1,0,0,0,0,0,1,605,485,0,Senior (46-60),Medium Income,At-Risk (31-60d),Silver Spender,Small Family (1 Kid),Together,PhD,Established,Wines,725,0,Never Accepted,No Acceptance
82025.0,0,0,76,267,98,606,48,70,98,1,3,2,6,1,0,0,1,0,0,0,3,11,1,37,2556,1,0,0,0,0,0,0,1,0,0,1089,991,1,Middle-Aged (31-45),High Income,Inactive (>60d),Gold Spender,No Children,Divorced,Graduation,Established,MeatProducts,1187,1,Occasional Responder,Campaign 5
14906.0,0,0,86,7,7,14,7,16,15,3,2,1,3,7,0,0,0,0,0,0,3,11,0,34,2713,0,0,1,0,0,0,1,0,0,0,51,36,0,Middle-Aged (31-45),Low Income,Inactive (>60d),Bronze Spender,No Children,Single,Basic,Long-term Member,SweetProducts,66,0,Never Accepted,No Acceptance
51563.0,0,0,60,1166,0,48,0,0,36,1,4,4,10,8,0,1,1,0,0,0,3,11,0,33,2795,0,1,0,0,0,0,0,0,0,1,1214,1178,2,Middle-Aged (31-45),Medium Income,At-Risk (31-60d),Gold Spender,No Children,Married,PhD,Long-term Member,Wines,1250,2,Occasional Responder,Campaign 4
57937.0,0,1,56,261,42,144,55,48,133,3,4,4,9,3,0,0,0,0,0,0,3,11,0,38,2292,0,1,0,0,0,1,0,0,0,0,550,417,0,Middle-Aged (31-45),Medium Income,At-Risk (31-60d),Silver Spender,Small Family (1 Kid),Married,2n Cycle,New Member,Wines,683,0,Never Accepted,No Acceptance
68274.0,1,1,83,135,25,51,23,25,46,2,4,2,5,3,0,0,0,0,0,0,3,11,0,41,2431,1,0,0,0,0,0,0,1,0,0,259,213,0,Middle-Aged (31-45),High Income,Inactive (>60d),Silver Spender,Large Family (>1 Kid),Divorced,Graduation,Established,Wines,305,0,Never Accepted,No Acceptance
39771.0,1,0,92,6,2,18,2,8,14,1,2,0,3,4,0,0,0,0,0,0,3,11,0,43,2364,0,0,0,1,0,0,0,1,0,0,36,22,0,Middle-Aged (31-45),Low Income,Inactive (>60d),Bronze Spender,Small Family (1 Kid),Together,Graduation,New Member,MeatProducts,50,0,Never Accepted,No Acceptance
67893.0,0,1,31,711,28,142,49,18,47,2,3,2,9,8,0,0,0,0,0,0,3,11,0,45,2795,1,0,0,0,0,1,0,0,0,0,948,901,0,Middle-Aged (31-45),High Income,At-Risk (31-60d),Gold Spender,Small Family (1 Kid),Divorced,2n Cycle,Long-term Member,Wines,995,0,Never Accepted,No Acceptance
27922.0,1,0,80,11,0,13,2,4,11,1,2,0,3,4,0,0,0,0,0,0,3,11,0,41,2209,0,0,0,1,0,0,0,0,0,1,30,19,0,Middle-Aged (31-45),Low Income,Inactive (>60d),Bronze Spender,Small Family (1 Kid),Together,PhD,New Member,MeatProducts,41,0,Never Accepted,No Acceptance
52190.0,1,1,39,42,0,17,0,0,18,3,2,1,3,5,1,0,0,0,0,0,3,11,0,44,2211,0,0,0,1,0,0,0,0,0,1,59,41,1,Middle-Aged (31-45),Medium Income,At-Risk (31-60d),Bronze Spender,Large Family (>1 Kid),Together,PhD,New Member,Wines,77,1,Occasional Responder,Campaign 3
44051.0,1,1,20,79,7,58,6,3,18,4,3,1,4,6,0,0,0,0,0,0,3,11,1,47,2675,1,0,0,0,0,0,0,0,1,0,153,135,0,Senior (46-60),Medium Income,Active (0-30d),Silver Spender,Large Family (>1 Kid),Divorced,Master,Long-term Member,Wines,171,0,Never Accepted,No Acceptance
42767.0,2,0,53,20,6,43,19,5,38,1,3,1,2,8,0,0,0,0,0,0,3,11,0,49,2573,0,0,1,0,0,0,0,0,0,1,93,55,0,Senior (46-60),Medium Income,At-Risk (31-60d),Silver Spender,Large Family (>1 Kid),Single,PhD,Established,MeatProducts,131,0,Never Accepted,No Acceptance
46106.0,1,1,84,30,0,8,2,0,14,1,1,1,2,6,0,0,0,0,0,0,3,11,0,44,2208,0,0,0,1,0,0,0,0,1,0,40,26,0,Middle-Aged (31-45),Medium Income,Inactive (>60d),Bronze Spender,Large Family (>1 Kid),Together,Master,New Member,Wines,54,0,Never Accepted,No Acceptance
16927.0,1,1,50,20,2,23,3,1,4,5,3,0,4,8,0,0,0,0,0,0,3,11,0,44,2663,0,1,0,0,0,0,0,0,0,1,49,45,0,Middle-Aged (31-45),Low Income,At-Risk (31-60d),Bronze Spender,Large Family (>1 Kid),Married,PhD,Long-term Member,MeatProducts,53,0,Never Accepted,No Acceptance
59754.0,0,1,96,115,27,44,4,146,139,3,5,2,6,5,0,0,0,0,0,0,3,11,1,55,2734,0,1,0,0,0,0,0,1,0,0,336,197,0,Senior (46-60),Medium Income,Inactive (>60d),Silver Spender,Small Family (1 Kid),Married,Graduation,Long-term Member,SweetProducts,475,0,Never Accepted,No Acceptance
53700.0,0,1,94,263,5,233,69,41,83,4,5,5,8,5,0,0,0,0,0,0,3,11,0,68,2840,0,0,1,0,0,0,0,1,0,0,611,528,0,Elderly (>60),Medium Income,Inactive (>60d),Silver Spender,Small Family (1 Kid),Single,Graduation,Long-term Member,Wines,694,0,Never Accepted,No Acceptance
59041.0,1,1,25,69,2,15,2,2,6,2,2,0,4,5,0,0,0,0,0,0,3,11,0,47,2212,0,1,0,0,0,0,0,1,0,0,90,84,0,Senior (46-60),Medium Income,Active (0-30d),Bronze Spender,Large Family (>1 Kid),Married,Graduation,New Member,Wines,96,0,Never Accepted,No Acceptance
54237.0,0,1,48,267,3,30,4,0,57,4,5,2,5,6,0,0,0,0,0,0,3,11,0,63,2587,1,0,0,0,0,0,0,0,0,1,304,247,0,Elderly (>60),Medium Income,At-Risk (31-60d),Silver Spender,Small Family (1 Kid),Divorced,PhD,Established,Wines,361,0,Never Accepted,No Acceptance
70647.0,0,1,65,561,85,171,25,123,114,2,4,7,13,2,0,0,0,0,0,0,3,11,0,53,2805,1,0,0,0,0,0,0,1,0,0,965,851,0,Senior (46-60),High Income,Inactive (>60d),Gold Spender,Small Family (1 Kid),Divorced,Graduation,Long-term Member,Wines,1079,0,Never Accepted,No Acceptance
52597.0,0,1,69,492,0,37,7,0,42,3,6,3,8,5,0,0,0,0,0,0,3,11,0,58,2212,0,0,1,0,0,0,0,0,0,1,536,494,0,Senior (46-60),Medium Income,Inactive (>60d),Silver Spender,Small Family (1 Kid),Single,PhD,New Member,Wines,578,0,Never Accepted,No Acceptance
41021.0,1,0,12,14,7,9,6,16,12,2,2,0,3,6,0,0,0,0,0,0,3,11,1,51,2705,0,0,0,1,0,0,0,0,1,0,52,40,0,Senior (46-60),Medium Income,Active (0-30d),Bronze Spender,Small Family (1 Kid),Together,Master,Long-term Member,SweetProducts,64,0,Never Accepted,No Acceptance
40233.0,0,1,84,80,4,46,0,17,2,5,2,1,5,6,0,0,0,0,0,0,3,11,0,45,2417,0,1,0,0,0,0,0,0,0,1,147,145,0,Middle-Aged (31-45),Medium Income,Inactive (>60d),Silver Spender,Small Family (1 Kid),Married,PhD,Established,Wines,149,0,Never Accepted,No Acceptance
50183.0,1,1,47,97,12,84,13,10,15,7,3,1,6,5,0,0,0,0,0,0,3,11,0,40,2163,0,1,0,0,0,0,0,1,0,0,216,201,0,Middle-Aged (31-45),Medium Income,At-Risk (31-60d),Silver Spender,Large Family (>1 Kid),Married,Graduation,New Member,Wines,231,0,Never Accepted,No Acceptance
54753.0,0,1,87,197,107,227,7,59,131,3,5,2,11,4,0,0,0,0,0,0,3,11,0,61,2449,0,0,0,1,0,0,0,1,0,0,597,466,0,Elderly (>60),Medium Income,Inactive (>60d),Silver Spender,Small Family (1 Kid),Together,Graduation,Established,MeatProducts,728,0,Never Accepted,No Acceptance
33471.0,1,0,47,43,2,27,0,9,12,3,3,0,4,7,0,0,0,0,0,0,3,11,0,47,2784,0,1,0,0,0,0,0,1,0,0,81,69,0,Senior (46-60),Low Income,At-Risk (31-60d),Bronze Spender,Small Family (1 Kid),Married,Graduation,Long-term Member,Wines,93,0,Never Accepted,No Acceptance
34596.0,1,0,48,14,0,2,0,0,7,1,1,0,2,8,0,0,0,0,0,0,3,11,1,46,2601,0,1,0,0,0,0,0,0,0,1,16,9,0,Senior (46-60),Low Income,At-Risk (31-60d),Bronze Spender,Small Family (1 Kid),Married,PhD,Established,Wines,23,0,Never Accepted,No Acceptance
44010.0,1,0,46,186,36,234,86,72,48,6,10,2,6,9,0,0,0,0,0,0,3,11,0,40,2783,0,0,0,1,0,0,0,1,0,0,614,566,0,Middle-Aged (31-45),Medium Income,At-Risk (31-60d),Silver Spender,Small Family (1 Kid),Together,Graduation,Long-term Member,MeatProducts,662,0,Never Accepted,No Acceptance
84219.0,0,0,27,434,137,400,45,137,45,1,3,4,10,1,0,0,0,0,0,0,3,11,0,32,2306,0,1,0,0,0,0,0,1,0,0,1153,1108,0,Middle-Aged (31-45),High Income,Active (0-30d),Gold Spender,No Children,Married,Graduation,New Member,Wines,1198,0,Never Accepted,No Acceptance
40706.0,2,1,37,59,0,11,4,2,5,4,3,0,4,7,0,0,0,0,0,0,3,11,0,52,2687,0,0,0,1,0,0,0,0,0,1,76,71,0,Senior (46-60),Medium Income,At-Risk (31-60d),Bronze Spender,Large Family (>1 Kid),Together,PhD,Long-term Member,Wines,81,0,Never Accepted,No Acceptance
15716.0,1,0,8,16,5,30,8,7,26,3,3,0,4,8,0,0,0,0,0,1,3,11,0,32,2753,0,1,0,0,0,1,0,0,0,0,66,40,0,Middle-Aged (31-45),Low Income,Active (0-30d),Bronze Spender,Small Family (1 Kid),Married,2n Cycle,Long-term Member,MeatProducts,92,0,Never Accepted,No Acceptance
59052.0,0,1,29,230,35,75,63,57,31,3,7,1,7,5,0,0,0,0,0,0,3,11,0,61,2383,1,0,0,0,0,1,0,0,0,0,460,429,0,Elderly (>60),Medium Income,Active (0-30d),Silver Spender,Small Family (1 Kid),Divorced,2n Cycle,New Member,Wines,491,0,Never Accepted,No Acceptance
80573.0,0,0,85,829,138,430,60,92,15,1,4,6,13,2,0,0,0,0,0,0,3,11,0,49,2782,0,0,0,1,0,0,0,0,1,0,1549,1534,0,Senior (46-60),High Income,Inactive (>60d),Gold Spender,No Children,Together,Master,Long-term Member,Wines,1564,0,Never Accepted,No Acceptance
83715.0,0,0,2,318,8,407,150,35,8,1,2,8,13,0,0,0,0,0,0,0,3,11,0,58,2305,0,1,0,0,0,0,0,1,0,0,918,910,0,Senior (46-60),High Income,Active (0-30d),Gold Spender,No Children,Married,Graduation,New Member,MeatProducts,926,0,Never Accepted,No Acceptance
82576.0,0,0,66,1206,55,445,168,18,18,1,2,4,12,1,0,0,1,0,0,0,3,11,0,61,2856,0,0,0,1,0,0,0,0,1,0,1892,1874,1,Elderly (>60),High Income,Inactive (>60d),Gold Spender,No Children,Together,Master,Long-term Member,Wines,1910,1,Occasional Responder,Campaign 5
56962.0,2,1,60,292,3,77,10,3,26,7,6,3,5,7,0,0,0,0,0,0,3,11,0,55,2420,0,1,0,0,0,0,0,0,1,0,385,359,0,Senior (46-60),Medium Income,At-Risk (31-60d),Silver Spender,Large Family (>1 Kid),Married,Master,Established,Wines,411,0,Never Accepted,No Acceptance
35704.0,1,1,54,30,9,12,2,11,30,3,2,0,4,4,0,0,0,0,0,0,3,11,0,68,2336,0,1,0,0,0,0,0,1,0,0,64,34,0,Elderly (>60),Low Income,At-Risk (31-60d),Bronze Spender,Large Family (>1 Kid),Married,Graduation,New Member,Wines,94,0,Never Accepted,No Acceptance
53103.0,0,1,70,729,17,133,11,0,195,5,10,6,7,7,1,0,0,0,0,0,3,11,0,66,2449,0,0,0,1,0,0,0,1,0,0,890,695,1,Elderly (>60),Medium Income,Inactive (>60d),Gold Spender,Small Family (1 Kid),Together,Graduation,Established,Wines,1085,1,Occasional Responder,Campaign 3
46779.0,1,1,55,12,1,3,0,0,7,1,0,1,2,4,0,0,0,0,0,0,3,11,0,60,2511,0,0,0,0,1,1,0,0,0,0,16,9,0,Senior (46-60),Medium Income,At-Risk (31-60d),Bronze Spender,Large Family (>1 Kid),Widow,2n Cycle,Established,Wines,23,0,Never Accepted,No Acceptance
4861.0,0,0,20,2,1,1,1,0,1,0,0,0,0,14,0,0,0,0,0,0,3,11,0,55,2166,1,0,0,0,0,0,0,1,0,0,5,4,0,Senior (46-60),Low Income,Active (0-30d),Bronze Spender,No Children,Divorced,Graduation,New Member,Wines,6,0,Never Accepted,No Acceptance
33462.0,1,0,78,22,3,18,0,0,11,1,2,0,3,7,0,0,0,0,0,0,3,11,0,41,2485,1,0,0,0,0,0,0,0,1,0,43,32,0,Middle-Aged (31-45),Low Income,Inactive (>60d),Bronze Spender,Small Family (1 Kid),Divorced,Master,Established,Wines,54,0,Never Accepted,No Acceptance
63693.0,0,1,63,587,43,337,42,87,54,3,11,6,9,6,0,0,0,0,0,0,3,11,0,42,2417,1,0,0,0,0,0,0,1,0,0,1096,1042,0,Middle-Aged (31-45),High Income,Inactive (>60d),Gold Spender,Small Family (1 Kid),Divorced,Graduation,Established,Wines,1150,0,Never Accepted,No Acceptance
80763.0,0,0,17,674,168,108,192,42,231,1,5,11,6,3,0,0,1,1,0,0,3,11,1,70,2477,0,1,0,0,0,0,0,1,0,0,1184,953,2,Elderly (>60),High Income,Active (0-30d),Gold Spender,No Children,Married,Graduation,Established,Wines,1415,2,Occasional Responder,Campaign 1
65352.0,0,1,43,284,3,84,4,7,23,2,4,2,8,4,0,0,0,0,0,0,3,11,0,46,2471,0,1,0,0,0,0,0,0,0,1,382,359,0,Senior (46-60),High Income,At-Risk (31-60d),Silver Spender,Small Family (1 Kid),Married,PhD,Established,Wines,405,0,Never Accepted,No Acceptance
82170.0,0,0,13,1023,93,651,49,55,37,1,5,6,7,2,0,0,0,0,0,0,3,11,0,42,2375,0,1,0,0,0,0,0,0,0,1,1871,1834,0,Middle-Aged (31-45),High Income,Active (0-30d),Gold Spender,No Children,Married,PhD,New Member,Wines,1908,0,Never Accepted,No Acceptance
75759.0,0,0,46,1394,22,708,89,91,182,1,9,7,9,5,1,0,1,1,0,0,3,11,1,51,2406,0,1,0,0,0,0,0,1,0,0,2304,2122,3,Senior (46-60),High Income,At-Risk (31-60d),Gold Spender,No Children,Married,Graduation,Established,Wines,2486,3,Campaign Enthusiast,Campaign 1
79689.0,0,0,65,311,26,640,180,37,121,1,4,9,13,2,0,0,0,0,0,0,3,11,0,44,2572,0,0,1,0,0,1,0,0,0,0,1194,1073,0,Middle-Aged (31-45),High Income,Inactive (>60d),Gold Spender,No Children,Single,2n Cycle,Established,MeatProducts,1315,0,Never Accepted,No Acceptance
35340.0,1,1,1,27,0,12,0,1,5,2,2,0,3,5,0,0,0,0,0,0,3,11,0,64,2159,0,0,0,0,1,0,0,0,0,1,40,35,0,Elderly (>60),Low Income,Active (0-30d),Bronze Spender,Large Family (>1 Kid),Widow,PhD,New Member,Wines,45,0,Never Accepted,No Acceptance
85683.0,0,0,6,1296,17,311,45,69,51,1,2,4,10,1,0,1,1,1,1,0,3,11,1,66,2259,1,0,0,0,0,0,0,1,0,0,1738,1687,4,Elderly (>60),High Income,Active (0-30d),Gold Spender,No Children,Divorced,Graduation,New Member,Wines,1789,4,Campaign Enthusiast,Campaign 1
24884.0,1,0,32,3,6,7,0,0,3,1,0,0,3,7,0,0,0,0,0,0,3,11,0,48,2736,0,1,0,0,0,1,0,0,0,0,16,13,0,Senior (46-60),Low Income,At-Risk (31-60d),Bronze Spender,Small Family (1 Kid),Married,2n Cycle,Long-term Member,MeatProducts,19,0,Never Accepted,No Acceptance
42021.0,1,0,34,393,5,136,7,5,27,5,10,1,6,9,1,0,0,0,0,0,3,11,0,39,2826,0,0,0,1,0,0,0,0,1,0,546,519,1,Middle-Aged (31-45),Medium Income,At-Risk (31-60d),Silver Spender,Small Family (1 Kid),Together,Master,Long-term Member,Wines,573,1,Occasional Responder,Campaign 3
64449.0,1,0,70,218,63,282,137,35,70,4,5,3,12,4,0,0,0,0,0,0,3,11,0,31,2290,0,0,1,0,0,0,0,1,0,0,735,665,0,Middle-Aged (31-45),High Income,Inactive (>60d),Silver Spender,Small Family (1 Kid),Single,Graduation,New Member,MeatProducts,805,0,Never Accepted,No Acceptance
64587.0,1,1,49,66,0,16,0,6,20,2,1,1,4,3,0,0,0,0,0,0,3,11,0,66,2166,1,0,0,0,0,0,0,1,0,0,88,68,0,Elderly (>60),High Income,At-Risk (31-60d),Bronze Spender,Large Family (>1 Kid),Divorced,Graduation,New Member,Wines,108,0,Never Accepted,No Acceptance
34824.0,0,0,65,4,2,11,2,0,4,1,1,0,2,6,0,0,0,0,0,0,3,11,0,25,2254,0,0,1,0,0,0,0,1,0,0,19,15,0,Young Adult (<30),Low Income,Inactive (>60d),Bronze Spender,No Children,Single,Graduation,New Member,MeatProducts,23,0,Never Accepted,No Acceptance
75437.0,0,0,25,795,0,545,95,58,0,1,8,4,10,6,0,0,0,1,0,0,3,11,0,42,2391,0,0,0,1,0,0,0,1,0,0,1493,1493,1,Middle-Aged (31-45),High Income,Active (0-30d),Gold Spender,No Children,Together,Graduation,New Member,Wines,1493,1,Occasional Responder,Campaign 1
26091.0,1,1,84,15,10,19,8,17,20,3,2,1,3,5,0,0,0,0,0,0,3,11,0,63,2283,0,0,0,1,0,0,0,1,0,0,69,49,0,Elderly (>60),Low Income,Inactive (>60d),Bronze Spender,Large Family (>1 Kid),Together,Graduation,New Member,GoldProds,89,0,Never Accepted,No Acceptance
52845.0,1,0,7,384,25,292,130,41,64,3,8,8,6,6,1,0,0,0,0,0,3,11,0,47,2479,0,1,0,0,0,0,0,1,0,0,872,808,1,Senior (46-60),Medium Income,Active (0-30d),Gold Spender,Small Family (1 Kid),Married,Graduation,Established,Wines,936,1,Occasional Responder,Campaign 3
46086.0,0,1,34,244,8,32,7,2,50,4,3,1,8,4,0,0,0,0,0,0,3,11,0,64,2397,1,0,0,0,0,0,0,1,0,0,293,243,0,Elderly (>60),Medium Income,At-Risk (31-60d),Silver Spender,Small Family (1 Kid),Divorced,Graduation,New Member,Wines,343,0,Never Accepted,No Acceptance
78028.0,0,1,38,158,19,288,25,0,38,1,6,4,9,7,0,1,1,0,0,0,3,11,1,64,2816,0,0,0,0,1,0,0,0,0,1,490,452,2,Elderly (>60),High Income,At-Risk (31-60d),Silver Spender,Small Family (1 Kid),Widow,PhD,Long-term Member,MeatProducts,528,2,Occasional Responder,Campaign 4
56337.0,1,1,25,349,16,144,28,5,182,5,8,5,4,8,1,0,0,1,0,0,3,11,1,39,2618,0,1,0,0,0,1,0,0,0,0,542,360,2,Middle-Aged (31-45),Medium Income,Active (0-30d),Silver Spender,Large Family (>1 Kid),Married,2n Cycle,Established,Wines,724,2,Occasional Responder,Campaign 1
22434.0,1,0,25,4,12,11,3,13,15,2,2,0,3,8,0,0,0,0,0,0,3,11,0,33,2660,0,0,0,1,0,0,0,1,0,0,43,28,0,Middle-Aged (31-45),Low Income,Active (0-30d),Bronze Spender,Small Family (1 Kid),Together,Graduation,Long-term Member,GoldProds,58,0,Never Accepted,No Acceptance
36930.0,0,1,50,223,2,31,0,2,39,5,5,2,4,8,0,0,0,0,0,0,3,11,0,66,2567,0,1,0,0,0,0,0,0,0,1,258,219,0,Elderly (>60),Low Income,At-Risk (31-60d),Silver Spender,Small Family (1 Kid),Married,PhD,Established,Wines,297,0,Never Accepted,No Acceptance
36130.0,0,1,46,157,43,127,68,56,37,6,3,8,4,4,1,0,0,0,0,0,3,11,1,66,2671,0,0,1,0,0,0,0,1,0,0,451,414,1,Elderly (>60),Low Income,At-Risk (31-60d),Silver Spender,Small Family (1 Kid),Single,Graduation,Long-term Member,Wines,488,1,Occasional Responder,Campaign 3
65569.0,0,1,96,397,46,288,20,38,70,2,6,5,10,3,0,0,0,0,0,0,3,11,0,67,2760,0,1,0,0,0,0,0,0,1,0,789,719,0,Elderly (>60),High Income,Inactive (>60d),Gold Spender,Small Family (1 Kid),Married,Master,Long-term Member,Wines,859,0,Never Accepted,No Acceptance
83844.0,0,0,57,901,31,345,75,31,191,1,4,4,11,1,0,0,1,0,0,0,3,11,0,68,2572,0,0,0,1,0,0,0,1,0,0,1383,1192,1,Elderly (>60),High Income,At-Risk (31-60d),Gold Spender,No Children,Together,Graduation,Established,Wines,1574,1,Occasional Responder,Campaign 5
19514.0,1,1,47,14,3,21,2,1,28,4,3,1,2,8,1,0,0,0,0,0,3,11,0,52,2313,0,1,0,0,0,0,0,1,0,0,41,13,1,Senior (46-60),Low Income,At-Risk (31-60d),Bronze Spender,Large Family (>1 Kid),Married,Graduation,New Member,GoldProds,69,1,Occasional Responder,Campaign 3
36736.0,1,1,52,10,0,3,0,0,4,1,1,0,2,6,0,0,0,0,0,0,3,11,0,57,2574,0,0,1,0,0,0,0,0,0,1,13,9,0,Senior (46-60),Low Income,At-Risk (31-60d),Bronze Spender,Large Family (>1 Kid),Single,PhD,Established,Wines,17,0,Never Accepted,No Acceptance
77568.0,0,1,30,1230,0,396,232,178,158,1,10,2,8,5,0,1,1,1,0,0,3,11,0,41,2832,0,0,0,1,0,0,0,1,0,0,2036,1878,3,Middle-Aged (31-45),High Income,Active (0-30d),Gold Spender,Small Family (1 Kid),Together,Graduation,Long-term Member,Wines,2194,3,Campaign Enthusiast,Campaign 1
49187.0,0,1,63,81,1,31,2,1,0,1,1,1,5,2,0,0,0,0,0,0,3,11,0,44,2328,0,0,0,1,0,0,0,0,0,1,116,116,0,Middle-Aged (31-45),Medium Income,Inactive (>60d),Silver Spender,Small Family (1 Kid),Together,PhD,New Member,Wines,116,0,Never Accepted,No Acceptance
30168.0,1,0,51,154,20,66,0,12,27,7,6,1,4,9,0,0,0,0,0,0,3,11,0,42,2638,0,0,1,0,0,0,0,1,0,0,252,225,0,Middle-Aged (31-45),Low Income,At-Risk (31-60d),Silver Spender,Small Family (1 Kid),Single,Graduation,Long-term Member,Wines,279,0,Never Accepted,No Acceptance
34053.0,0,1,14,63,0,21,7,0,12,1,3,0,3,8,0,0,0,0,0,0,3,11,0,52,2816,0,0,0,1,0,0,0,0,1,0,91,79,0,Senior (46-60),Low Income,Active (0-30d),Silver Spender,Small Family (1 Kid),Together,Master,Long-term Member,Wines,103,0,Never Accepted,No Acceptance
38196.0,1,1,20,30,0,11,0,0,3,3,2,0,4,5,0,0,0,0,0,0,3,11,0,49,2231,0,1,0,0,0,0,0,0,1,0,41,38,0,Senior (46-60),Low Income,Active (0-30d),Bronze Spender,Large Family (>1 Kid),Married,Master,New Member,Wines,44,0,Never Accepted,No Acceptance
59412.0,0,0,56,90,67,165,30,43,11,1,4,2,8,3,0,0,0,0,0,0,3,11,0,69,2230,0,1,0,0,0,0,0,0,1,0,395,384,0,Elderly (>60),Medium Income,At-Risk (31-60d),Silver Spender,No Children,Married,Master,New Member,MeatProducts,406,0,Never Accepted,No Acceptance
70924.0,0,0,41,635,114,254,132,152,76,1,6,6,7,3,0,0,1,0,0,0,3,11,0,55,2242,0,1,0,0,0,1,0,0,0,0,1287,1211,1,Senior (46-60),High Income,At-Risk (31-60d),Gold Spender,No Children,Married,2n Cycle,New Member,Wines,1363,1,Occasional Responder,Campaign 5
54165.0,0,0,72,127,4,73,15,6,11,1,2,1,7,2,0,0,0,0,0,0,3,11,0,51,2556,0,0,0,1,0,0,0,1,0,0,225,214,0,Senior (46-60),Medium Income,Inactive (>60d),Silver Spender,No Children,Together,Graduation,Established,Wines,236,0,Never Accepted,No Acceptance
32300.0,1,0,1,13,3,6,6,5,6,1,1,0,3,8,0,0,0,0,0,0,3,11,0,47,2701,0,1,0,0,0,0,0,1,0,0,33,27,0,Senior (46-60),Low Income,Active (0-30d),Bronze Spender,Small Family (1 Kid),Married,Graduation,Long-term Member,Wines,39,0,Never Accepted,No Acceptance
20180.0,0,0,27,18,42,24,15,20,18,1,2,1,4,7,0,0,0,0,0,0,3,11,0,44,2653,0,0,1,0,0,0,0,1,0,0,119,101,0,Middle-Aged (31-45),Low Income,Active (0-30d),Silver Spender,No Children,Single,Graduation,Long-term Member,Fruits,137,0,Never Accepted,No Acceptance
34961.0,1,0,77,45,2,26,4,1,1,3,3,1,3,7,0,0,0,0,0,0,3,11,0,47,2169,0,1,0,0,0,0,0,1,0,0,78,77,0,Senior (46-60),Low Income,Inactive (>60d),Bronze Spender,Small Family (1 Kid),Married,Graduation,New Member,Wines,79,0,Never Accepted,No Acceptance
28440.0,1,0,87,38,1,24,0,0,0,1,2,0,3,8,0,0,0,0,0,0,3,11,0,46,2516,0,0,0,1,0,0,0,0,0,1,63,63,0,Senior (46-60),Low Income,Inactive (>60d),Bronze Spender,Small Family (1 Kid),Together,PhD,Established,Wines,63,0,Never Accepted,No Acceptance
64504.0,1,2,81,986,36,168,16,0,108,7,11,3,4,7,0,0,0,0,0,0,3,11,1,67,2641,0,0,0,1,0,0,0,0,0,1,1206,1098,0,Elderly (>60),High Income,Inactive (>60d),Gold Spender,Large Family (>1 Kid),Together,PhD,Long-term Member,Wines,1314,0,Never Accepted,No Acceptance
33564.0,0,1,51,61,0,3,0,0,7,1,1,1,3,5,0,0,0,0,0,0,3,11,0,54,2164,0,0,0,1,0,0,0,0,1,0,64,57,0,Senior (46-60),Low Income,At-Risk (31-60d),Bronze Spender,Small Family (1 Kid),Together,Master,New Member,Wines,71,0,Never Accepted,No Acceptance
17345.0,1,0,79,4,9,16,17,0,12,2,2,1,2,8,0,0,0,0,0,0,3,11,0,42,2762,0,1,0,0,0,0,0,1,0,0,46,34,0,Middle-Aged (31-45),Low Income,Inactive (>60d),Bronze Spender,Small Family (1 Kid),Married,Graduation,Long-term Member,FishProducts,58,0,Never Accepted,No Acceptance
56320.0,0,1,11,201,53,172,116,77,83,3,5,4,9,4,0,0,0,0,0,0,3,11,0,53,2606,0,1,0,0,0,0,0,0,0,1,619,536,0,Senior (46-60),Medium Income,Active (0-30d),Silver Spender,Small Family (1 Kid),Married,PhD,Established,Wines,702,0,Never Accepted,No Acceptance
28647.0,1,0,54,19,8,29,0,12,26,1,2,2,2,7,1,0,0,0,0,0,3,11,1,42,2471,0,0,1,0,0,0,0,1,0,0,68,42,1,Middle-Aged (31-45),Low Income,At-Risk (31-60d),Bronze Spender,Small Family (1 Kid),Single,Graduation,Established,MeatProducts,94,1,Occasional Responder,Campaign 3
15038.0,1,0,93,4,8,11,19,12,26,2,2,1,2,9,0,0,0,0,0,0,3,11,0,33,2675,0,0,1,0,0,0,1,0,0,0,54,28,0,Middle-Aged (31-45),Low Income,Inactive (>60d),Bronze Spender,Small Family (1 Kid),Single,Basic,Long-term Member,GoldProds,80,0,Never Accepted,No Acceptance
32173.0,0,1,0,18,0,2,0,0,2,1,1,0,3,4,0,0,0,0,0,0,3,11,0,62,2491,1,0,0,0,0,0,0,0,0,1,20,18,0,Elderly (>60),Low Income,Active (0-30d),Bronze Spender,Small Family (1 Kid),Divorced,PhD,Established,Wines,22,0,Never Accepted,No Acceptance
68316.0,0,1,54,806,80,161,120,11,33,5,10,7,10,6,0,0,0,0,0,0,3,11,0,56,2761,0,0,0,1,0,1,0,0,0,0,1178,1145,0,Senior (46-60),High Income,At-Risk (31-60d),Gold Spender,Small Family (1 Kid),Together,2n Cycle,Long-term Member,Wines,1211,0,Never Accepted,No Acceptance
74538.0,0,0,21,380,98,733,110,112,28,1,8,8,5,3,0,0,1,0,0,0,3,11,1,49,2524,0,0,0,1,0,0,0,1,0,0,1433,1405,1,Senior (46-60),High Income,Active (0-30d),Gold Spender,No Children,Together,Graduation,Established,MeatProducts,1461,1,Occasional Responder,Campaign 5
91700.0,0,0,58,576,172,961,125,115,19,1,8,6,5,3,0,0,0,0,0,0,3,11,1,49,2687,0,0,1,0,0,0,0,1,0,0,1949,1930,0,Senior (46-60),High Income,At-Risk (31-60d),Gold Spender,No Children,Single,Graduation,Long-term Member,MeatProducts,1968,0,Never Accepted,No Acceptance
68695.0,0,0,3,458,81,356,106,50,40,1,4,4,7,2,0,0,0,0,0,0,3,11,0,51,2163,0,0,0,1,0,0,0,1,0,0,1051,1011,0,Senior (46-60),High Income,Active (0-30d),Gold Spender,No Children,Together,Graduation,New Member,Wines,1091,0,Never Accepted,No Acceptance
31056.0,1,0,99,5,10,13,3,8,16,1,1,0,3,8,0,0,0,0,0,0,3,11,0,43,2682,0,1,0,0,0,1,0,0,0,0,39,23,0,Middle-Aged (31-45),Low Income,Inactive (>60d),Bronze Spender,Small Family (1 Kid),Married,2n Cycle,Long-term Member,GoldProds,55,0,Never Accepted,No Acceptance
79593.0,0,0,70,350,60,568,110,133,145,1,5,6,7,2,0,0,1,0,0,0,3,11,0,47,2207,0,1,0,0,0,0,0,1,0,0,1221,1076,1,Senior (46-60),High Income,Inactive (>60d),Gold Spender,No Children,Married,Graduation,New Member,MeatProducts,1366,1,Occasional Responder,Campaign 5
28071.0,0,0,65,39,33,130,41,26,44,2,5,1,5,8,0,0,0,0,0,0,3,11,0,40,2828,0,0,1,0,0,0,0,1,0,0,269,225,0,Middle-Aged (31-45),Low Income,Inactive (>60d),Silver Spender,No Children,Single,Graduation,Long-term Member,MeatProducts,313,0,Never Accepted,No Acceptance
37334.0,1,1,44,26,1,16,2,2,15,4,3,0,4,4,0,0,0,0,0,0,3,11,0,62,2282,0,0,0,1,0,0,0,0,0,1,47,32,0,Elderly (>60),Low Income,At-Risk (31-60d),Bronze Spender,Large Family (>1 Kid),Together,PhD,New Member,Wines,62,0,Never Accepted,No Acceptance
46423.0,1,1,6,68,0,16,0,0,8,3,2,0,4,7,0,0,0,0,0,0,3,11,0,48,2443,0,0,1,0,0,0,0,0,1,0,84,76,0,Senior (46-60),Medium Income,Active (0-30d),Bronze Spender,Large Family (>1 Kid),Single,Master,Established,Wines,92,0,Never Accepted,No Acceptance
37126.0,1,0,9,45,3,9,4,4,7,1,1,2,2,6,1,0,0,0,0,0,3,11,1,49,2250,0,1,0,0,0,0,0,0,0,1,65,58,1,Senior (46-60),Low Income,Active (0-30d),Bronze Spender,Small Family (1 Kid),Married,PhD,New Member,Wines,72,1,Occasional Responder,Campaign 3
47703.0,0,1,95,359,0,134,13,26,123,4,6,3,8,5,0,0,0,0,0,0,3,11,0,67,2555,0,1,0,0,0,0,0,1,0,0,532,409,0,Elderly (>60),Medium Income,Inactive (>60d),Silver Spender,Small Family (1 Kid),Married,Graduation,Established,Wines,655,0,Never Accepted,No Acceptance
61180.0,0,1,70,403,24,29,6,24,218,2,5,5,6,3,1,0,0,0,0,0,3,11,0,61,2226,0,1,0,0,0,0,0,1,0,0,486,268,1,Elderly (>60),Medium Income,Inactive (>60d),Silver Spender,Small Family (1 Kid),Married,Graduation,New Member,Wines,704,1,Occasional Responder,Campaign 3
38998.0,1,1,92,34,1,14,0,0,5,3,2,0,3,8,0,0,0,0,0,1,3,11,0,66,2762,0,1,0,0,0,0,0,1,0,0,49,44,0,Elderly (>60),Low Income,Inactive (>60d),Bronze Spender,Large Family (>1 Kid),Married,Graduation,Long-term Member,Wines,54,0,Never Accepted,No Acceptance
8028.0,0,0,62,73,18,66,7,12,2,15,0,1,0,19,0,0,0,0,0,0,3,11,0,29,2808,0,0,1,0,0,0,0,1,0,0,176,174,0,Young Adult (<30),Low Income,Inactive (>60d),Silver Spender,No Children,Single,Graduation,Long-term Member,Wines,178,0,Never Accepted,No Acceptance
76081.0,0,0,85,292,30,415,63,33,200,1,4,5,4,2,0,0,0,1,0,0,3,11,0,58,2196,0,0,0,1,0,0,0,1,0,0,833,633,1,Senior (46-60),High Income,Inactive (>60d),Gold Spender,No Children,Together,Graduation,New Member,MeatProducts,1033,1,Occasional Responder,Campaign 1
34728.0,1,0,2,14,0,16,0,0,6,1,1,1,2,6,0,0,0,0,0,0,3,11,1,34,2493,0,0,0,1,0,0,0,1,0,0,30,24,0,Middle-Aged (31-45),Low Income,Active (0-30d),Bronze Spender,Small Family (1 Kid),Together,Graduation,Established,MeatProducts,36,0,Never Accepted,No Acceptance
33168.0,0,1,0,80,1,37,0,1,3,3,2,1,4,7,0,0,0,0,0,0,3,11,0,55,2783,0,0,1,0,0,0,0,0,1,0,119,116,0,Senior (46-60),Low Income,Active (0-30d),Silver Spender,Small Family (1 Kid),Single,Master,Long-term Member,Wines,122,0,Never Accepted,No Acceptance
33585.0,0,1,91,30,11,33,13,6,29,1,2,0,4,4,0,0,0,0,0,0,3,11,0,54,2436,0,1,0,0,0,0,0,0,1,0,93,64,0,Senior (46-60),Low Income,Inactive (>60d),Silver Spender,Small Family (1 Kid),Married,Master,Established,MeatProducts,122,0,Never Accepted,No Acceptance
77037.0,0,1,3,463,96,333,168,53,10,1,7,7,12,3,0,0,0,0,0,0,3,11,0,60,2418,0,1,0,0,0,0,0,0,0,1,1113,1103,0,Senior (46-60),High Income,Active (0-30d),Gold Spender,Small Family (1 Kid),Married,PhD,Established,Wines,1123,0,Never Accepted,No Acceptance
35196.0,1,0,68,75,12,141,43,39,187,6,6,1,5,8,0,0,0,0,0,0,3,11,1,36,2752,0,0,0,1,0,0,0,1,0,0,310,123,0,Middle-Aged (31-45),Low Income,Inactive (>60d),Silver Spender,Small Family (1 Kid),Together,Graduation,Long-term Member,GoldProds,497,0,Never Accepted,No Acceptance
44529.0,0,1,98,538,13,91,17,6,26,6,6,2,11,5,0,1,0,0,0,0,3,11,0,54,2518,0,1,0,0,0,0,0,1,0,0,665,639,1,Senior (46-60),Medium Income,Inactive (>60d),Silver Spender,Small Family (1 Kid),Married,Graduation,Established,Wines,691,1,Occasional Responder,Campaign 4
70924.0,0,0,41,635,114,254,132,152,76,1,6,6,7,3,0,0,1,0,0,0,3,11,0,55,2242,0,1,0,0,0,1,0,0,0,0,1287,1211,1,Senior (46-60),High Income,At-Risk (31-60d),Gold Spender,No Children,Married,2n Cycle,New Member,Wines,1363,1,Occasional Responder,Campaign 5
28764.0,1,1,16,8,0,3,0,0,1,1,1,0,2,8,1,0,0,0,0,0,3,11,0,54,2183,0,0,0,1,0,0,0,0,0,1,11,10,1,Senior (46-60),Low Income,Active (0-30d),Bronze Spender,Large Family (>1 Kid),Together,PhD,New Member,Wines,12,1,Occasional Responder,Campaign 3
69098.0,0,0,82,1315,22,780,145,0,178,1,7,8,9,5,0,0,0,0,0,0,3,11,0,71,2657,0,1,0,0,0,0,0,0,0,1,2262,2084,0,Elderly (>60),High Income,Inactive (>60d),Gold Spender,No Children,Married,PhD,Long-term Member,Wines,2440,0,Never Accepted,No Acceptance
25959.0,1,1,1,4,2,12,7,5,26,2,1,2,2,6,0,0,0,0,0,0,3,11,1,50,2659,1,0,0,0,0,1,0,0,0,0,30,4,0,Senior (46-60),Low Income,Active (0-30d),Bronze Spender,Large Family (>1 Kid),Divorced,2n Cycle,Long-term Member,GoldProds,56,0,Never Accepted,No Acceptance
27100.0,1,0,64,12,0,13,2,0,10,1,1,0,3,7,0,0,0,0,0,0,3,11,0,37,2609,0,1,0,0,0,0,0,0,1,0,27,17,0,Middle-Aged (31-45),Low Income,Inactive (>60d),Bronze Spender,Small Family (1 Kid),Married,Master,Established,MeatProducts,37,0,Never Accepted,No Acceptance
70596.0,0,0,68,347,44,534,17,0,26,1,3,5,12,2,0,0,0,0,0,0,3,11,0,35,2791,0,0,1,0,0,0,0,1,0,0,942,916,0,Middle-Aged (31-45),High Income,Inactive (>60d),Gold Spender,No Children,Single,Graduation,Long-term Member,MeatProducts,968,0,Never Accepted,No Acceptance
42557.0,0,1,98,192,5,53,0,5,15,4,6,1,4,8,0,0,0,0,0,0,3,11,0,46,2828,0,1,0,0,0,0,0,1,0,0,255,240,0,Senior (46-60),Medium Income,Inactive (>60d),Silver Spender,Small Family (1 Kid),Married,Graduation,Long-term Member,Wines,270,0,Never Accepted,No Acceptance
53312.0,0,0,32,241,0,12,0,0,25,1,5,1,5,7,0,0,0,0,0,0,3,11,0,69,2483,0,1,0,0,0,0,0,0,0,1,253,228,0,Elderly (>60),Medium Income,At-Risk (31-60d),Silver Spender,No Children,Married,PhD,Established,Wines,278,0,Never Accepted,No Acceptance
72228.0,0,0,87,631,28,491,30,14,56,1,6,7,8,3,0,0,0,0,0,0,3,11,0,68,2738,0,0,1,0,0,0,0,1,0,0,1194,1138,0,Elderly (>60),High Income,Inactive (>60d),Gold Spender,No Children,Single,Graduation,Long-term Member,Wines,1250,0,Never Accepted,No Acceptance
67605.0,0,0,84,336,28,282,184,54,54,1,2,8,6,1,0,0,0,0,0,0,3,11,0,33,2614,0,0,0,1,0,0,0,1,0,0,884,830,0,Middle-Aged (31-45),High Income,Inactive (>60d),Gold Spender,No Children,Together,Graduation,Established,Wines,938,0,Never Accepted,No Acceptance
62845.0,1,1,3,1099,0,45,0,0,34,11,3,4,10,8,0,1,0,0,0,0,3,11,0,71,2795,0,1,0,0,0,0,0,0,1,0,1144,1110,1,Elderly (>60),High Income,Active (0-30d),Gold Spender,Large Family (>1 Kid),Married,Master,Long-term Member,Wines,1178,1,Occasional Responder,Campaign 4
65196.0,0,2,34,743,19,181,12,0,200,2,7,6,11,5,1,0,0,0,0,0,3,11,0,62,2498,0,0,0,1,0,0,0,1,0,0,955,755,1,Elderly (>60),High Income,At-Risk (31-60d),Gold Spender,Large Family (>1 Kid),Together,Graduation,Established,Wines,1155,1,Occasional Responder,Campaign 3
42000.0,0,0,23,124,83,267,85,59,35,2,5,2,11,5,0,0,0,0,0,0,3,11,1,33,2694,0,0,1,0,0,0,0,0,0,1,618,583,0,Middle-Aged (31-45),Medium Income,Active (0-30d),Silver Spender,No Children,Single,PhD,Long-term Member,MeatProducts,653,0,Never Accepted,No Acceptance
35860.0,1,1,37,15,0,8,4,2,20,2,1,1,2,5,1,0,0,0,0,0,3,11,0,47,2200,1,0,0,0,0,0,0,0,0,1,29,9,1,Senior (46-60),Low Income,At-Risk (31-60d),Bronze Spender,Large Family (>1 Kid),Divorced,PhD,New Member,GoldProds,49,1,Occasional Responder,Campaign 3
65526.0,0,1,22,397,19,69,12,0,9,1,4,4,8,2,0,0,0,0,0,0,3,11,0,56,2238,0,1,0,0,0,0,0,0,0,1,497,488,0,Senior (46-60),High Income,Active (0-30d),Silver Spender,Small Family (1 Kid),Married,PhD,New Member,Wines,506,0,Never Accepted,No Acceptance
16860.0,1,1,19,10,4,4,3,3,14,3,1,1,3,7,0,0,0,0,0,0,3,11,0,59,2814,0,1,0,0,0,0,0,1,0,0,24,10,0,Senior (46-60),Low Income,Active (0-30d),Bronze Spender,Large Family (>1 Kid),Married,Graduation,Long-term Member,GoldProds,38,0,Never Accepted,No Acceptance
83528.0,0,0,7,530,117,678,134,44,147,1,4,10,8,1,1,0,0,1,0,0,3,11,1,28,2218,0,0,1,0,0,0,0,1,0,0,1503,1356,2,Young Adult (<30),High Income,Active (0-30d),Gold Spender,No Children,Single,Graduation,New Member,MeatProducts,1650,2,Occasional Responder,Campaign 1
64176.0,0,1,52,1215,33,249,64,116,149,8,8,9,8,6,0,0,0,0,0,0,3,11,0,55,2854,1,0,0,0,0,1,0,0,0,0,1677,1528,0,Senior (46-60),High Income,At-Risk (31-60d),Gold Spender,Small Family (1 Kid),Divorced,2n Cycle,Long-term Member,Wines,1826,0,Never Accepted,No Acceptance
22304.0,0,0,91,3,2,7,0,4,2,1,1,0,2,8,0,0,0,0,0,0,3,11,0,64,2853,1,0,0,0,0,0,0,1,0,0,16,14,0,Elderly (>60),Low Income,Inactive (>60d),Bronze Spender,No Children,Divorced,Graduation,Long-term Member,MeatProducts,18,0,Never Accepted,No Acceptance
67023.0,0,0,93,444,44,382,11,8,17,1,3,7,13,2,0,0,0,0,0,1,3,11,0,42,2276,0,1,0,0,0,0,0,1,0,0,889,872,0,Middle-Aged (31-45),High Income,Inactive (>60d),Gold Spender,No Children,Married,Graduation,New Member,Wines,906,0,Never Accepted,No Acceptance
32892.0,1,0,78,26,0,15,2,1,2,2,3,0,3,8,0,0,0,0,0,0,3,11,0,49,2194,0,0,0,1,0,0,0,0,0,1,44,42,0,Senior (46-60),Low Income,Inactive (>60d),Bronze Spender,Small Family (1 Kid),Together,PhD,New Member,Wines,46,0,Never Accepted,No Acceptance
70713.0,0,1,23,736,114,279,82,76,190,6,5,6,8,3,0,0,0,0,0,0,3,11,0,54,2732,0,0,0,1,0,0,0,1,0,0,1287,1097,0,Senior (46-60),High Income,Active (0-30d),Gold Spender,Small Family (1 Kid),Together,Graduation,Long-term Member,Wines,1477,0,Never Accepted,No Acceptance
59925.0,0,1,83,473,21,176,19,21,56,3,9,2,9,6,0,0,0,0,0,0,3,11,0,65,2735,0,0,0,1,0,0,0,1,0,0,710,654,0,Elderly (>60),Medium Income,Inactive (>60d),Silver Spender,Small Family (1 Kid),Together,Graduation,Long-term Member,Wines,766,0,Never Accepted,No Acceptance
39722.0,0,1,92,32,0,5,2,0,8,2,2,0,3,5,0,0,0,0,0,0,3,11,0,67,2284,0,1,0,0,0,0,0,1,0,0,39,31,0,Elderly (>60),Low Income,Inactive (>60d),Bronze Spender,Small Family (1 Kid),Married,Graduation,New Member,Wines,47,0,Never Accepted,No Acceptance
46610.0,0,0,4,288,10,30,4,10,125,1,6,1,6,6,0,0,0,0,0,0,3,11,0,62,2505,0,0,0,1,0,0,0,1,0,0,342,217,0,Elderly (>60),Medium Income,Active (0-30d),Silver Spender,No Children,Together,Graduation,Established,Wines,467,0,Never Accepted,No Acceptance
88347.0,0,0,32,1050,178,555,77,138,118,1,4,7,9,1,0,0,0,1,0,0,3,11,0,59,2520,0,0,0,1,0,0,0,1,0,0,1998,1880,1,Senior (46-60),High Income,At-Risk (31-60d),Gold Spender,No Children,Together,Graduation,Established,Wines,2116,1,Occasional Responder,Campaign 1
87171.0,0,0,27,1001,44,107,58,44,44,1,6,7,11,2,1,0,1,0,0,0,3,11,0,39,2583,0,1,0,0,0,0,0,0,0,1,1254,1210,2,Middle-Aged (31-45),High Income,Active (0-30d),Gold Spender,No Children,Married,PhD,Established,Wines,1298,2,Occasional Responder,Campaign 3
26907.0,1,1,10,9,1,7,0,3,2,2,1,0,3,7,0,0,0,0,0,0,3,11,0,44,2472,0,0,0,1,0,1,0,0,0,0,20,18,0,Middle-Aged (31-45),Low Income,Active (0-30d),Bronze Spender,Large Family (>1 Kid),Together,2n Cycle,Established,Wines,22,0,Never Accepted,No Acceptance
50014.0,1,0,9,234,14,77,19,10,42,2,4,1,8,5,0,0,0,0,0,0,3,11,0,52,2317,0,0,1,0,0,0,0,0,1,0,354,312,0,Senior (46-60),Medium Income,Active (0-30d),Silver Spender,Small Family (1 Kid),Single,Master,New Member,Wines,396,0,Never Accepted,No Acceptance
41014.0,1,0,65,7,2,6,2,0,3,1,1,0,2,7,0,0,0,0,0,0,3,11,0,42,2592,0,1,0,0,0,0,0,0,0,1,17,14,0,Middle-Aged (31-45),Medium Income,Inactive (>60d),Bronze Spender,Small Family (1 Kid),Married,PhD,Established,Wines,20,0,Never Accepted,No Acceptance
66294.0,0,0,68,251,108,334,65,92,117,1,4,3,5,2,0,0,0,0,0,0,3,11,0,55,2263,0,0,1,0,0,0,0,1,0,0,850,733,0,Senior (46-60),High Income,Inactive (>60d),Gold Spender,No Children,Single,Graduation,New Member,MeatProducts,967,0,Never Accepted,No Acceptance
36715.0,1,0,16,172,10,125,21,13,16,6,7,2,4,9,0,0,0,0,0,0,3,11,1,49,2748,0,1,0,0,0,0,0,1,0,0,341,325,0,Senior (46-60),Low Income,Active (0-30d),Silver Spender,Small Family (1 Kid),Married,Graduation,Long-term Member,Wines,357,0,Never Accepted,No Acceptance
79456.0,0,0,12,565,42,548,64,83,99,1,5,6,4,3,0,0,0,0,0,0,3,11,1,64,2835,0,1,0,0,0,0,0,1,0,0,1302,1203,0,Elderly (>60),High Income,Active (0-30d),Gold Spender,No Children,Married,Graduation,Long-term Member,Wines,1401,0,Never Accepted,No Acceptance
40479.0,1,0,95,5,0,8,2,0,0,1,0,0,3,4,0,0,0,0,0,0,3,11,0,38,2475,0,0,0,1,0,0,0,1,0,0,15,15,0,Middle-Aged (31-45),Medium Income,Inactive (>60d),Bronze Spender,Small Family (1 Kid),Together,Graduation,Established,MeatProducts,15,0,Never Accepted,No Acceptance
75345.0,0,0,16,918,57,842,99,38,133,1,5,8,6,3,0,0,0,1,0,0,3,11,1,50,2671,0,0,1,0,0,0,0,0,1,0,1954,1821,1,Senior (46-60),High Income,Active (0-30d),Gold Spender,No Children,Single,Master,Long-term Member,Wines,2087,1,Occasional Responder,Campaign 1
54233.0,0,1,46,652,8,158,21,0,142,4,11,6,5,8,0,0,0,0,0,0,3,11,0,43,2669,0,1,0,0,0,0,0,1,0,0,839,697,0,Middle-Aged (31-45),Medium Income,At-Risk (31-60d),Gold Spender,Small Family (1 Kid),Married,Graduation,Long-term Member,Wines,981,0,Never Accepted,No Acceptance
24163.0,1,1,3,4,1,7,2,1,2,2,1,0,3,4,0,0,0,0,0,0,3,11,0,50,2419,0,0,1,0,0,0,0,1,0,0,15,13,0,Senior (46-60),Low Income,Active (0-30d),Bronze Spender,Large Family (>1 Kid),Single,Graduation,Established,MeatProducts,17,0,Never Accepted,No Acceptance
84460.0,0,0,80,152,27,103,106,54,81,0,9,9,4,5,0,1,1,1,1,0,3,11,1,62,2700,0,0,0,1,0,0,0,0,0,1,442,361,4,Elderly (>60),High Income,Inactive (>60d),Silver Spender,No Children,Together,PhD,Long-term Member,Wines,523,4,Campaign Enthusiast,Campaign 1
43776.0,1,0,77,8,0,9,2,1,3,1,1,0,2,6,0,0,0,0,0,0,3,11,0,37,2216,0,0,0,1,0,0,0,1,0,0,20,17,0,Middle-Aged (31-45),Medium Income,Inactive (>60d),Bronze Spender,Small Family (1 Kid),Together,Graduation,New Member,MeatProducts,23,0,Never Accepted,No Acceptance
71691.0,0,0,0,336,130,411,240,32,43,1,4,7,5,2,0,0,0,0,0,0,3,11,1,62,2263,0,0,1,0,0,0,0,0,0,1,1149,1106,0,Elderly (>60),High Income,Active (0-30d),Gold Spender,No Children,Single,PhD,New Member,MeatProducts,1192,0,Never Accepted,No Acceptance
85844.0,0,0,62,938,19,843,25,95,38,1,6,6,7,2,0,0,1,0,0,0,3,11,0,47,2190,0,1,0,0,0,0,0,0,0,1,1920,1882,1,Senior (46-60),High Income,Inactive (>60d),Gold Spender,No Children,Married,PhD,New Member,Wines,1958,1,Occasional Responder,Campaign 5
39190.0,1,0,91,68,8,18,19,8,12,2,2,1,4,5,0,0,0,0,0,0,3,11,0,46,2223,0,0,1,0,0,0,0,0,0,1,121,109,0,Senior (46-60),Low Income,Inactive (>60d),Silver Spender,Small Family (1 Kid),Single,PhD,New Member,Wines,133,0,Never Accepted,No Acceptance
71367.0,0,0,24,227,23,389,42,21,75,1,4,5,7,2,0,0,0,0,0,0,3,11,0,61,2469,0,0,0,1,0,0,0,1,0,0,702,627,0,Elderly (>60),High Income,Active (0-30d),Silver Spender,No Children,Together,Graduation,Established,MeatProducts,777,0,Never Accepted,No Acceptance
38578.0,1,1,2,38,4,22,3,3,3,3,3,0,3,8,0,0,0,0,0,0,3,11,0,48,2531,0,0,1,0,0,0,0,0,0,1,70,67,0,Senior (46-60),Low Income,Active (0-30d),Bronze Spender,Large Family (>1 Kid),Single,PhD,Established,Wines,73,0,Never Accepted,No Acceptance
57236.0,1,1,22,105,0,9,2,1,4,3,2,1,4,3,0,0,0,0,0,0,3,11,0,55,2268,0,1,0,0,0,0,0,0,0,1,117,113,0,Senior (46-60),Medium Income,Active (0-30d),Silver Spender,Large Family (>1 Kid),Married,PhD,New Member,Wines,121,0,Never Accepted,No Acceptance
61825.0,0,1,56,162,50,100,55,30,27,1,4,2,8,4,0,0,0,0,0,0,3,11,0,41,2485,0,0,1,0,0,0,0,1,0,0,397,370,0,Middle-Aged (31-45),Medium Income,At-Risk (31-60d),Silver Spender,Small Family (1 Kid),Single,Graduation,Established,Wines,424,0,Never Accepted,No Acceptance
79803.0,0,1,54,574,8,216,21,16,33,1,4,3,5,1,0,0,0,0,0,0,3,11,0,62,2186,1,0,0,0,0,0,0,1,0,0,835,802,0,Elderly (>60),High Income,At-Risk (31-60d),Gold Spender,Small Family (1 Kid),Divorced,Graduation,New Member,Wines,868,0,Never Accepted,No Acceptance
80910.0,0,0,71,160,80,369,67,39,41,1,3,3,8,1,0,0,0,0,0,0,3,11,0,34,2765,0,0,1,0,0,1,0,0,0,0,715,674,0,Middle-Aged (31-45),High Income,Inactive (>60d),Silver Spender,No Children,Single,2n Cycle,Long-term Member,MeatProducts,756,0,Never Accepted,No Acceptance
27590.0,1,0,38,6,0,5,0,0,1,1,1,0,2,7,0,0,0,0,0,0,3,11,0,38,2591,0,0,0,1,0,0,0,0,1,0,11,10,0,Middle-Aged (31-45),Low Income,At-Risk (31-60d),Bronze Spender,Small Family (1 Kid),Together,Master,Established,Wines,12,0,Never Accepted,No Acceptance
56775.0,0,1,62,614,35,160,58,35,35,2,5,8,10,5,0,0,0,0,0,0,3,11,0,41,2702,0,1,0,0,0,0,0,1,0,0,902,867,0,Middle-Aged (31-45),Medium Income,Inactive (>60d),Gold Spender,Small Family (1 Kid),Married,Graduation,Long-term Member,Wines,937,0,Never Accepted,No Acceptance
83829.0,0,0,78,897,161,430,186,161,27,0,4,7,6,1,1,0,1,1,0,0,3,11,1,45,2423,1,0,0,0,0,0,0,1,0,0,1835,1808,3,Middle-Aged (31-45),High Income,Inactive (>60d),Gold Spender,No Children,Divorced,Graduation,Established,Wines,1862,3,Campaign Enthusiast,Campaign 1
54210.0,0,1,18,70,54,109,80,9,45,2,4,1,7,5,0,0,0,0,0,0,3,11,0,41,2564,0,1,0,0,0,1,0,0,0,0,322,277,0,Middle-Aged (31-45),Medium Income,Active (0-30d),Silver Spender,Small Family (1 Kid),Married,2n Cycle,Established,MeatProducts,367,0,Never Accepted,No Acceptance
38508.0,1,0,95,120,19,206,25,19,54,6,7,2,5,8,0,0,0,0,0,0,3,11,0,34,2490,0,1,0,0,0,0,0,1,0,0,389,335,0,Middle-Aged (31-45),Low Income,Inactive (>60d),Silver Spender,Small Family (1 Kid),Married,Graduation,Established,MeatProducts,443,0,Never Accepted,No Acceptance
53187.0,1,0,66,211,2,30,7,7,10,2,4,1,6,5,0,0,0,0,0,0,3,11,0,50,2405,0,0,0,1,0,0,0,1,0,0,257,247,0,Senior (46-60),Medium Income,Inactive (>60d),Silver Spender,Small Family (1 Kid),Together,Graduation,Established,Wines,267,0,Never Accepted,No Acceptance
30023.0,1,0,28,11,0,16,7,6,21,1,2,0,3,8,0,0,0,0,0,0,3,11,0,48,2256,0,1,0,0,0,0,0,1,0,0,40,19,0,Senior (46-60),Low Income,Active (0-30d),Bronze Spender,Small Family (1 Kid),Married,Graduation,New Member,GoldProds,61,0,Never Accepted,No Acceptance
76045.0,0,0,78,760,53,400,17,93,0,1,4,5,11,2,0,0,0,1,0,0,3,11,0,60,2385,0,0,1,0,0,0,0,0,0,1,1323,1323,1,Senior (46-60),High Income,Inactive (>60d),Gold Spender,No Children,Single,PhD,New Member,Wines,1323,1,Occasional Responder,Campaign 1
50870.0,0,1,13,53,0,8,0,0,2,1,2,0,3,5,0,0,0,0,0,0,3,11,0,68,2169,0,1,0,0,0,0,0,0,0,1,61,59,0,Elderly (>60),Medium Income,Active (0-30d),Bronze Spender,Small Family (1 Kid),Married,PhD,New Member,Wines,63,0,Never Accepted,No Acceptance
15315.0,0,0,27,7,4,13,15,8,17,2,2,0,4,5,0,0,0,0,0,0,3,11,0,50,2489,0,1,0,0,0,1,0,0,0,0,47,30,0,Senior (46-60),Low Income,Active (0-30d),Bronze Spender,No Children,Married,2n Cycle,Established,GoldProds,64,0,Never Accepted,No Acceptance
65463.0,1,0,17,391,32,70,21,32,16,2,6,2,9,5,0,1,0,0,0,0,3,11,0,46,2309,0,1,0,0,0,1,0,0,0,0,546,530,1,Senior (46-60),High Income,Active (0-30d),Silver Spender,Small Family (1 Kid),Married,2n Cycle,New Member,Wines,562,1,Occasional Responder,Campaign 4
66480.0,1,1,71,199,9,57,20,21,6,7,4,1,7,4,0,0,0,0,0,0,3,11,0,55,2188,0,1,0,0,0,0,0,1,0,0,306,300,0,Senior (46-60),High Income,Inactive (>60d),Silver Spender,Large Family (>1 Kid),Married,Graduation,New Member,Wines,312,0,Never Accepted,No Acceptance
76773.0,0,0,79,516,56,449,86,33,16,1,2,2,11,1,0,0,0,0,0,0,3,11,0,66,2648,1,0,0,0,0,0,0,1,0,0,1140,1124,0,Elderly (>60),High Income,Inactive (>60d),Gold Spender,No Children,Divorced,Graduation,Long-term Member,Wines,1156,0,Never Accepted,No Acceptance
81698.0,0,0,1,709,45,115,30,160,45,1,8,2,5,5,0,0,0,1,0,0,3,11,1,37,2644,0,0,1,0,0,1,0,0,0,0,1059,1014,1,Middle-Aged (31-45),High Income,Active (0-30d),Gold Spender,No Children,Single,2n Cycle,Long-term Member,Wines,1104,1,Occasional Responder,Campaign 1
54466.0,1,1,78,12,0,4,0,0,0,1,1,0,2,5,0,0,0,0,0,0,3,11,0,47,2299,0,0,1,0,0,0,0,0,0,1,16,16,0,Senior (46-60),Medium Income,Inactive (>60d),Bronze Spender,Large Family (>1 Kid),Single,PhD,New Member,Wines,16,0,Never Accepted,No Acceptance
16269.0,1,0,75,19,3,18,3,1,0,3,3,0,3,8,0,0,0,0,0,0,3,11,0,36,2462,0,0,1,0,0,0,0,0,0,1,44,44,0,Middle-Aged (31-45),Low Income,Inactive (>60d),Bronze Spender,Small Family (1 Kid),Single,PhD,Established,Wines,44,0,Never Accepted,No Acceptance
71819.0,0,1,70,1224,28,140,0,14,168,3,3,3,5,6,0,1,1,0,0,0,3,11,0,49,2464,0,0,0,1,0,0,0,1,0,0,1406,1238,2,Senior (46-60),High Income,Inactive (>60d),Gold Spender,Small Family (1 Kid),Together,Graduation,Established,Wines,1574,2,Occasional Responder,Campaign 4
33569.0,1,0,10,16,2,18,3,0,24,1,1,1,2,8,1,0,0,0,0,0,3,11,1,37,2415,0,1,0,0,0,0,0,0,0,1,39,15,1,Middle-Aged (31-45),Low Income,Active (0-30d),Bronze Spender,Small Family (1 Kid),Married,PhD,Established,GoldProds,63,1,Occasional Responder,Campaign 3
36262.0,0,0,24,88,39,54,64,28,153,1,3,5,3,6,1,0,0,0,0,0,3,11,1,37,2441,0,1,0,0,0,0,0,0,1,0,273,120,1,Middle-Aged (31-45),Low Income,Active (0-30d),Silver Spender,No Children,Married,Master,Established,GoldProds,426,1,Occasional Responder,Campaign 3
22634.0,0,0,47,2,23,11,8,6,46,1,2,1,2,8,0,0,0,0,0,0,3,11,0,54,2688,0,0,0,1,0,0,1,0,0,0,50,4,0,Senior (46-60),Low Income,At-Risk (31-60d),Bronze Spender,No Children,Together,Basic,Long-term Member,GoldProds,96,0,Never Accepted,No Acceptance
47025.0,0,1,98,508,11,59,23,5,29,5,11,1,6,9,0,0,0,0,0,0,3,11,0,42,2449,0,1,0,0,0,1,0,0,0,0,606,577,0,Middle-Aged (31-45),Medium Income,Inactive (>60d),Silver Spender,Small Family (1 Kid),Married,2n Cycle,Established,Wines,635,0,Never Accepted,No Acceptance
70566.0,0,1,4,381,28,215,84,28,21,2,6,5,9,3,0,0,0,0,0,0,3,11,0,52,2425,0,0,1,0,0,0,0,1,0,0,736,715,0,Senior (46-60),High Income,Active (0-30d),Silver Spender,Small Family (1 Kid),Single,Graduation,Established,Wines,757,0,Never Accepted,No Acceptance
31605.0,1,0,15,74,0,42,2,1,6,2,2,1,4,7,0,0,0,0,0,0,3,11,0,41,2743,0,1,0,0,0,0,0,0,0,1,119,113,0,Middle-Aged (31-45),Low Income,Active (0-30d),Silver Spender,Small Family (1 Kid),Married,PhD,Long-term Member,Wines,125,0,Never Accepted,No Acceptance
52034.0,1,1,67,146,0,93,7,13,73,5,4,2,5,7,0,0,0,0,0,0,3,11,0,47,2567,1,0,0,0,0,0,0,0,1,0,259,186,0,Senior (46-60),Medium Income,Inactive (>60d),Silver Spender,Large Family (>1 Kid),Divorced,Master,Established,Wines,332,0,Never Accepted,No Acceptance
48526.0,1,0,32,23,17,23,43,20,9,1,2,1,4,3,0,0,0,0,0,0,3,11,0,41,2346,0,0,1,0,0,0,0,1,0,0,126,117,0,Middle-Aged (31-45),Medium Income,At-Risk (31-60d),Silver Spender,Small Family (1 Kid),Single,Graduation,New Member,FishProducts,135,0,Never Accepted,No Acceptance
46734.0,0,1,40,110,5,137,26,23,29,2,6,1,5,7,0,0,0,0,0,0,3,11,0,66,2747,0,1,0,0,0,0,0,1,0,0,301,272,0,Elderly (>60),Medium Income,At-Risk (31-60d),Silver Spender,Small Family (1 Kid),Married,Graduation,Long-term Member,MeatProducts,330,0,Never Accepted,No Acceptance
39552.0,1,1,54,165,3,147,4,24,41,7,6,2,5,8,0,0,0,0,0,0,3,11,1,58,2717,1,0,0,0,0,0,0,1,0,0,343,302,0,Senior (46-60),Low Income,At-Risk (31-60d),Silver Spender,Large Family (>1 Kid),Divorced,Graduation,Long-term Member,Wines,384,0,Never Accepted,No Acceptance
86358.0,1,1,78,957,47,494,82,47,95,4,5,3,6,8,0,0,0,0,0,0,3,11,0,54,2849,0,0,1,0,0,0,0,1,0,0,1627,1532,0,Senior (46-60),High Income,Inactive (>60d),Gold Spender,Large Family (>1 Kid),Single,Graduation,Long-term Member,Wines,1722,0,Never Accepted,No Acceptance
46931.0,2,1,94,41,0,17,3,1,16,2,1,1,3,3,0,0,0,0,0,0,3,11,0,43,2225,0,0,0,1,0,0,0,1,0,0,62,46,0,Middle-Aged (31-45),Medium Income,Inactive (>60d),Bronze Spender,Large Family (>1 Kid),Together,Graduation,New Member,Wines,78,0,Never Accepted,No Acceptance
16581.0,0,0,51,1,3,4,2,3,11,1,0,0,3,4,0,0,0,0,0,0,3,11,0,35,2692,0,0,1,0,0,0,1,0,0,0,13,2,0,Middle-Aged (31-45),Low Income,At-Risk (31-60d),Bronze Spender,No Children,Single,Basic,Long-term Member,GoldProds,24,0,Never Accepted,No Acceptance
63998.0,0,0,42,176,29,818,0,33,112,1,7,6,11,4,0,0,0,0,0,0,3,11,1,68,2350,1,0,0,0,0,1,0,0,0,0,1056,944,0,Elderly (>60),High Income,At-Risk (31-60d),Gold Spender,No Children,Divorced,2n Cycle,New Member,MeatProducts,1168,0,Never Accepted,No Acceptance
67381.0,0,1,67,815,8,53,11,0,70,4,2,2,9,7,0,1,0,0,0,0,3,11,0,69,2689,0,1,0,0,0,0,0,0,1,0,887,817,1,Elderly (>60),High Income,Inactive (>60d),Gold Spender,Small Family (1 Kid),Married,Master,Long-term Member,Wines,957,1,Occasional Responder,Campaign 4
25930.0,1,1,87,6,1,2,2,0,4,1,1,0,2,7,0,0,0,0,0,0,3,11,0,53,2421,0,0,1,0,0,0,0,1,0,0,11,7,0,Senior (46-60),Low Income,Inactive (>60d),Bronze Spender,Large Family (>1 Kid),Single,Graduation,Established,Wines,15,0,Never Accepted,No Acceptance
42693.0,1,0,29,8,4,20,6,3,16,1,1,0,3,5,0,0,0,0,0,0,3,11,0,42,2181,0,1,0,0,0,0,0,1,0,0,41,25,0,Middle-Aged (31-45),Medium Income,Active (0-30d),Bronze Spender,Small Family (1 Kid),Married,Graduation,New Member,MeatProducts,57,0,Never Accepted,No Acceptance
85606.0,0,1,89,717,42,864,219,30,84,2,6,7,9,3,0,0,0,1,0,0,3,11,0,44,2753,0,0,0,1,0,0,0,1,0,0,1872,1788,1,Middle-Aged (31-45),High Income,Inactive (>60d),Gold Spender,Small Family (1 Kid),Together,Graduation,Long-term Member,MeatProducts,1956,1,Occasional Responder,Campaign 1
72903.0,0,0,74,1067,138,750,0,19,39,1,7,5,8,4,0,1,1,1,0,0,3,11,1,35,2402,0,0,1,0,0,0,0,1,0,0,1974,1935,3,Middle-Aged (31-45),High Income,Inactive (>60d),Gold Spender,No Children,Single,Graduation,New Member,Wines,2013,3,Campaign Enthusiast,Campaign 1
49669.0,1,0,97,166,5,107,11,8,29,2,5,1,6,6,0,0,0,0,0,0,3,11,0,46,2195,0,0,0,1,0,1,0,0,0,0,297,268,0,Senior (46-60),Medium Income,Inactive (>60d),Silver Spender,Small Family (1 Kid),Together,2n Cycle,New Member,Wines,326,0,Never Accepted,No Acceptance
36778.0,1,1,63,29,4,34,2,4,4,3,3,0,3,9,0,0,0,0,0,0,3,11,0,52,2852,0,1,0,0,0,0,0,0,0,1,73,69,0,Senior (46-60),Low Income,Inactive (>60d),Bronze Spender,Large Family (>1 Kid),Married,PhD,Long-term Member,MeatProducts,77,0,Never Accepted,No Acceptance
85696.0,0,0,88,714,76,395,116,0,12,1,4,6,9,1,0,0,0,0,0,0,3,11,1,58,2581,1,0,0,0,0,0,0,0,0,1,1301,1289,0,Senior (46-60),High Income,Inactive (>60d),Gold Spender,No Children,Divorced,PhD,Established,Wines,1313,0,Never Accepted,No Acceptance
10979.0,0,0,34,8,4,10,2,2,4,2,3,0,3,5,0,0,0,0,0,0,3,11,0,31,2197,1,0,0,0,0,0,0,0,1,0,26,22,0,Middle-Aged (31-45),Low Income,At-Risk (31-60d),Bronze Spender,No Children,Divorced,Master,New Member,MeatProducts,30,0,Never Accepted,No Acceptance
49678.0,0,1,81,229,5,56,3,2,20,2,6,2,4,7,0,0,0,0,0,0,3,11,0,59,2671,0,1,0,0,0,0,0,1,0,0,295,275,0,Senior (46-60),Medium Income,Inactive (>60d),Silver Spender,Small Family (1 Kid),Married,Graduation,Long-term Member,Wines,315,0,Never Accepted,No Acceptance
56129.0,0,1,65,320,48,133,39,72,48,4,6,2,10,4,0,0,0,0,0,0,3,11,0,67,2533,0,0,0,1,0,0,0,0,1,0,612,564,0,Elderly (>60),Medium Income,Inactive (>60d),Silver Spender,Small Family (1 Kid),Together,Master,Established,Wines,660,0,Never Accepted,No Acceptance
37155.0,1,0,51,23,0,26,7,15,3,1,2,0,4,5,0,0,0,0,0,0,3,11,0,31,2673,0,1,0,0,0,0,0,1,0,0,71,68,0,Middle-Aged (31-45),Low Income,At-Risk (31-60d),Bronze Spender,Small Family (1 Kid),Married,Graduation,Long-term Member,MeatProducts,74,0,Never Accepted,No Acceptance
21282.0,1,0,76,1,5,8,4,8,20,2,2,1,2,6,0,0,0,0,0,0,3,11,0,42,2208,1,0,0,0,0,1,0,0,0,0,26,6,0,Middle-Aged (31-45),Low Income,Inactive (>60d),Bronze Spender,Small Family (1 Kid),Divorced,2n Cycle,New Member,GoldProds,46,0,Never Accepted,No Acceptance
33419.0,0,1,76,56,0,12,0,0,18,2,2,0,4,7,0,0,0,0,0,0,3,11,0,58,2475,0,0,1,0,0,0,0,0,0,1,68,50,0,Senior (46-60),Low Income,Inactive (>60d),Bronze Spender,Small Family (1 Kid),Single,PhD,Established,Wines,86,0,Never Accepted,No Acceptance
63285.0,0,0,84,508,124,249,50,38,134,1,6,5,13,3,0,0,0,0,0,0,3,11,0,75,2395,0,0,0,0,1,0,0,1,0,0,969,835,0,Elderly (>60),High Income,Inactive (>60d),Gold Spender,No Children,Widow,Graduation,New Member,Wines,1103,0,Never Accepted,No Acceptance
21255.0,1,0,56,29,0,25,2,2,3,4,2,1,4,4,0,0,0,0,0,0,3,11,0,46,2318,0,0,0,1,0,0,0,0,1,0,58,55,0,Senior (46-60),Low Income,At-Risk (31-60d),Bronze Spender,Small Family (1 Kid),Together,Master,New Member,Wines,61,0,Never Accepted,No Acceptance
42162.0,1,0,31,46,7,59,2,4,27,2,3,1,3,6,1,0,0,0,0,0,3,11,1,39,2381,0,0,0,1,0,0,0,1,0,0,118,91,1,Middle-Aged (31-45),Medium Income,At-Risk (31-60d),Silver Spender,Small Family (1 Kid),Together,Graduation,New Member,MeatProducts,145,1,Occasional Responder,Campaign 3
54450.0,1,1,0,454,0,171,8,19,32,12,9,2,8,8,0,0,0,0,0,0,3,11,0,64,2812,0,0,0,1,0,0,0,1,0,0,652,620,0,Elderly (>60),Medium Income,Active (0-30d),Silver Spender,Large Family (>1 Kid),Together,Graduation,Long-term Member,Wines,684,0,Never Accepted,No Acceptance
57744.0,0,1,91,350,3,39,0,0,19,2,9,1,4,8,0,0,0,0,0,0,3,11,0,66,2388,0,1,0,0,0,0,0,0,0,1,392,373,0,Elderly (>60),Medium Income,Inactive (>60d),Silver Spender,Small Family (1 Kid),Married,PhD,New Member,Wines,411,0,Never Accepted,No Acceptance
26576.0,1,0,40,10,0,8,0,0,9,1,1,0,2,9,1,0,0,0,0,0,3,11,1,34,2783,0,0,1,0,0,0,0,1,0,0,18,9,1,Middle-Aged (31-45),Low Income,At-Risk (31-60d),Bronze Spender,Small Family (1 Kid),Single,Graduation,Long-term Member,Wines,27,1,Occasional Responder,Campaign 3
57513.0,0,0,59,735,40,183,52,20,30,2,9,3,13,6,0,0,0,0,0,0,3,11,0,77,2517,0,0,0,0,1,0,0,0,0,1,1030,1000,0,Elderly (>60),Medium Income,At-Risk (31-60d),Gold Spender,No Children,Widow,PhD,Established,Wines,1060,0,Never Accepted,No Acceptance
68142.0,0,1,96,897,126,196,91,112,37,3,10,4,7,6,0,0,0,0,0,0,3,11,0,56,2828,0,0,0,1,0,0,0,1,0,0,1422,1385,0,Senior (46-60),High Income,Inactive (>60d),Gold Spender,Small Family (1 Kid),Together,Graduation,Long-term Member,Wines,1459,0,Never Accepted,No Acceptance
7500.0,0,1,61,5,2,3,3,0,5,1,1,0,2,8,0,0,0,0,0,0,3,11,0,41,2828,0,1,0,0,0,0,0,1,0,0,13,8,0,Middle-Aged (31-45),Low Income,Inactive (>60d),Bronze Spender,Small Family (1 Kid),Married,Graduation,Long-term Member,Wines,18,0,Never Accepted,No Acceptance
83145.0,0,0,14,777,35,731,39,137,114,1,5,9,11,2,0,0,1,0,0,0,3,11,1,46,2804,0,0,0,1,0,0,0,1,0,0,1719,1605,1,Senior (46-60),High Income,Active (0-30d),Gold Spender,No Children,Together,Graduation,Long-term Member,Wines,1833,1,Occasional Responder,Campaign 5
54197.0,0,1,16,162,6,37,6,13,13,2,1,3,6,1,0,0,0,0,0,0,3,11,0,60,2246,0,1,0,0,0,0,0,0,1,0,224,211,0,Senior (46-60),Medium Income,Active (0-30d),Silver Spender,Small Family (1 Kid),Married,Master,New Member,Wines,237,0,Never Accepted,No Acceptance
23091.0,1,1,98,35,0,11,0,0,2,4,2,1,3,7,0,0,0,0,0,0,3,11,0,57,2191,0,0,1,0,0,0,0,0,0,1,46,44,0,Senior (46-60),Low Income,Inactive (>60d),Bronze Spender,Large Family (>1 Kid),Single,PhD,New Member,Wines,48,0,Never Accepted,No Acceptance
46049.0,1,1,11,342,9,112,19,14,19,10,5,2,9,7,0,0,0,0,0,0,3,11,1,44,2502,0,1,0,0,0,0,0,1,0,0,496,477,0,Middle-Aged (31-45),Medium Income,Active (0-30d),Silver Spender,Large Family (>1 Kid),Married,Graduation,Established,Wines,515,0,Never Accepted,No Acceptance
56715.0,0,0,52,258,105,239,237,172,9,1,7,3,4,4,0,0,0,0,0,0,3,11,0,46,2730,0,0,0,1,0,0,0,1,0,0,1011,1002,0,Senior (46-60),Medium Income,At-Risk (31-60d),Gold Spender,No Children,Together,Graduation,Long-term Member,Wines,1020,0,Never Accepted,No Acceptance
79410.0,0,0,19,658,80,483,123,13,13,1,3,2,5,1,0,0,0,0,0,0,3,11,0,59,2190,0,1,0,0,0,0,0,1,0,0,1357,1344,0,Senior (46-60),High Income,Active (0-30d),Gold Spender,No Children,Married,Graduation,New Member,Wines,1370,0,Never Accepted,No Acceptance
57304.0,0,1,61,356,80,329,138,17,106,2,7,6,10,5,0,0,0,0,0,0,3,11,0,69,2634,0,1,0,0,0,0,0,1,0,0,920,814,0,Elderly (>60),Medium Income,Inactive (>60d),Gold Spender,Small Family (1 Kid),Married,Graduation,Long-term Member,Wines,1026,0,Never Accepted,No Acceptance
44375.0,0,1,73,213,5,28,7,7,41,1,4,1,6,5,0,0,0,0,0,0,3,11,0,55,2257,0,1,0,0,0,0,0,1,0,0,260,219,0,Senior (46-60),Medium Income,Inactive (>60d),Silver Spender,Small Family (1 Kid),Married,Graduation,New Member,Wines,301,0,Never Accepted,No Acceptance
54450.0,1,1,0,454,0,171,8,19,32,12,9,2,8,8,0,0,0,0,0,0,3,11,0,64,2812,0,0,0,1,0,0,0,1,0,0,652,620,0,Elderly (>60),Medium Income,Active (0-30d),Silver Spender,Large Family (>1 Kid),Together,Graduation,Long-term Member,Wines,684,0,Never Accepted,No Acceptance
59594.0,0,1,74,457,4,29,0,0,9,1,8,1,7,7,0,1,0,0,0,0,3,11,0,55,2776,0,1,0,0,0,0,0,1,0,0,490,481,1,Senior (46-60),Medium Income,Inactive (>60d),Silver Spender,Small Family (1 Kid),Married,Graduation,Long-term Member,Wines,499,1,Occasional Responder,Campaign 4
80685.0,0,0,55,241,45,604,34,26,54,1,6,4,10,2,0,0,0,0,0,0,3,11,0,26,2835,0,0,0,1,0,0,0,1,0,0,950,896,0,Young Adult (<30),High Income,At-Risk (31-60d),Gold Spender,No Children,Together,Graduation,Long-term Member,MeatProducts,1004,0,Never Accepted,No Acceptance
40344.0,0,1,48,210,0,6,0,0,2,2,4,1,5,7,0,0,0,0,0,0,3,11,0,46,2418,0,1,0,0,0,0,0,0,0,1,216,214,0,Senior (46-60),Medium Income,At-Risk (31-60d),Silver Spender,Small Family (1 Kid),Married,PhD,Established,Wines,218,0,Never Accepted,No Acceptance
62710.0,0,1,53,441,35,83,7,29,11,4,4,2,12,4,0,0,0,0,0,0,3,11,0,48,2561,0,1,0,0,0,0,0,1,0,0,595,584,0,Senior (46-60),High Income,At-Risk (31-60d),Silver Spender,Small Family (1 Kid),Married,Graduation,Established,Wines,606,0,Never Accepted,No Acceptance
48985.0,0,1,13,19,13,18,10,7,8,1,1,1,3,3,0,0,0,0,0,0,3,11,0,52,2518,0,1,0,0,0,1,0,0,0,0,67,59,0,Senior (46-60),Medium Income,Active (0-30d),Bronze Spender,Small Family (1 Kid),Married,2n Cycle,Established,Wines,75,0,Never Accepted,No Acceptance
35322.0,1,2,34,28,9,37,12,7,13,3,2,0,4,8,0,0,0,0,0,0,3,11,0,52,2835,0,0,0,1,0,0,0,1,0,0,93,80,0,Senior (46-60),Low Income,At-Risk (31-60d),Silver Spender,Large Family (>1 Kid),Together,Graduation,Long-term Member,MeatProducts,106,0,Never Accepted,No Acceptance
77142.0,0,0,54,476,75,162,29,151,97,1,4,4,8,2,0,0,0,0,0,0,3,11,0,72,2555,0,1,0,0,0,0,0,1,0,0,893,796,0,Elderly (>60),High Income,At-Risk (31-60d),Gold Spender,No Children,Married,Graduation,Established,Wines,990,0,Never Accepted,No Acceptance
81657.0,0,0,69,364,40,425,158,60,50,1,3,4,8,1,0,0,0,0,0,0,3,11,0,51,2317,0,0,1,0,0,0,0,1,0,0,1047,997,0,Senior (46-60),High Income,Inactive (>60d),Gold Spender,No Children,Single,Graduation,New Member,MeatProducts,1097,0,Never Accepted,No Acceptance
14421.0,0,0,81,0,0,2,3,3,8,1,1,0,2,5,1,0,0,0,0,0,3,11,0,24,2291,0,1,0,0,0,0,1,0,0,0,8,0,1,Young Adult (<30),Low Income,Inactive (>60d),Bronze Spender,No Children,Married,Basic,New Member,GoldProds,16,1,Occasional Responder,Campaign 3
20130.0,0,0,99,0,6,3,7,6,12,1,1,0,3,8,0,0,0,0,0,0,3,11,0,46,2263,0,1,0,0,0,1,0,0,0,0,22,10,0,Senior (46-60),Low Income,Inactive (>60d),Bronze Spender,No Children,Married,2n Cycle,New Member,GoldProds,34,0,Never Accepted,No Acceptance
74214.0,0,0,3,863,83,547,86,99,33,1,8,2,5,5,0,0,0,0,0,0,3,11,0,30,2831,0,1,0,0,0,0,0,0,0,1,1678,1645,0,Young Adult (<30),High Income,Active (0-30d),Gold Spender,No Children,Married,PhD,Long-term Member,Wines,1711,0,Never Accepted,No Acceptance
66726.0,1,1,61,349,7,35,0,0,47,3,8,2,4,7,0,1,0,0,0,0,3,11,0,63,2327,0,1,0,0,0,0,0,0,1,0,391,344,1,Elderly (>60),High Income,Inactive (>60d),Silver Spender,Large Family (>1 Kid),Married,Master,New Member,Wines,438,1,Occasional Responder,Campaign 4
23724.0,1,0,65,5,23,15,0,18,14,2,2,0,3,8,0,0,0,0,0,0,3,11,0,41,2696,0,0,0,1,0,0,1,0,0,0,61,47,0,Middle-Aged (31-45),Low Income,Inactive (>60d),Bronze Spender,Small Family (1 Kid),Together,Basic,Long-term Member,Fruits,75,0,Never Accepted,No Acceptance
47353.0,0,1,93,184,2,19,8,8,4,3,2,2,6,5,0,0,0,0,0,0,3,11,0,60,2387,0,1,0,0,0,0,0,0,1,0,221,217,0,Senior (46-60),Medium Income,Inactive (>60d),Silver Spender,Small Family (1 Kid),Married,Master,New Member,Wines,225,0,Never Accepted,No Acceptance
33444.0,1,1,24,8,0,8,0,0,2,1,1,0,2,8,0,0,0,0,0,0,3,11,0,68,2762,0,1,0,0,0,0,0,0,1,0,16,14,0,Elderly (>60),Low Income,Active (0-30d),Bronze Spender,Large Family (>1 Kid),Married,Master,Long-term Member,Wines,18,0,Never Accepted,No Acceptance
54386.0,0,1,8,277,21,64,62,21,25,2,3,2,10,3,0,0,0,0,0,0,3,11,0,39,2567,0,1,0,0,0,0,0,1,0,0,445,420,0,Middle-Aged (31-45),Medium Income,Active (0-30d),Silver Spender,Small Family (1 Kid),Married,Graduation,Established,Wines,470,0,Never Accepted,No Acceptance
28510.0,1,1,72,44,5,19,0,4,19,3,2,0,4,5,0,0,0,0,0,0,3,11,0,39,2601,1,0,0,0,0,0,0,1,0,0,72,53,0,Middle-Aged (31-45),Low Income,Inactive (>60d),Bronze Spender,Large Family (>1 Kid),Divorced,Graduation,Established,Wines,91,0,Never Accepted,No Acceptance
90638.0,0,0,29,1156,120,915,94,144,96,1,3,4,10,1,0,0,1,0,0,0,3,11,0,29,2295,0,0,1,0,0,0,0,0,1,0,2429,2333,1,Young Adult (<30),High Income,Active (0-30d),Gold Spender,No Children,Single,Master,New Member,Wines,2525,1,Occasional Responder,Campaign 5
48070.0,0,1,33,373,14,83,6,9,19,3,8,2,6,7,0,0,0,0,0,1,3,11,0,70,2691,0,0,0,1,0,0,0,1,0,0,485,466,0,Elderly (>60),Medium Income,At-Risk (31-60d),Silver Spender,Small Family (1 Kid),Together,Graduation,Long-term Member,Wines,504,0,Never Accepted,No Acceptance
43140.0,0,1,68,134,8,76,6,0,11,1,4,1,5,6,0,0,0,0,0,0,3,11,0,63,2699,0,1,0,0,0,0,0,1,0,0,224,213,0,Elderly (>60),Medium Income,Inactive (>60d),Silver Spender,Small Family (1 Kid),Married,Graduation,Long-term Member,Wines,235,0,Never Accepted,No Acceptance
54959.0,0,1,55,1148,0,60,0,0,24,3,9,5,4,7,0,1,0,0,0,0,3,11,1,59,2685,1,0,0,0,0,0,0,0,0,1,1208,1184,1,Senior (46-60),Medium Income,At-Risk (31-60d),Gold Spender,Small Family (1 Kid),Divorced,PhD,Long-term Member,Wines,1232,1,Occasional Responder,Campaign 4
15056.0,1,1,76,6,12,3,21,6,40,5,2,2,3,5,0,0,0,0,0,0,3,11,0,62,2581,0,0,1,0,0,0,1,0,0,0,48,8,0,Elderly (>60),Low Income,Inactive (>60d),Bronze Spender,Large Family (>1 Kid),Single,Basic,Established,GoldProds,88,0,Never Accepted,No Acceptance
26954.0,1,0,17,4,1,11,0,0,1,1,1,0,2,7,0,0,0,0,0,0,3,11,0,49,2211,0,0,1,0,0,0,0,1,0,0,16,15,0,Senior (46-60),Low Income,Active (0-30d),Bronze Spender,Small Family (1 Kid),Single,Graduation,New Member,MeatProducts,17,0,Never Accepted,No Acceptance
22327.0,1,0,94,5,4,8,2,0,5,1,1,0,3,5,0,0,0,0,0,0,3,11,0,35,2490,0,0,1,0,0,0,0,1,0,0,19,14,0,Middle-Aged (31-45),Low Income,Inactive (>60d),Bronze Spender,Small Family (1 Kid),Single,Graduation,Established,MeatProducts,24,0,Never Accepted,No Acceptance
44393.0,1,1,86,24,2,20,2,2,10,2,1,0,4,4,0,0,0,0,0,0,3,11,0,55,2470,0,1,0,0,0,0,0,1,0,0,50,40,0,Senior (46-60),Medium Income,Inactive (>60d),Bronze Spender,Large Family (>1 Kid),Married,Graduation,Established,Wines,60,0,Never Accepted,No Acceptance
62000.0,0,1,25,899,0,101,0,0,20,1,6,6,13,4,0,0,0,1,0,0,3,11,0,68,2467,0,0,1,0,0,0,0,0,0,1,1000,980,1,Elderly (>60),Medium Income,Active (0-30d),Gold Spender,Small Family (1 Kid),Single,PhD,Established,Wines,1020,1,Occasional Responder,Campaign 1
31497.0,0,1,22,108,1,28,13,1,4,2,3,1,4,8,0,0,0,0,0,0,3,11,0,58,2729,0,0,0,1,0,0,0,0,0,1,151,147,0,Senior (46-60),Low Income,Active (0-30d),Silver Spender,Small Family (1 Kid),Together,PhD,Long-term Member,Wines,155,0,Never Accepted,No Acceptance
45894.0,0,2,15,27,2,7,0,2,13,1,1,0,3,5,0,0,0,0,0,0,3,11,0,46,2281,0,1,0,0,0,1,0,0,0,0,38,25,0,Senior (46-60),Medium Income,Active (0-30d),Bronze Spender,Large Family (>1 Kid),Married,2n Cycle,New Member,Wines,51,0,Never Accepted,No Acceptance
78579.0,0,0,35,816,66,549,216,66,99,1,5,6,4,3,0,0,0,0,0,0,3,11,1,50,2713,1,0,0,0,0,0,0,0,1,0,1713,1614,0,Senior (46-60),High Income,At-Risk (31-60d),Gold Spender,No Children,Divorced,Master,Long-term Member,Wines,1812,0,Never Accepted,No Acceptance
67369.0,0,1,81,1298,0,70,37,14,42,4,7,4,10,4,0,1,1,0,0,0,3,11,1,51,2748,0,0,0,0,1,0,0,0,1,0,1419,1377,2,Senior (46-60),High Income,Inactive (>60d),Gold Spender,Small Family (1 Kid),Widow,Master,Long-term Member,Wines,1461,2,Occasional Responder,Campaign 4
58401.0,0,1,55,10,0,11,17,29,29,1,1,2,2,4,0,0,0,0,0,0,3,11,0,60,2229,1,0,0,0,0,0,0,1,0,0,67,38,0,Senior (46-60),Medium Income,At-Risk (31-60d),Bronze Spender,Small Family (1 Kid),Divorced,Graduation,New Member,SweetProducts,96,0,Never Accepted,No Acceptance
62307.0,0,1,94,87,13,34,10,6,10,1,4,0,4,5,0,0,0,0,0,0,3,11,0,68,2291,0,0,1,0,0,0,0,1,0,0,150,140,0,Elderly (>60),Medium Income,Inactive (>60d),Silver Spender,Small Family (1 Kid),Single,Graduation,New Member,Wines,160,0,Never Accepted,No Acceptance
43641.0,1,1,50,57,2,51,4,2,23,3,2,1,4,6,0,0,0,0,0,0,3,11,0,51,2592,0,1,0,0,0,0,0,0,1,0,116,93,0,Senior (46-60),Medium Income,At-Risk (31-60d),Silver Spender,Large Family (>1 Kid),Married,Master,Established,Wines,139,0,Never Accepted,No Acceptance
63841.0,0,1,64,635,15,100,20,7,131,1,9,3,9,6,0,0,0,0,0,0,3,11,0,52,2593,1,0,0,0,0,0,0,0,1,0,777,646,0,Senior (46-60),High Income,Inactive (>60d),Gold Spender,Small Family (1 Kid),Divorced,Master,Established,Wines,908,0,Never Accepted,No Acceptance
46891.0,0,1,91,43,12,23,29,15,61,1,2,1,4,4,0,0,0,0,0,0,3,11,0,55,2460,0,1,0,0,0,1,0,0,0,0,122,61,0,Senior (46-60),Medium Income,Inactive (>60d),Silver Spender,Small Family (1 Kid),Married,2n Cycle,Established,GoldProds,183,0,Never Accepted,No Acceptance
70091.0,1,0,11,964,34,137,15,0,11,2,5,2,10,8,0,1,0,0,0,0,3,11,0,51,2614,0,1,0,0,0,0,0,0,1,0,1150,1139,1,Senior (46-60),High Income,Active (0-30d),Gold Spender,Small Family (1 Kid),Married,Master,Established,Wines,1161,1,Occasional Responder,Campaign 4
78075.0,0,0,72,572,8,259,34,35,80,1,3,5,5,1,0,0,0,0,0,0,3,11,0,48,2244,0,1,0,0,0,0,0,0,0,1,908,828,0,Senior (46-60),High Income,Inactive (>60d),Gold Spender,No Children,Married,PhD,New Member,Wines,988,0,Never Accepted,No Acceptance
59184.0,0,1,6,341,142,113,259,151,66,3,6,6,12,5,0,0,0,0,0,0,3,11,0,59,2817,0,0,0,0,1,1,0,0,0,0,1006,940,0,Senior (46-60),Medium Income,Active (0-30d),Gold Spender,Small Family (1 Kid),Widow,2n Cycle,Long-term Member,Wines,1072,0,Never Accepted,No Acceptance
54809.0,1,1,0,63,6,57,13,13,22,4,2,1,5,4,0,0,0,0,0,0,3,11,0,43,2450,0,1,0,0,0,0,0,1,0,0,152,130,0,Middle-Aged (31-45),Medium Income,Active (0-30d),Silver Spender,Large Family (>1 Kid),Married,Graduation,Established,Wines,174,0,Never Accepted,No Acceptance
58113.0,0,1,66,221,104,169,102,78,84,3,9,2,8,7,0,0,0,0,0,1,3,11,0,61,2679,0,1,0,0,0,0,0,1,0,0,674,590,0,Elderly (>60),Medium Income,Inactive (>60d),Silver Spender,Small Family (1 Kid),Married,Graduation,Long-term Member,Wines,758,0,Never Accepted,No Acceptance
51412.0,0,1,42,140,3,29,4,5,14,2,3,2,4,4,0,0,0,0,0,0,3,11,0,62,2339,0,1,0,0,0,0,0,0,1,0,181,167,0,Elderly (>60),Medium Income,At-Risk (31-60d),Silver Spender,Small Family (1 Kid),Married,Master,New Member,Wines,195,0,Never Accepted,No Acceptance
15287.0,1,0,60,1,2,8,4,3,13,2,1,1,2,7,1,0,0,0,0,0,3,11,1,41,2786,1,0,0,0,0,0,0,1,0,0,18,5,1,Middle-Aged (31-45),Low Income,At-Risk (31-60d),Bronze Spender,Small Family (1 Kid),Divorced,Graduation,Long-term Member,GoldProds,31,1,Occasional Responder,Campaign 3
66636.0,0,0,64,291,10,689,84,10,0,1,3,4,9,1,0,0,0,0,0,0,3,11,0,63,2475,0,0,0,1,0,0,0,0,1,0,1084,1084,0,Elderly (>60),High Income,Inactive (>60d),Gold Spender,No Children,Together,Master,Established,MeatProducts,1084,0,Never Accepted,No Acceptance
50965.0,0,1,87,544,13,85,8,6,29,3,10,4,5,8,1,0,0,0,0,0,3,11,0,64,2653,0,1,0,0,0,0,0,0,1,0,656,627,1,Elderly (>60),Medium Income,Inactive (>60d),Silver Spender,Small Family (1 Kid),Married,Master,Long-term Member,Wines,685,1,Occasional Responder,Campaign 3
84618.0,0,0,96,684,100,801,21,66,0,1,6,9,10,2,0,0,1,0,0,0,3,11,0,55,2378,0,1,0,0,0,0,0,0,0,1,1672,1672,1,Senior (46-60),High Income,Inactive (>60d),Gold Spender,No Children,Married,PhD,New Member,MeatProducts,1672,1,Occasional Responder,Campaign 5
18351.0,0,0,1,1,12,9,0,14,7,1,2,0,3,7,0,0,0,0,0,0,3,11,0,30,2402,0,1,0,0,0,0,0,1,0,0,36,29,0,Young Adult (<30),Low Income,Active (0-30d),Bronze Spender,No Children,Married,Graduation,New Member,SweetProducts,43,0,Never Accepted,No Acceptance
40451.0,0,2,54,35,0,4,0,0,10,1,1,1,2,5,1,0,0,0,0,0,3,11,0,63,2292,0,0,0,1,0,0,0,0,0,1,39,29,1,Elderly (>60),Medium Income,At-Risk (31-60d),Bronze Spender,Large Family (>1 Kid),Together,PhD,New Member,Wines,49,1,Occasional Responder,Campaign 3
36317.0,0,1,53,87,3,25,3,2,13,2,3,0,4,7,0,0,0,0,0,0,3,11,0,55,2562,0,0,0,1,0,0,0,1,0,0,120,107,0,Senior (46-60),Low Income,At-Risk (31-60d),Silver Spender,Small Family (1 Kid),Together,Graduation,Established,Wines,133,0,Never Accepted,No Acceptance
42213.0,0,1,96,309,3,24,4,3,20,2,5,1,7,7,0,1,0,0,0,0,3,11,0,63,2419,0,0,0,1,0,0,0,1,0,0,343,323,1,Elderly (>60),Medium Income,Inactive (>60d),Silver Spender,Small Family (1 Kid),Together,Graduation,Established,Wines,363,1,Occasional Responder,Campaign 4
65748.0,0,1,58,172,73,93,95,78,34,2,2,4,10,1,0,0,0,0,0,1,3,11,0,65,2599,0,0,0,1,0,0,0,1,0,0,511,477,0,Elderly (>60),High Income,At-Risk (31-60d),Silver Spender,Small Family (1 Kid),Together,Graduation,Established,Wines,545,0,Never Accepted,No Acceptance
77044.0,0,1,12,625,38,242,50,34,76,2,7,11,11,4,1,0,0,0,0,0,3,11,0,48,2404,0,0,0,1,0,0,0,1,0,0,989,913,1,Senior (46-60),High Income,Active (0-30d),Gold Spender,Small Family (1 Kid),Together,Graduation,Established,Wines,1065,1,Occasional Responder,Campaign 3
74918.0,0,0,78,972,59,913,25,19,59,1,5,9,6,3,0,0,1,0,0,0,3,11,0,51,2633,0,0,0,1,0,0,0,1,0,0,1988,1929,1,Senior (46-60),High Income,Inactive (>60d),Gold Spender,No Children,Together,Graduation,Long-term Member,Wines,2047,1,Occasional Responder,Campaign 5
56721.0,1,1,64,157,6,39,6,13,75,5,4,1,5,6,0,0,0,0,0,0,3,11,0,48,2765,0,1,0,0,0,0,0,1,0,0,221,146,0,Senior (46-60),Medium Income,Inactive (>60d),Silver Spender,Large Family (>1 Kid),Married,Graduation,Long-term Member,Wines,296,0,Never Accepted,No Acceptance
42160.0,1,1,26,48,9,45,3,15,20,4,2,1,4,6,0,0,0,0,0,0,3,11,1,45,2525,0,0,1,0,0,0,0,1,0,0,120,100,0,Middle-Aged (31-45),Medium Income,Active (0-30d),Silver Spender,Large Family (>1 Kid),Single,Graduation,Established,Wines,140,0,Never Accepted,No Acceptance
61559.0,0,1,8,279,83,88,32,14,34,1,4,2,10,3,0,0,0,0,0,0,3,11,0,55,2506,0,0,1,0,0,0,0,1,0,0,496,462,0,Senior (46-60),Medium Income,Active (0-30d),Silver Spender,Small Family (1 Kid),Single,Graduation,Established,Wines,530,0,Never Accepted,No Acceptance
33629.0,1,1,49,132,0,16,0,0,4,5,3,1,4,9,0,0,0,0,0,0,3,11,0,57,2849,0,0,0,1,0,0,0,0,0,1,148,144,0,Senior (46-60),Low Income,At-Risk (31-60d),Silver Spender,Large Family (>1 Kid),Together,PhD,Long-term Member,Wines,152,0,Never Accepted,No Acceptance
68682.0,0,0,56,919,0,505,99,30,45,1,4,9,10,2,0,0,0,0,0,0,3,11,0,29,2425,0,0,0,1,0,0,0,0,0,1,1553,1508,0,Young Adult (<30),High Income,At-Risk (31-60d),Gold Spender,No Children,Together,PhD,Established,Wines,1598,0,Never Accepted,No Acceptance
34377.0,0,1,55,62,0,22,3,1,26,2,2,2,2,7,0,0,0,0,0,0,3,11,0,57,2685,0,0,1,0,0,0,0,1,0,0,88,62,0,Senior (46-60),Low Income,At-Risk (31-60d),Bronze Spender,Small Family (1 Kid),Single,Graduation,Long-term Member,Wines,114,0,Never Accepted,No Acceptance
8940.0,1,0,25,1,45,3,4,6,42,3,3,1,3,8,0,0,0,0,0,0,3,11,0,34,2835,0,0,1,0,0,0,1,0,0,0,59,17,0,Middle-Aged (31-45),Low Income,Active (0-30d),Bronze Spender,Small Family (1 Kid),Single,Basic,Long-term Member,Fruits,101,0,Never Accepted,No Acceptance
26228.0,1,0,50,2,6,4,3,1,9,1,1,0,2,8,0,0,0,0,0,0,3,11,0,47,2439,0,1,0,0,0,0,0,1,0,0,16,7,0,Senior (46-60),Low Income,At-Risk (31-60d),Bronze Spender,Small Family (1 Kid),Married,Graduation,Established,GoldProds,25,0,Never Accepted,No Acceptance
77297.0,0,0,84,408,61,109,48,122,41,1,5,7,9,4,0,0,0,1,0,0,3,11,0,63,2678,1,0,0,0,0,1,0,0,0,0,748,707,1,Elderly (>60),High Income,Inactive (>60d),Silver Spender,No Children,Divorced,2n Cycle,Long-term Member,Wines,789,1,Occasional Responder,Campaign 1
40211.0,1,1,30,51,1,7,2,1,25,2,2,1,2,8,1,0,0,0,0,0,3,11,0,39,2493,0,1,0,0,0,0,0,1,0,0,62,37,1,Middle-Aged (31-45),Medium Income,Active (0-30d),Bronze Spender,Large Family (>1 Kid),Married,Graduation,Established,Wines,87,1,Occasional Responder,Campaign 3
33438.0,1,1,81,62,1,16,3,2,6,4,2,1,4,5,0,0,0,0,0,0,3,11,0,62,2439,0,0,0,0,1,0,0,0,0,1,84,78,0,Elderly (>60),Low Income,Inactive (>60d),Bronze Spender,Large Family (>1 Kid),Widow,PhD,Established,Wines,90,0,Never Accepted,No Acceptance
75032.0,0,1,74,952,12,180,47,12,12,2,5,4,9,3,0,0,0,0,0,0,3,11,0,61,2586,0,1,0,0,0,0,0,0,0,1,1203,1191,0,Elderly (>60),High Income,Inactive (>60d),Gold Spender,Small Family (1 Kid),Married,PhD,Established,Wines,1215,0,Never Accepted,No Acceptance
61284.0,0,0,76,618,15,106,20,7,45,1,11,2,8,6,0,1,0,0,0,0,3,11,0,65,2419,0,0,1,0,0,0,0,0,0,1,766,721,1,Elderly (>60),Medium Income,Inactive (>60d),Gold Spender,No Children,Single,PhD,Established,Wines,811,1,Occasional Responder,Campaign 4
22518.0,1,0,36,11,7,12,2,2,27,2,2,1,2,5,1,0,0,0,0,0,3,11,1,34,2774,0,1,0,0,0,0,0,1,0,0,34,7,1,Middle-Aged (31-45),Low Income,At-Risk (31-60d),Bronze Spender,Small Family (1 Kid),Married,Graduation,Long-term Member,GoldProds,61,1,Occasional Responder,Campaign 3
54730.0,0,1,64,318,3,17,4,7,56,5,4,1,8,4,0,0,0,0,0,0,3,11,0,45,2477,0,1,0,0,0,0,0,0,1,0,349,293,0,Middle-Aged (31-45),Medium Income,Inactive (>60d),Silver Spender,Small Family (1 Kid),Married,Master,Established,Wines,405,0,Never Accepted,No Acceptance
38452.0,1,1,62,56,0,14,0,0,2,3,3,0,3,7,0,0,0,0,0,0,3,11,0,65,2250,0,1,0,0,0,0,0,0,1,0,70,68,0,Elderly (>60),Low Income,Inactive (>60d),Bronze Spender,Large Family (>1 Kid),Married,Master,New Member,Wines,72,0,Never Accepted,No Acceptance
44421.0,1,1,53,110,5,59,7,1,7,5,5,0,4,8,0,0,0,0,0,0,3,11,0,49,2658,1,0,0,0,0,0,0,1,0,0,182,175,0,Senior (46-60),Medium Income,At-Risk (31-60d),Silver Spender,Large Family (>1 Kid),Divorced,Graduation,Long-term Member,Wines,189,0,Never Accepted,No Acceptance
38197.0,1,0,86,23,0,11,2,1,3,1,1,0,3,5,0,0,0,0,0,0,3,11,0,34,2524,0,0,0,1,0,0,0,0,0,1,37,34,0,Middle-Aged (31-45),Low Income,Inactive (>60d),Bronze Spender,Small Family (1 Kid),Together,PhD,Established,Wines,40,0,Never Accepted,No Acceptance
41986.0,0,1,15,27,5,8,8,3,12,3,3,0,4,4,0,0,0,0,0,0,3,11,0,42,2299,1,0,0,0,0,0,0,1,0,0,51,39,0,Middle-Aged (31-45),Medium Income,Active (0-30d),Bronze Spender,Small Family (1 Kid),Divorced,Graduation,New Member,Wines,63,0,Never Accepted,No Acceptance
28427.0,1,0,67,18,3,19,3,3,6,2,2,0,3,8,0,0,0,0,0,0,3,11,0,37,2624,0,0,0,1,0,0,0,1,0,0,46,40,0,Middle-Aged (31-45),Low Income,Inactive (>60d),Bronze Spender,Small Family (1 Kid),Together,Graduation,Established,MeatProducts,52,0,Never Accepted,No Acceptance
37395.0,1,0,47,18,0,9,0,1,11,1,1,0,3,6,0,0,0,0,0,0,3,11,0,44,2217,0,0,0,1,0,0,0,0,0,1,28,17,0,Middle-Aged (31-45),Low Income,At-Risk (31-60d),Bronze Spender,Small Family (1 Kid),Together,PhD,New Member,Wines,39,0,Never Accepted,No Acceptance
64722.0,1,0,47,303,0,280,60,147,15,4,8,2,11,6,0,0,0,0,0,0,3,11,0,49,2193,0,1,0,0,0,0,0,1,0,0,790,775,0,Senior (46-60),High Income,At-Risk (31-60d),Gold Spender,Small Family (1 Kid),Married,Graduation,New Member,Wines,805,0,Never Accepted,No Acceptance
55249.0,0,1,81,97,1,19,2,0,11,1,2,1,4,3,0,0,0,0,0,0,3,11,0,64,2232,0,0,0,1,0,0,0,0,1,0,119,108,0,Elderly (>60),Medium Income,Inactive (>60d),Silver Spender,Small Family (1 Kid),Together,Master,New Member,Wines,130,0,Never Accepted,No Acceptance
84906.0,0,0,98,997,15,414,99,30,76,1,5,6,12,2,0,1,1,0,1,0,3,11,0,48,2427,0,0,0,1,0,0,0,1,0,0,1555,1479,3,Senior (46-60),High Income,Inactive (>60d),Gold Spender,No Children,Together,Graduation,Established,Wines,1631,3,Campaign Enthusiast,Campaign 2
28691.0,1,0,56,5,4,13,8,0,4,1,1,0,3,8,0,0,0,0,0,0,3,11,0,31,2519,0,1,0,0,0,0,0,1,0,0,30,26,0,Middle-Aged (31-45),Low Income,At-Risk (31-60d),Bronze Spender,Small Family (1 Kid),Married,Graduation,Established,MeatProducts,34,0,Never Accepted,No Acceptance
44213.0,1,1,48,95,11,35,0,4,7,4,2,1,5,6,0,0,0,0,0,0,3,11,0,68,2371,0,0,1,0,0,0,0,1,0,0,145,138,0,Elderly (>60),Medium Income,At-Risk (31-60d),Silver Spender,Large Family (>1 Kid),Single,Graduation,New Member,Wines,152,0,Never Accepted,No Acceptance
25707.0,1,0,18,1,6,2,3,6,3,1,1,0,3,7,0,0,0,0,0,0,3,11,0,36,2321,0,0,1,0,0,0,1,0,0,0,18,15,0,Middle-Aged (31-45),Low Income,Active (0-30d),Bronze Spender,Small Family (1 Kid),Single,Basic,New Member,Fruits,21,0,Never Accepted,No Acceptance
59062.0,2,1,74,46,1,12,3,0,9,2,2,0,3,4,0,0,0,0,0,0,3,11,0,53,2428,0,1,0,0,0,0,0,0,0,1,62,53,0,Senior (46-60),Medium Income,Inactive (>60d),Bronze Spender,Large Family (>1 Kid),Married,PhD,Established,Wines,71,0,Never Accepted,No Acceptance
76624.0,0,1,68,411,106,147,54,115,66,1,5,10,7,1,1,0,0,0,0,0,3,11,0,58,2195,0,0,1,0,0,0,0,1,0,0,833,767,1,Senior (46-60),High Income,Inactive (>60d),Gold Spender,Small Family (1 Kid),Single,Graduation,New Member,Wines,899,1,Occasional Responder,Campaign 3
66000.0,0,0,36,244,51,270,101,0,45,1,1,3,5,1,0,0,0,0,0,0,3,11,0,73,2229,0,0,0,1,0,0,0,0,1,0,666,621,0,Elderly (>60),High Income,At-Risk (31-60d),Silver Spender,No Children,Together,Master,New Member,MeatProducts,711,0,Never Accepted,No Acceptance
27683.0,1,0,90,152,9,121,12,12,45,4,6,2,4,8,0,0,0,0,0,0,3,11,0,42,2853,0,0,0,1,0,0,0,0,0,1,306,261,0,Middle-Aged (31-45),Low Income,Inactive (>60d),Silver Spender,Small Family (1 Kid),Together,PhD,Long-term Member,Wines,351,0,Never Accepted,No Acceptance
1730.0,0,0,65,1,1,3,1,1,1,15,0,0,0,20,0,0,0,0,0,0,3,11,0,49,2201,1,0,0,0,0,0,0,1,0,0,7,6,0,Senior (46-60),Low Income,Inactive (>60d),Bronze Spender,No Children,Divorced,Graduation,New Member,MeatProducts,8,0,Never Accepted,No Acceptance
7500.0,1,0,63,10,17,18,8,26,40,4,3,2,2,9,0,0,0,0,0,0,3,11,0,28,2732,0,0,1,0,0,0,1,0,0,0,79,39,0,Young Adult (<30),Low Income,Inactive (>60d),Bronze Spender,Small Family (1 Kid),Single,Basic,Long-term Member,GoldProds,119,0,Never Accepted,No Acceptance
40521.0,1,1,82,12,0,5,0,0,4,1,0,1,2,5,0,0,0,0,0,0,3,11,0,52,2609,0,0,0,1,0,0,0,1,0,0,17,13,0,Senior (46-60),Medium Income,Inactive (>60d),Bronze Spender,Large Family (>1 Kid),Together,Graduation,Established,Wines,21,0,Never Accepted,No Acceptance
20427.0,1,0,63,5,0,4,0,0,1,1,1,0,2,8,0,0,0,0,0,0,3,11,0,47,2256,0,0,0,1,0,0,0,0,0,1,9,8,0,Senior (46-60),Low Income,Inactive (>60d),Bronze Spender,Small Family (1 Kid),Together,PhD,New Member,Wines,10,0,Never Accepted,No Acceptance
65106.0,0,1,55,790,19,133,12,0,19,3,8,3,13,6,0,1,0,0,0,0,3,11,0,45,2195,0,1,0,0,0,0,0,1,0,0,954,935,1,Middle-Aged (31-45),High Income,At-Risk (31-60d),Gold Spender,Small Family (1 Kid),Married,Graduation,New Member,Wines,973,1,Occasional Responder,Campaign 4
69969.0,0,0,64,882,29,514,38,29,44,1,4,2,6,3,0,0,1,1,0,0,3,11,1,55,2465,0,1,0,0,0,0,0,0,0,1,1492,1448,2,Senior (46-60),High Income,Inactive (>60d),Gold Spender,No Children,Married,PhD,Established,Wines,1536,2,Occasional Responder,Campaign 1
67433.0,0,2,51,615,28,259,12,48,30,4,6,5,13,4,0,1,0,0,0,0,3,11,0,68,2507,0,1,0,0,0,0,0,1,0,0,962,932,1,Elderly (>60),High Income,At-Risk (31-60d),Gold Spender,Large Family (>1 Kid),Married,Graduation,Established,Wines,992,1,Occasional Responder,Campaign 4
77766.0,0,1,97,1004,59,265,115,59,27,2,11,10,11,6,1,0,0,0,0,0,3,11,1,53,2651,0,1,0,0,0,0,0,0,0,1,1502,1475,1,Senior (46-60),High Income,Inactive (>60d),Gold Spender,Small Family (1 Kid),Married,PhD,Long-term Member,Wines,1529,1,Occasional Responder,Campaign 3
74716.0,0,1,92,133,27,421,13,195,71,2,7,3,5,4,0,0,0,0,0,0,3,11,0,48,2449,0,1,0,0,0,0,0,1,0,0,789,718,0,Senior (46-60),High Income,Inactive (>60d),Gold Spender,Small Family (1 Kid),Married,Graduation,Established,MeatProducts,860,0,Never Accepted,No Acceptance
68118.0,0,1,51,595,23,123,10,23,154,2,8,9,4,6,0,0,0,0,0,0,3,11,0,57,2413,1,0,0,0,0,0,0,1,0,0,774,620,0,Senior (46-60),High Income,At-Risk (31-60d),Gold Spender,Small Family (1 Kid),Divorced,Graduation,Established,Wines,928,0,Never Accepted,No Acceptance
55158.0,1,1,72,293,0,87,4,11,23,4,7,2,5,7,0,0,0,0,0,0,3,11,1,50,2858,0,1,0,0,0,0,0,0,0,1,395,372,0,Senior (46-60),Medium Income,Inactive (>60d),Silver Spender,Large Family (>1 Kid),Married,PhD,Long-term Member,Wines,418,0,Never Accepted,No Acceptance
62972.0,0,1,39,313,15,47,20,0,192,2,7,4,3,6,0,0,0,0,0,0,3,11,1,65,2854,0,1,0,0,0,1,0,0,0,0,395,203,0,Elderly (>60),High Income,At-Risk (31-60d),Silver Spender,Small Family (1 Kid),Married,2n Cycle,Long-term Member,Wines,587,0,Never Accepted,No Acceptance
74190.0,0,1,49,151,81,86,168,91,64,2,4,2,11,2,0,0,0,0,0,0,3,11,0,45,2207,0,1,0,0,0,0,0,1,0,0,577,513,0,Middle-Aged (31-45),High Income,At-Risk (31-60d),Silver Spender,Small Family (1 Kid),Married,Graduation,New Member,FishProducts,641,0,Never Accepted,No Acceptance
39356.0,1,1,21,15,0,2,0,0,6,1,1,0,2,6,1,0,0,0,0,0,3,11,0,44,2261,0,1,0,0,0,0,0,1,0,0,17,11,1,Middle-Aged (31-45),Low Income,Active (0-30d),Bronze Spender,Large Family (>1 Kid),Married,Graduation,New Member,Wines,23,1,Occasional Responder,Campaign 3
76653.0,0,0,91,736,63,946,219,189,126,1,4,7,11,2,0,0,1,1,0,0,3,11,0,51,2476,0,0,0,1,0,0,0,1,0,0,2153,2027,2,Senior (46-60),High Income,Inactive (>60d),Gold Spender,No Children,Together,Graduation,Established,MeatProducts,2279,2,Occasional Responder,Campaign 1
35860.0,1,1,37,15,0,8,4,2,20,2,1,1,2,5,1,0,0,0,0,0,3,11,0,47,2200,1,0,0,0,0,0,0,0,0,1,29,9,1,Senior (46-60),Low Income,At-Risk (31-60d),Bronze Spender,Large Family (>1 Kid),Divorced,PhD,New Member,GoldProds,49,1,Occasional Responder,Campaign 3
90687.0,0,0,98,982,17,672,23,34,51,1,6,2,8,2,0,0,1,0,0,0,3,11,1,37,2562,1,0,0,0,0,0,0,0,0,1,1728,1677,1,Middle-Aged (31-45),High Income,Inactive (>60d),Gold Spender,No Children,Divorced,PhD,Established,Wines,1779,1,Occasional Responder,Campaign 5
73450.0,0,0,85,1142,51,415,90,69,37,1,7,8,11,3,1,0,0,1,0,0,3,11,0,38,2365,0,0,0,1,0,0,0,0,1,0,1767,1730,2,Middle-Aged (31-45),High Income,Inactive (>60d),Gold Spender,No Children,Together,Master,New Member,Wines,1804,2,Occasional Responder,Campaign 1
31454.0,1,1,40,28,0,11,0,0,9,3,2,0,3,8,0,0,0,0,0,0,3,11,0,60,2517,0,1,0,0,0,0,0,1,0,0,39,30,0,Senior (46-60),Low Income,At-Risk (31-60d),Bronze Spender,Large Family (>1 Kid),Married,Graduation,Established,Wines,48,0,Never Accepted,No Acceptance
47139.0,1,1,2,46,0,12,0,2,23,2,2,1,2,7,0,0,0,0,0,0,3,11,1,68,2274,0,0,1,0,0,0,0,1,0,0,60,37,0,Elderly (>60),Medium Income,Active (0-30d),Bronze Spender,Large Family (>1 Kid),Single,Graduation,New Member,Wines,83,0,Never Accepted,No Acceptance
83829.0,0,0,78,897,161,430,186,161,27,0,4,7,6,1,1,0,1,1,0,0,3,11,1,45,2423,1,0,0,0,0,0,0,1,0,0,1835,1808,3,Middle-Aged (31-45),High Income,Inactive (>60d),Gold Spender,No Children,Divorced,Graduation,Established,Wines,1862,3,Campaign Enthusiast,Campaign 1
53378.0,1,1,41,489,6,152,8,6,132,10,9,4,6,8,0,0,0,0,0,0,3,11,1,57,2802,0,1,0,0,0,0,0,0,0,1,661,529,0,Senior (46-60),Medium Income,At-Risk (31-60d),Silver Spender,Large Family (>1 Kid),Married,PhD,Long-term Member,Wines,793,0,Never Accepted,No Acceptance
19656.0,1,0,94,25,4,9,6,8,32,3,2,1,3,7,0,0,0,0,0,0,3,11,0,50,2665,0,0,0,1,0,0,0,1,0,0,52,20,0,Senior (46-60),Low Income,Inactive (>60d),Bronze Spender,Small Family (1 Kid),Together,Graduation,Long-term Member,GoldProds,84,0,Never Accepted,No Acceptance
45579.0,0,1,10,145,1,33,2,1,1,1,4,1,4,6,0,0,0,0,0,0,3,11,0,72,2472,0,1,0,0,0,0,0,0,0,1,182,181,0,Elderly (>60),Medium Income,Active (0-30d),Silver Spender,Small Family (1 Kid),Married,PhD,Established,Wines,183,0,Never Accepted,No Acceptance
85485.0,0,0,73,630,26,611,44,18,54,1,6,6,6,2,0,0,0,0,0,0,3,11,0,62,2167,0,0,1,0,0,1,0,0,0,0,1329,1275,0,Elderly (>60),High Income,Inactive (>60d),Gold Spender,No Children,Single,2n Cycle,New Member,Wines,1383,0,Never Accepted,No Acceptance
55956.0,0,0,22,760,38,104,50,9,38,2,7,3,4,4,0,1,0,0,0,0,3,11,0,76,2242,0,1,0,0,0,0,0,1,0,0,961,923,1,Elderly (>60),Medium Income,Active (0-30d),Gold Spender,No Children,Married,Graduation,New Member,Wines,999,1,Occasional Responder,Campaign 4
64191.0,0,1,30,420,15,186,151,38,15,3,5,3,13,3,0,0,0,0,0,0,3,11,0,57,2682,0,0,1,0,0,0,0,0,1,0,810,795,0,Senior (46-60),High Income,Active (0-30d),Gold Spender,Small Family (1 Kid),Single,Master,Long-term Member,Wines,825,0,Never Accepted,No Acceptance
38808.0,1,0,21,125,17,52,3,19,30,4,5,1,4,8,1,0,0,0,0,0,3,11,1,48,2831,0,0,1,0,0,0,0,1,0,0,216,186,1,Senior (46-60),Low Income,Active (0-30d),Silver Spender,Small Family (1 Kid),Single,Graduation,Long-term Member,Wines,246,1,Occasional Responder,Campaign 3
57183.0,1,1,51,464,5,64,7,0,70,8,9,1,7,8,0,0,0,0,0,0,3,11,0,54,2626,0,1,0,0,0,0,0,0,1,0,540,470,0,Senior (46-60),Medium Income,At-Risk (31-60d),Silver Spender,Large Family (>1 Kid),Married,Master,Established,Wines,610,0,Never Accepted,No Acceptance
23748.0,1,0,97,6,6,29,12,15,8,3,2,1,3,8,0,0,0,0,0,0,3,11,0,52,2744,1,0,0,0,0,0,0,0,1,0,68,60,0,Senior (46-60),Low Income,Inactive (>60d),Bronze Spender,Small Family (1 Kid),Divorced,Master,Long-term Member,MeatProducts,76,0,Never Accepted,No Acceptance
66303.0,0,1,56,1090,12,96,16,12,60,4,3,4,11,8,0,1,0,0,0,0,3,11,0,49,2647,0,1,0,0,0,0,0,1,0,0,1226,1166,1,Senior (46-60),High Income,At-Risk (31-60d),Gold Spender,Small Family (1 Kid),Married,Graduation,Long-term Member,Wines,1286,1,Occasional Responder,Campaign 4
37368.0,1,0,4,3,2,11,2,2,10,1,1,0,2,6,1,0,0,0,0,0,3,11,0,45,2354,0,1,0,0,0,0,0,0,1,0,20,10,1,Middle-Aged (31-45),Low Income,Active (0-30d),Bronze Spender,Small Family (1 Kid),Married,Master,New Member,MeatProducts,30,1,Occasional Responder,Campaign 3
40800.0,1,2,77,24,0,27,8,30,10,2,3,0,3,7,0,0,0,0,0,1,3,11,0,56,2703,0,1,0,0,0,0,0,1,0,0,89,79,0,Senior (46-60),Medium Income,Inactive (>60d),Bronze Spender,Large Family (>1 Kid),Married,Graduation,Long-term Member,SweetProducts,99,0,Never Accepted,No Acceptance
71847.0,0,0,95,737,21,106,55,63,210,0,6,7,9,3,0,0,0,1,0,0,3,11,0,42,2805,1,0,0,0,0,0,0,1,0,0,982,772,1,Middle-Aged (31-45),High Income,Inactive (>60d),Gold Spender,No Children,Divorced,Graduation,Long-term Member,Wines,1192,1,Occasional Responder,Campaign 1
46149.0,0,1,36,254,6,71,4,0,27,5,5,1,7,5,0,0,0,0,0,0,3,11,0,45,2371,0,1,0,0,0,0,0,1,0,0,335,308,0,Middle-Aged (31-45),Medium Income,At-Risk (31-60d),Silver Spender,Small Family (1 Kid),Married,Graduation,New Member,Wines,362,0,Never Accepted,No Acceptance
78687.0,0,0,13,817,185,687,145,55,241,1,4,6,8,2,0,0,1,0,0,0,3,11,1,37,2848,0,0,0,1,0,0,0,1,0,0,1889,1648,1,Middle-Aged (31-45),High Income,Active (0-30d),Gold Spender,No Children,Together,Graduation,Long-term Member,Wines,2130,1,Occasional Responder,Campaign 5
49118.0,0,0,90,620,54,239,99,98,119,2,9,7,10,7,0,1,0,0,1,0,3,11,1,49,2839,1,0,0,0,0,1,0,0,0,0,1110,991,2,Senior (46-60),Medium Income,Inactive (>60d),Gold Spender,No Children,Divorced,2n Cycle,Long-term Member,Wines,1229,2,Occasional Responder,Campaign 2
37633.0,1,1,49,13,4,20,0,0,1,2,1,0,3,9,0,0,0,0,0,0,3,11,0,63,2806,0,1,0,0,0,0,0,0,0,1,37,36,0,Elderly (>60),Low Income,At-Risk (31-60d),Bronze Spender,Large Family (>1 Kid),Married,PhD,Long-term Member,MeatProducts,38,0,Never Accepted,No Acceptance
39767.0,0,0,18,113,61,204,34,26,47,2,7,1,7,8,0,0,0,0,0,0,3,11,0,69,2502,0,0,0,1,0,0,0,0,1,0,438,391,0,Elderly (>60),Low Income,Active (0-30d),Silver Spender,No Children,Together,Master,Established,MeatProducts,485,0,Never Accepted,No Acceptance
26997.0,0,0,89,7,23,78,133,49,144,2,4,2,5,7,0,0,0,0,0,0,3,11,0,69,2760,0,1,0,0,0,0,1,0,0,0,290,146,0,Elderly (>60),Low Income,Inactive (>60d),Silver Spender,No Children,Married,Basic,Long-term Member,GoldProds,434,0,Never Accepted,No Acceptance
33986.0,1,0,43,16,2,18,2,1,5,1,1,0,3,7,0,0,0,0,0,0,3,11,0,50,2631,1,0,0,0,0,0,0,1,0,0,39,34,0,Senior (46-60),Low Income,At-Risk (31-60d),Bronze Spender,Small Family (1 Kid),Divorced,Graduation,Long-term Member,MeatProducts,44,0,Never Accepted,No Acceptance
57091.0,0,1,82,462,0,24,6,0,4,2,9,2,5,7,0,1,0,0,0,0,3,11,1,48,2742,0,1,0,0,0,0,0,0,0,1,492,488,1,Senior (46-60),Medium Income,Inactive (>60d),Silver Spender,Small Family (1 Kid),Married,PhD,Long-term Member,Wines,496,1,Occasional Responder,Campaign 4
46831.0,1,1,84,22,2,10,6,4,34,2,1,2,2,4,0,0,0,0,0,0,3,11,0,51,2545,0,1,0,0,0,1,0,0,0,0,44,10,0,Senior (46-60),Medium Income,Inactive (>60d),Bronze Spender,Large Family (>1 Kid),Married,2n Cycle,Established,GoldProds,78,0,Never Accepted,No Acceptance
83151.0,0,0,80,968,147,842,137,42,210,1,5,7,10,2,1,0,1,1,0,0,3,11,1,48,2663,0,1,0,0,0,0,0,0,1,0,2136,1926,3,Senior (46-60),High Income,Inactive (>60d),Gold Spender,No Children,Married,Master,Long-term Member,Wines,2346,3,Campaign Enthusiast,Campaign 1
52531.0,0,0,68,283,112,151,51,72,125,2,7,2,10,6,0,0,0,0,0,0,3,11,0,49,2705,0,1,0,0,0,0,0,1,0,0,669,544,0,Senior (46-60),Medium Income,Inactive (>60d),Silver Spender,No Children,Married,Graduation,Long-term Member,Wines,794,0,Never Accepted,No Acceptance
15759.0,0,0,12,1,2,5,6,0,3,1,1,0,2,7,0,0,0,0,0,0,3,11,0,64,2456,0,1,0,0,0,0,0,1,0,0,14,11,0,Elderly (>60),Low Income,Active (0-30d),Bronze Spender,No Children,Married,Graduation,Established,FishProducts,17,0,Never Accepted,No Acceptance
22804.0,1,0,75,14,1,7,2,1,1,1,2,0,2,9,0,0,0,0,0,0,3,11,0,49,2492,0,0,1,0,0,0,0,1,0,0,25,24,0,Senior (46-60),Low Income,Inactive (>60d),Bronze Spender,Small Family (1 Kid),Single,Graduation,Established,Wines,26,0,Never Accepted,No Acceptance
43050.0,1,0,10,30,5,24,6,3,8,2,2,0,4,5,0,0,0,0,0,0,3,11,0,47,2262,0,1,0,0,0,1,0,0,0,0,68,60,0,Senior (46-60),Medium Income,Active (0-30d),Bronze Spender,Small Family (1 Kid),Married,2n Cycle,New Member,Wines,76,0,Never Accepted,No Acceptance
42997.0,1,1,91,4,0,5,0,1,5,1,1,0,2,7,0,0,0,0,0,0,3,11,0,43,2363,0,0,1,0,0,0,0,0,0,1,10,5,0,Middle-Aged (31-45),Medium Income,Inactive (>60d),Bronze Spender,Large Family (>1 Kid),Single,PhD,New Member,MeatProducts,15,0,Never Accepted,No Acceptance
48918.0,1,1,21,52,0,9,0,0,1,2,1,0,4,4,0,0,0,0,0,0,3,11,0,57,2237,0,0,1,0,0,0,0,0,0,1,61,60,0,Senior (46-60),Medium Income,Active (0-30d),Bronze Spender,Large Family (>1 Kid),Single,PhD,New Member,Wines,62,0,Never Accepted,No Acceptance
60033.0,0,1,28,62,1,57,19,11,48,2,2,1,5,2,0,0,0,0,0,0,3,11,0,66,2251,0,0,0,1,0,0,0,0,1,0,150,102,0,Elderly (>60),Medium Income,Active (0-30d),Silver Spender,Small Family (1 Kid),Together,Master,New Member,Wines,198,0,Never Accepted,No Acceptance
34043.0,1,0,97,20,2,14,3,0,10,1,2,0,2,9,0,0,0,0,0,0,3,11,0,42,2406,0,0,0,1,0,0,0,0,0,1,39,29,0,Middle-Aged (31-45),Low Income,Inactive (>60d),Bronze Spender,Small Family (1 Kid),Together,PhD,Established,Wines,49,0,Never Accepted,No Acceptance
57811.0,0,1,49,545,7,114,37,21,78,5,7,2,11,5,0,1,0,0,0,0,3,11,0,54,2529,0,0,0,1,0,0,0,1,0,0,724,646,1,Senior (46-60),Medium Income,At-Risk (31-60d),Silver Spender,Small Family (1 Kid),Together,Graduation,Established,Wines,802,1,Occasional Responder,Campaign 4
78569.0,0,0,14,558,79,622,207,175,95,1,4,6,4,1,0,0,1,0,0,0,3,11,1,74,2289,0,1,0,0,0,0,0,1,0,0,1641,1546,1,Elderly (>60),High Income,Active (0-30d),Gold Spender,No Children,Married,Graduation,New Member,MeatProducts,1736,1,Occasional Responder,Campaign 5
7500.0,1,1,5,6,5,4,13,4,25,4,2,1,3,6,0,0,0,0,0,0,3,11,0,42,2708,0,0,1,0,0,0,0,1,0,0,32,7,0,Middle-Aged (31-45),Low Income,Active (0-30d),Bronze Spender,Large Family (>1 Kid),Single,Graduation,Long-term Member,GoldProds,57,0,Never Accepted,No Acceptance
23148.0,0,0,83,4,6,8,6,3,10,1,2,0,3,7,0,0,0,0,0,0,3,11,0,35,2290,0,1,0,0,0,1,0,0,0,0,27,17,0,Middle-Aged (31-45),Low Income,Inactive (>60d),Bronze Spender,No Children,Married,2n Cycle,New Member,GoldProds,37,0,Never Accepted,No Acceptance
44267.0,1,1,48,183,5,65,3,5,49,5,5,2,4,9,0,0,0,0,0,0,3,11,0,50,2648,1,0,0,0,0,0,0,1,0,0,261,212,0,Senior (46-60),Medium Income,At-Risk (31-60d),Silver Spender,Large Family (>1 Kid),Divorced,Graduation,Long-term Member,Wines,310,0,Never Accepted,No Acceptance
71626.0,0,0,94,546,72,376,94,145,72,1,5,5,8,3,0,1,0,0,0,0,3,11,0,41,2764,0,1,0,0,0,0,0,1,0,0,1233,1161,1,Middle-Aged (31-45),High Income,Inactive (>60d),Gold Spender,No Children,Married,Graduation,Long-term Member,Wines,1305,1,Occasional Responder,Campaign 4
60894.0,0,1,61,606,7,155,10,0,54,5,10,3,8,7,0,0,0,0,0,0,3,11,0,54,2525,0,0,0,1,0,0,0,1,0,0,778,724,0,Senior (46-60),Medium Income,Inactive (>60d),Gold Spender,Small Family (1 Kid),Together,Graduation,Established,Wines,832,0,Never Accepted,No Acceptance
50200.0,1,1,70,266,6,51,8,6,64,6,7,1,5,8,0,0,0,0,0,0,3,11,0,44,2611,0,0,0,1,0,0,0,1,0,0,337,273,0,Middle-Aged (31-45),Medium Income,Inactive (>60d),Silver Spender,Large Family (>1 Kid),Together,Graduation,Established,Wines,401,0,Never Accepted,No Acceptance
81051.0,0,0,43,1142,29,249,38,29,14,1,5,5,12,2,0,1,1,0,0,0,3,11,0,55,2196,0,1,0,0,0,0,0,0,0,1,1487,1473,2,Senior (46-60),High Income,At-Risk (31-60d),Gold Spender,No Children,Married,PhD,New Member,Wines,1501,2,Occasional Responder,Campaign 4
65169.0,0,0,23,1074,0,69,0,0,46,1,10,4,13,6,1,0,1,1,1,0,3,11,1,38,2325,0,1,0,0,0,0,0,1,0,0,1143,1097,4,Middle-Aged (31-45),High Income,Active (0-30d),Gold Spender,No Children,Married,Graduation,New Member,Wines,1189,4,Campaign Enthusiast,Campaign 1
59868.0,0,1,37,771,51,154,54,10,154,7,11,2,12,6,0,0,0,0,0,0,3,11,0,48,2501,0,0,0,1,0,0,0,1,0,0,1040,886,0,Senior (46-60),Medium Income,At-Risk (31-60d),Gold Spender,Small Family (1 Kid),Together,Graduation,Established,Wines,1194,0,Never Accepted,No Acceptance
65695.0,0,1,50,371,32,189,0,58,6,2,5,4,10,4,0,0,0,0,0,0,3,11,0,60,2308,0,1,0,0,0,0,0,0,0,1,650,644,0,Senior (46-60),High Income,At-Risk (31-60d),Silver Spender,Small Family (1 Kid),Married,PhD,New Member,Wines,656,0,Never Accepted,No Acceptance
64857.0,0,0,78,556,14,717,210,0,43,1,7,5,10,4,0,0,0,0,0,0,3,11,0,64,2742,0,0,1,0,0,0,0,0,1,0,1497,1454,0,Elderly (>60),High Income,Inactive (>60d),Gold Spender,No Children,Single,Master,Long-term Member,MeatProducts,1540,0,Never Accepted,No Acceptance
45143.0,0,1,74,202,5,74,11,5,14,3,6,1,5,7,0,0,0,0,0,0,3,11,0,55,2466,0,0,0,1,0,0,0,0,1,0,297,283,0,Senior (46-60),Medium Income,Inactive (>60d),Silver Spender,Small Family (1 Kid),Together,Master,Established,Wines,311,0,Never Accepted,No Acceptance
74805.0,0,1,14,209,162,209,41,162,37,5,4,7,10,2,0,0,0,0,0,0,3,11,0,65,2394,0,0,0,1,0,1,0,0,0,0,783,746,0,Elderly (>60),High Income,Active (0-30d),Gold Spender,Small Family (1 Kid),Together,2n Cycle,New Member,Wines,820,0,Never Accepted,No Acceptance
59060.0,1,0,77,35,40,111,36,40,12,3,3,1,7,4,0,0,0,0,0,0,3,11,0,31,2328,0,1,0,0,0,1,0,0,0,0,262,250,0,Middle-Aged (31-45),Medium Income,Inactive (>60d),Silver Spender,Small Family (1 Kid),Married,2n Cycle,New Member,MeatProducts,274,0,Never Accepted,No Acceptance
27238.0,1,1,39,37,0,17,0,0,3,3,3,0,3,9,0,0,0,0,0,0,3,11,0,58,2594,0,0,1,0,0,0,0,0,0,1,54,51,0,Senior (46-60),Low Income,At-Risk (31-60d),Bronze Spender,Large Family (>1 Kid),Single,PhD,Established,Wines,57,0,Never Accepted,No Acceptance
47009.0,0,1,89,171,45,73,59,10,90,4,3,2,8,4,0,0,0,0,0,0,3,11,0,55,2430,0,0,0,1,0,0,0,1,0,0,358,268,0,Senior (46-60),Medium Income,Inactive (>60d),Silver Spender,Small Family (1 Kid),Together,Graduation,Established,Wines,448,0,Never Accepted,No Acceptance
46094.0,1,1,62,12,2,20,3,2,5,1,1,0,3,7,0,0,0,0,0,0,3,11,0,47,2178,0,1,0,0,0,1,0,0,0,0,39,34,0,Senior (46-60),Medium Income,Inactive (>60d),Bronze Spender,Large Family (>1 Kid),Married,2n Cycle,New Member,MeatProducts,44,0,Never Accepted,No Acceptance
40321.0,1,1,59,44,4,21,6,0,27,2,3,0,3,7,0,0,0,0,0,0,3,11,0,48,2494,0,1,0,0,0,0,0,1,0,0,75,48,0,Senior (46-60),Medium Income,At-Risk (31-60d),Bronze Spender,Large Family (>1 Kid),Married,Graduation,Established,Wines,102,0,Never Accepted,No Acceptance
37235.0,1,0,68,20,2,9,4,6,20,1,1,1,2,4,0,0,0,0,0,0,3,11,0,36,2307,0,0,0,1,0,0,0,1,0,0,41,21,0,Middle-Aged (31-45),Low Income,Inactive (>60d),Bronze Spender,Small Family (1 Kid),Together,Graduation,New Member,Wines,61,0,Never Accepted,No Acceptance
81843.0,0,0,13,779,86,537,34,69,138,1,5,9,12,3,0,0,0,0,0,0,3,11,0,60,2592,0,1,0,0,0,0,0,0,1,0,1505,1367,0,Senior (46-60),High Income,Active (0-30d),Gold Spender,No Children,Married,Master,Established,Wines,1643,0,Never Accepted,No Acceptance
46692.0,0,1,37,170,6,97,24,12,88,3,6,1,5,6,0,0,0,0,0,0,3,11,0,62,2547,0,0,0,1,0,0,0,0,1,0,309,221,0,Elderly (>60),Medium Income,At-Risk (31-60d),Silver Spender,Small Family (1 Kid),Together,Master,Established,Wines,397,0,Never Accepted,No Acceptance
77382.0,0,1,36,491,48,231,112,105,134,2,5,7,12,1,0,0,1,0,0,0,3,11,0,52,2332,0,0,0,1,0,0,0,1,0,0,987,853,1,Senior (46-60),High Income,At-Risk (31-60d),Gold Spender,Small Family (1 Kid),Together,Graduation,New Member,Wines,1121,1,Occasional Responder,Campaign 5
37774.0,2,0,28,173,8,107,7,2,176,4,7,2,3,9,1,0,0,0,0,1,3,11,1,43,2823,0,0,1,0,0,0,0,1,0,0,297,121,1,Middle-Aged (31-45),Low Income,Active (0-30d),Silver Spender,Large Family (>1 Kid),Single,Graduation,Long-term Member,GoldProds,473,1,Occasional Responder,Campaign 3
18393.0,1,0,2,7,10,13,16,0,4,2,3,0,3,8,0,0,0,0,0,0,3,11,0,46,2251,0,1,0,0,0,0,1,0,0,0,46,42,0,Senior (46-60),Low Income,Active (0-30d),Bronze Spender,Small Family (1 Kid),Married,Basic,New Member,FishProducts,50,0,Never Accepted,No Acceptance
72828.0,0,1,17,1205,0,235,19,14,205,6,6,3,13,7,0,0,0,0,0,0,3,11,0,58,2659,0,1,0,0,0,0,0,0,1,0,1473,1268,0,Senior (46-60),High Income,Active (0-30d),Gold Spender,Small Family (1 Kid),Married,Master,Long-term Member,Wines,1678,0,Never Accepted,No Acceptance
24711.0,0,0,86,10,7,25,6,3,7,1,3,0,3,7,0,0,0,0,0,0,3,11,0,38,2231,0,1,0,0,0,0,0,1,0,0,51,44,0,Middle-Aged (31-45),Low Income,Inactive (>60d),Bronze Spender,No Children,Married,Graduation,New Member,MeatProducts,58,0,Never Accepted,No Acceptance
45503.0,1,0,54,97,4,44,6,1,18,1,3,1,4,5,0,0,0,0,0,0,3,11,0,45,2436,0,1,0,0,0,0,0,0,0,1,152,134,0,Middle-Aged (31-45),Medium Income,At-Risk (31-60d),Silver Spender,Small Family (1 Kid),Married,PhD,Established,Wines,170,0,Never Accepted,No Acceptance
6560.0,0,0,2,67,11,26,4,3,262,0,1,0,1,17,0,0,0,0,0,0,3,11,0,38,2358,0,0,1,0,0,0,0,0,1,0,111,-151,0,Middle-Aged (31-45),Low Income,Active (0-30d),Silver Spender,No Children,Single,Master,New Member,GoldProds,373,0,Never Accepted,No Acceptance
71604.0,0,0,3,345,53,528,98,75,97,1,8,3,5,4,1,0,0,0,0,0,3,11,1,75,2383,0,0,0,1,0,0,0,0,0,1,1099,1002,1,Elderly (>60),High Income,Active (0-30d),Gold Spender,No Children,Together,PhD,New Member,MeatProducts,1196,1,Occasional Responder,Campaign 3
27244.0,1,0,84,6,5,17,3,24,46,2,2,2,2,7,0,0,0,0,0,0,3,11,0,41,2273,0,1,0,0,0,0,0,1,0,0,55,9,0,Middle-Aged (31-45),Low Income,Inactive (>60d),Bronze Spender,Small Family (1 Kid),Married,Graduation,New Member,GoldProds,101,0,Never Accepted,No Acceptance
48752.0,1,1,8,73,57,100,71,15,0,5,6,1,5,9,0,0,0,0,0,0,3,11,1,51,2723,0,1,0,0,0,0,0,1,0,0,316,316,0,Senior (46-60),Medium Income,Active (0-30d),Silver Spender,Large Family (>1 Kid),Married,Graduation,Long-term Member,MeatProducts,316,0,Never Accepted,No Acceptance
71434.0,0,1,4,711,36,217,172,96,168,3,7,4,7,4,0,1,0,1,0,0,3,11,0,58,2443,0,1,0,0,0,0,0,1,0,0,1232,1064,2,Senior (46-60),High Income,Active (0-30d),Gold Spender,Small Family (1 Kid),Married,Graduation,Established,Wines,1400,2,Occasional Responder,Campaign 1
90842.0,0,0,57,774,70,118,182,187,93,1,4,9,13,1,0,0,0,0,0,0,3,11,0,72,2494,0,0,1,0,0,0,0,1,0,0,1331,1238,0,Elderly (>60),High Income,At-Risk (31-60d),Gold Spender,No Children,Single,Graduation,Established,Wines,1424,0,Never Accepted,No Acceptance
88097.0,1,0,24,163,0,480,0,126,75,1,6,5,8,9,0,1,1,1,0,0,3,11,1,42,2839,0,1,0,0,0,0,0,0,1,0,769,694,3,Middle-Aged (31-45),High Income,Active (0-30d),Gold Spender,Small Family (1 Kid),Married,Master,Long-term Member,MeatProducts,844,3,Campaign Enthusiast,Campaign 1
51948.0,0,1,51,82,33,54,71,30,41,2,5,2,4,5,0,0,0,0,0,0,3,11,0,45,2444,0,1,0,0,0,0,0,1,0,0,270,229,0,Middle-Aged (31-45),Medium Income,At-Risk (31-60d),Silver Spender,Small Family (1 Kid),Married,Graduation,Established,Wines,311,0,Never Accepted,No Acceptance
71853.0,0,0,29,358,108,413,141,97,32,1,2,8,6,1,0,0,0,0,0,0,3,11,0,38,2576,0,0,0,1,0,0,0,1,0,0,1117,1085,0,Middle-Aged (31-45),High Income,Active (0-30d),Gold Spender,No Children,Together,Graduation,Established,MeatProducts,1149,0,Never Accepted,No Acceptance
35876.0,0,0,13,66,2,40,4,3,14,1,3,1,3,6,0,0,0,0,0,0,3,11,0,37,2229,0,1,0,0,0,0,0,0,1,0,115,101,0,Middle-Aged (31-45),Low Income,Active (0-30d),Silver Spender,No Children,Married,Master,New Member,Wines,129,0,Never Accepted,No Acceptance
40049.0,0,1,23,13,6,7,0,3,3,1,1,0,3,6,0,0,0,0,0,0,3,11,0,68,2415,0,0,0,0,1,0,0,1,0,0,29,26,0,Elderly (>60),Medium Income,Active (0-30d),Bronze Spender,Small Family (1 Kid),Widow,Graduation,Established,Wines,32,0,Never Accepted,No Acceptance
39660.0,1,0,36,139,13,78,20,13,36,3,7,1,3,9,0,0,0,0,0,0,3,11,1,38,2849,0,0,1,0,0,0,0,1,0,0,263,227,0,Middle-Aged (31-45),Low Income,At-Risk (31-60d),Silver Spender,Small Family (1 Kid),Single,Graduation,Long-term Member,Wines,299,0,Never Accepted,No Acceptance
50127.0,0,1,88,274,0,21,4,6,15,1,5,1,6,6,0,1,0,0,0,0,3,11,0,58,2190,0,0,0,1,0,0,0,1,0,0,305,290,1,Senior (46-60),Medium Income,Inactive (>60d),Silver Spender,Small Family (1 Kid),Together,Graduation,New Member,Wines,320,1,Occasional Responder,Campaign 4
43263.0,0,1,2,262,6,61,0,10,102,3,5,2,6,5,0,0,0,0,0,0,3,11,0,43,2744,0,1,0,0,0,0,0,0,1,0,339,237,0,Middle-Aged (31-45),Medium Income,Active (0-30d),Silver Spender,Small Family (1 Kid),Married,Master,Long-term Member,Wines,441,0,Never Accepted,No Acceptance
62845.0,1,1,3,1099,0,45,0,0,34,11,3,4,10,8,0,1,0,0,0,0,3,11,1,71,2795,0,1,0,0,0,0,0,0,1,0,1144,1110,1,Elderly (>60),High Income,Active (0-30d),Gold Spender,Large Family (>1 Kid),Married,Master,Long-term Member,Wines,1178,1,Occasional Responder,Campaign 4
18929.0,0,0,15,32,0,8,23,4,18,1,1,0,4,6,0,0,0,0,0,0,3,11,0,30,2657,0,1,0,0,0,0,0,1,0,0,67,49,0,Young Adult (<30),Low Income,Active (0-30d),Bronze Spender,No Children,Married,Graduation,Long-term Member,Wines,85,0,Never Accepted,No Acceptance
24367.0,1,0,58,2,4,2,0,11,5,1,1,0,2,9,0,0,0,0,0,0,3,11,0,38,2625,0,0,1,0,0,0,1,0,0,0,19,14,0,Middle-Aged (31-45),Low Income,At-Risk (31-60d),Bronze Spender,Small Family (1 Kid),Single,Basic,Established,SweetProducts,24,0,Never Accepted,No Acceptance
33249.0,1,0,11,6,10,21,19,14,42,2,2,1,3,6,0,0,0,0,0,0,3,11,0,45,2653,0,0,1,0,0,0,0,1,0,0,70,28,0,Middle-Aged (31-45),Low Income,Active (0-30d),Bronze Spender,Small Family (1 Kid),Single,Graduation,Long-term Member,GoldProds,112,0,Never Accepted,No Acceptance
26887.0,0,1,27,6,7,4,3,4,6,1,1,0,3,6,0,0,0,0,0,0,3,11,0,61,2663,0,1,0,0,0,1,0,0,0,0,24,18,0,Elderly (>60),Low Income,Active (0-30d),Bronze Spender,Small Family (1 Kid),Married,2n Cycle,Long-term Member,Fruits,30,0,Never Accepted,No Acceptance
50150.0,0,0,32,135,46,92,65,61,11,2,5,2,7,5,0,0,0,0,0,0,3,11,0,37,2533,0,1,0,0,0,0,0,0,0,1,399,388,0,Middle-Aged (31-45),Medium Income,At-Risk (31-60d),Silver Spender,No Children,Married,PhD,Established,Wines,410,0,Never Accepted,No Acceptance
62061.0,0,1,12,641,7,84,0,30,38,3,10,4,7,6,0,1,0,0,0,0,3,11,0,44,2461,0,0,0,1,0,0,0,1,0,0,762,724,1,Middle-Aged (31-45),Medium Income,Active (0-30d),Gold Spender,Small Family (1 Kid),Together,Graduation,Established,Wines,800,1,Occasional Responder,Campaign 4
85696.0,0,0,88,714,76,395,116,0,12,1,4,6,9,1,0,0,0,0,0,0,3,11,1,58,2581,1,0,0,0,0,0,0,0,0,1,1301,1289,0,Senior (46-60),High Income,Inactive (>60d),Gold Spender,No Children,Divorced,PhD,Established,Wines,1313,0,Never Accepted,No Acceptance
76542.0,0,0,91,794,73,573,0,29,14,1,4,8,10,2,0,0,0,0,0,0,3,11,0,64,2615,0,0,0,1,0,0,0,0,0,1,1469,1455,0,Elderly (>60),High Income,Inactive (>60d),Gold Spender,No Children,Together,PhD,Established,Wines,1483,0,Never Accepted,No Acceptance
70515.0,0,0,12,420,0,452,182,64,140,1,6,6,4,2,0,0,0,0,0,0,3,11,1,27,2410,0,0,1,0,0,0,0,1,0,0,1118,978,0,Young Adult (<30),High Income,Active (0-30d),Gold Spender,No Children,Single,Graduation,Established,MeatProducts,1258,0,Never Accepted,No Acceptance
18227.0,1,0,21,1,2,7,4,3,11,1,0,1,2,8,0,0,0,0,0,0,3,11,0,33,2757,0,0,0,1,0,0,0,1,0,0,17,6,0,Middle-Aged (31-45),Low Income,Active (0-30d),Bronze Spender,Small Family (1 Kid),Together,Graduation,Long-term Member,GoldProds,28,0,Never Accepted,No Acceptance
69139.0,0,1,23,86,12,75,33,15,6,1,4,1,5,4,0,0,0,0,0,0,3,11,0,55,2312,0,1,0,0,0,0,0,1,0,0,221,215,0,Senior (46-60),High Income,Active (0-30d),Silver Spender,Small Family (1 Kid),Married,Graduation,New Member,Wines,227,0,Never Accepted,No Acceptance
69109.0,0,0,10,823,25,459,124,29,95,1,6,6,7,4,0,0,1,0,0,0,3,11,1,38,2756,0,1,0,0,0,0,0,1,0,0,1460,1365,1,Middle-Aged (31-45),High Income,Active (0-30d),Gold Spender,No Children,Married,Graduation,Long-term Member,Wines,1555,1,Occasional Responder,Campaign 5
69627.0,0,1,35,231,161,215,171,30,53,2,8,2,11,5,0,0,0,0,0,0,3,11,0,58,2628,0,0,1,0,0,0,0,1,0,0,808,755,0,Senior (46-60),High Income,At-Risk (31-60d),Gold Spender,Small Family (1 Kid),Single,Graduation,Established,Wines,861,0,Never Accepted,No Acceptance
38136.0,1,0,69,8,15,27,0,20,33,2,3,1,2,8,1,0,0,0,0,0,3,11,0,42,2592,0,1,0,0,0,0,0,1,0,0,70,37,1,Middle-Aged (31-45),Low Income,Inactive (>60d),Bronze Spender,Small Family (1 Kid),Married,Graduation,Established,GoldProds,103,1,Occasional Responder,Campaign 3
62159.0,0,0,68,182,17,259,77,70,29,1,6,2,10,4,0,0,0,0,0,0,3,11,0,74,2221,0,0,1,0,0,0,0,0,0,1,605,576,0,Elderly (>60),Medium Income,Inactive (>60d),Silver Spender,No Children,Single,PhD,New Member,MeatProducts,634,0,Never Accepted,No Acceptance
80695.0,0,0,85,557,129,984,193,37,18,1,5,8,5,2,0,0,0,0,0,0,3,11,0,57,2341,0,0,1,0,0,0,0,1,0,0,1900,1882,0,Senior (46-60),High Income,Inactive (>60d),Gold Spender,No Children,Single,Graduation,New Member,MeatProducts,1918,0,Never Accepted,No Acceptance
33316.0,1,1,34,79,1,31,4,4,12,3,2,1,4,6,0,0,0,0,0,0,3,11,0,49,2427,0,0,1,0,0,0,0,0,1,0,119,107,0,Senior (46-60),Low Income,At-Risk (31-60d),Silver Spender,Large Family (>1 Kid),Single,Master,Established,Wines,131,0,Never Accepted,No Acceptance
58554.0,1,1,55,368,24,68,38,0,88,6,8,2,6,7,0,0,0,0,0,0,3,11,0,52,2800,0,0,0,1,0,0,0,1,0,0,498,410,0,Senior (46-60),Medium Income,At-Risk (31-60d),Silver Spender,Large Family (>1 Kid),Together,Graduation,Long-term Member,Wines,586,0,Never Accepted,No Acceptance
17256.0,1,0,10,6,4,14,8,8,22,2,2,1,2,8,1,0,0,0,0,0,3,11,0,28,2377,0,1,0,0,0,0,1,0,0,0,40,18,1,Young Adult (<30),Low Income,Active (0-30d),Bronze Spender,Small Family (1 Kid),Married,Basic,New Member,GoldProds,62,1,Occasional Responder,Campaign 3
53034.0,1,1,30,160,15,196,15,11,50,8,6,1,7,8,0,0,0,0,0,0,3,11,0,46,2554,1,0,0,0,0,0,0,1,0,0,397,347,0,Senior (46-60),Medium Income,Active (0-30d),Silver Spender,Large Family (>1 Kid),Divorced,Graduation,Established,MeatProducts,447,0,Never Accepted,No Acceptance
52203.0,0,0,36,488,21,238,56,108,28,1,8,7,11,6,0,0,0,0,0,0,3,11,0,70,2857,0,0,0,1,0,1,0,0,0,0,911,883,0,Elderly (>60),Medium Income,At-Risk (31-60d),Gold Spender,No Children,Together,2n Cycle,Long-term Member,Wines,939,0,Never Accepted,No Acceptance
59601.0,0,1,14,691,7,69,0,7,23,4,2,2,7,8,0,1,0,0,0,0,3,11,0,43,2498,1,0,0,0,0,1,0,0,0,0,774,751,1,Middle-Aged (31-45),Medium Income,Active (0-30d),Gold Spender,Small Family (1 Kid),Divorced,2n Cycle,Established,Wines,797,1,Occasional Responder,Campaign 4
75154.0,0,1,79,543,10,205,160,143,82,1,6,3,6,3,0,0,0,0,0,0,3,11,1,62,2822,0,0,1,0,0,0,0,0,1,0,1061,979,0,Elderly (>60),High Income,Inactive (>60d),Gold Spender,Small Family (1 Kid),Single,Master,Long-term Member,Wines,1143,0,Never Accepted,No Acceptance
47025.0,0,1,52,254,7,108,20,0,26,3,6,3,5,6,0,0,0,0,0,0,3,11,0,44,2393,0,0,1,0,0,0,0,1,0,0,389,363,0,Middle-Aged (31-45),Medium Income,At-Risk (31-60d),Silver Spender,Small Family (1 Kid),Single,Graduation,New Member,Wines,415,0,Never Accepted,No Acceptance
37971.0,1,0,97,5,4,10,2,2,7,1,1,0,3,8,0,0,0,0,0,0,3,11,0,47,2375,0,1,0,0,0,0,0,1,0,0,23,16,0,Senior (46-60),Low Income,Inactive (>60d),Bronze Spender,Small Family (1 Kid),Married,Graduation,New Member,MeatProducts,30,0,Never Accepted,No Acceptance
41335.0,1,0,24,112,19,21,16,14,5,3,4,1,4,7,0,0,0,0,0,0,3,11,0,52,2344,1,0,0,0,0,0,0,0,1,0,182,177,0,Senior (46-60),Medium Income,Active (0-30d),Silver Spender,Small Family (1 Kid),Divorced,Master,New Member,Wines,187,0,Never Accepted,No Acceptance
67267.0,0,1,0,134,11,59,15,2,30,1,3,2,5,2,0,0,0,0,0,0,3,11,0,62,2206,0,1,0,0,0,0,0,1,0,0,221,191,0,Elderly (>60),High Income,Active (0-30d),Silver Spender,Small Family (1 Kid),Married,Graduation,New Member,Wines,251,0,Never Accepted,No Acceptance
57338.0,0,1,96,143,6,52,11,8,17,2,4,1,5,5,0,0,0,0,0,0,3,11,0,45,2220,0,0,1,0,0,0,0,1,0,0,220,203,0,Middle-Aged (31-45),Medium Income,Inactive (>60d),Silver Spender,Small Family (1 Kid),Single,Graduation,New Member,Wines,237,0,Never Accepted,No Acceptance
50523.0,1,1,89,51,4,24,4,7,1,2,2,0,4,6,0,0,0,0,0,0,3,11,0,60,2345,0,0,0,1,0,1,0,0,0,0,90,89,0,Senior (46-60),Medium Income,Inactive (>60d),Bronze Spender,Large Family (>1 Kid),Together,2n Cycle,New Member,Wines,91,0,Never Accepted,No Acceptance
35791.0,2,1,94,27,0,5,0,0,3,2,1,0,3,8,0,0,0,0,0,0,3,11,0,55,2578,0,0,1,0,0,0,0,0,1,0,32,29,0,Senior (46-60),Low Income,Inactive (>60d),Bronze Spender,Large Family (>1 Kid),Single,Master,Established,Wines,35,0,Never Accepted,No Acceptance
50611.0,0,1,98,459,0,24,6,0,4,6,4,5,7,6,0,1,0,0,0,0,3,11,0,60,2792,1,0,0,0,0,0,0,0,0,1,489,485,1,Senior (46-60),Medium Income,Inactive (>60d),Silver Spender,Small Family (1 Kid),Divorced,PhD,Long-term Member,Wines,493,1,Occasional Responder,Campaign 4
56242.0,0,1,72,689,8,167,11,8,88,5,8,4,11,6,0,0,0,0,0,0,3,11,0,51,2642,0,1,0,0,0,0,0,0,0,1,883,795,0,Senior (46-60),Medium Income,Inactive (>60d),Gold Spender,Small Family (1 Kid),Married,PhD,Long-term Member,Wines,971,0,Never Accepted,No Acceptance
48904.0,0,1,1,283,10,38,0,13,27,4,7,2,4,8,0,0,0,0,0,0,3,11,0,60,2733,0,0,1,0,0,0,0,1,0,0,344,317,0,Senior (46-60),Medium Income,Active (0-30d),Silver Spender,Small Family (1 Kid),Single,Graduation,Long-term Member,Wines,371,0,Never Accepted,No Acceptance
56243.0,1,2,26,347,0,35,4,3,7,6,4,2,8,5,0,0,0,0,0,0,3,11,0,45,2340,0,0,1,0,0,0,0,1,0,0,389,382,0,Middle-Aged (31-45),Medium Income,Active (0-30d),Silver Spender,Large Family (>1 Kid),Single,Graduation,New Member,Wines,396,0,Never Accepted,No Acceptance
21355.0,1,0,5,5,13,14,0,5,31,2,2,1,2,6,1,0,0,0,0,0,3,11,1,35,2472,0,1,0,0,0,0,0,1,0,0,37,6,1,Middle-Aged (31-45),Low Income,Active (0-30d),Bronze Spender,Small Family (1 Kid),Married,Graduation,Established,GoldProds,68,1,Occasional Responder,Campaign 3
57420.0,0,1,22,280,0,18,0,0,24,3,5,1,6,7,0,1,0,0,0,0,3,11,0,49,2528,0,0,0,1,0,0,0,0,1,0,298,274,1,Senior (46-60),Medium Income,Active (0-30d),Silver Spender,Small Family (1 Kid),Together,Master,Established,Wines,322,1,Occasional Responder,Campaign 4
46390.0,0,1,56,95,14,64,2,9,38,1,4,2,3,7,0,0,0,0,0,0,3,11,0,65,2214,1,0,0,0,0,0,0,0,1,0,184,146,0,Elderly (>60),Medium Income,At-Risk (31-60d),Silver Spender,Small Family (1 Kid),Divorced,Master,New Member,Wines,222,0,Never Accepted,No Acceptance
54342.0,1,1,74,84,10,34,11,10,28,4,3,1,4,6,0,0,0,0,0,0,3,11,0,64,2520,0,0,0,1,0,1,0,0,0,0,149,121,0,Elderly (>60),Medium Income,Inactive (>60d),Silver Spender,Large Family (>1 Kid),Together,2n Cycle,Established,Wines,177,0,Never Accepted,No Acceptance
20895.0,1,0,24,18,3,17,3,0,4,1,2,0,3,9,0,0,0,0,0,0,3,11,0,47,2790,0,1,0,0,0,0,0,1,0,0,41,37,0,Senior (46-60),Low Income,Active (0-30d),Bronze Spender,Small Family (1 Kid),Married,Graduation,Long-term Member,Wines,45,0,Never Accepted,No Acceptance
92344.0,0,0,9,992,24,694,51,19,119,0,5,10,5,1,1,0,1,0,0,0,3,11,0,72,2324,0,1,0,0,0,0,0,1,0,0,1780,1661,2,Elderly (>60),High Income,Active (0-30d),Gold Spender,No Children,Married,Graduation,New Member,Wines,1899,2,Occasional Responder,Campaign 3
26907.0,1,1,10,9,1,7,0,3,2,2,1,0,3,7,0,0,0,0,0,0,3,11,0,44,2472,0,0,0,1,0,1,0,0,0,0,20,18,0,Middle-Aged (31-45),Low Income,Active (0-30d),Bronze Spender,Large Family (>1 Kid),Together,2n Cycle,Established,Wines,22,0,Never Accepted,No Acceptance
44964.0,1,1,35,19,1,17,2,0,2,1,1,0,3,8,0,0,0,0,0,0,3,11,0,40,2719,0,0,0,1,0,0,0,1,0,0,39,37,0,Middle-Aged (31-45),Medium Income,At-Risk (31-60d),Bronze Spender,Large Family (>1 Kid),Together,Graduation,Long-term Member,Wines,41,0,Never Accepted,No Acceptance
75507.0,0,0,56,709,93,374,104,80,80,1,8,6,6,3,0,0,0,0,0,0,3,11,0,41,2217,0,0,0,1,0,0,0,1,0,0,1360,1280,0,Middle-Aged (31-45),High Income,At-Risk (31-60d),Gold Spender,No Children,Together,Graduation,New Member,Wines,1440,0,Never Accepted,No Acceptance
53761.0,1,1,7,158,0,76,13,7,71,6,4,4,3,5,0,0,0,0,0,0,3,11,0,48,2420,0,1,0,0,0,0,0,0,1,0,254,183,0,Senior (46-60),Medium Income,Active (0-30d),Silver Spender,Large Family (>1 Kid),Married,Master,Established,Wines,325,0,Never Accepted,No Acceptance
22682.0,1,0,51,10,14,29,4,2,36,3,2,1,4,4,0,0,0,0,0,0,3,11,0,47,2428,0,0,0,1,0,0,0,1,0,0,59,23,0,Senior (46-60),Low Income,At-Risk (31-60d),Bronze Spender,Small Family (1 Kid),Together,Graduation,Established,GoldProds,95,0,Never Accepted,No Acceptance
38887.0,1,0,17,25,1,13,0,0,3,1,1,0,3,7,0,0,0,0,0,0,3,11,0,48,2278,0,0,0,1,0,0,0,0,0,1,39,36,0,Senior (46-60),Low Income,Active (0-30d),Bronze Spender,Small Family (1 Kid),Together,PhD,New Member,Wines,42,0,Never Accepted,No Acceptance
41658.0,1,1,30,8,4,12,15,4,29,2,1,1,2,4,0,0,0,0,0,0,3,11,0,45,2756,0,0,1,0,0,1,0,0,0,0,43,14,0,Middle-Aged (31-45),Medium Income,Active (0-30d),Bronze Spender,Large Family (>1 Kid),Single,2n Cycle,Long-term Member,GoldProds,72,0,Never Accepted,No Acceptance
29791.0,1,0,21,14,0,6,0,0,0,2,2,0,3,5,0,0,0,0,0,0,3,11,0,48,2204,0,1,0,0,0,0,0,0,0,1,20,20,0,Senior (46-60),Low Income,Active (0-30d),Bronze Spender,Small Family (1 Kid),Married,PhD,New Member,Wines,20,0,Never Accepted,No Acceptance
63915.0,0,2,2,622,7,115,30,0,15,2,6,3,12,5,0,0,0,0,0,0,3,11,0,64,2493,0,1,0,0,0,0,0,0,1,0,774,759,0,Elderly (>60),High Income,Active (0-30d),Gold Spender,Large Family (>1 Kid),Married,Master,Established,Wines,789,0,Never Accepted,No Acceptance
39996.0,1,1,85,11,0,3,0,0,1,1,1,0,2,6,0,0,0,0,0,0,3,11,0,46,2197,1,0,0,0,0,0,0,1,0,0,14,13,0,Senior (46-60),Medium Income,Inactive (>60d),Bronze Spender,Large Family (>1 Kid),Divorced,Graduation,New Member,Wines,15,0,Never Accepted,No Acceptance
26759.0,1,0,65,25,3,16,8,5,2,2,2,1,3,6,0,0,0,0,0,0,3,11,0,48,2301,1,0,0,0,0,0,0,1,0,0,57,55,0,Senior (46-60),Low Income,Inactive (>60d),Bronze Spender,Small Family (1 Kid),Divorced,Graduation,New Member,Wines,59,0,Never Accepted,No Acceptance
63841.0,0,1,64,635,15,100,20,7,131,1,9,3,9,6,0,0,0,0,0,0,3,11,0,52,2593,1,0,0,0,0,0,0,0,1,0,777,646,0,Senior (46-60),High Income,Inactive (>60d),Gold Spender,Small Family (1 Kid),Divorced,Master,Established,Wines,908,0,Never Accepted,No Acceptance
51039.0,1,1,11,100,64,79,65,0,109,2,6,2,4,7,0,0,0,0,0,0,3,11,0,51,2725,0,1,0,0,0,0,0,0,0,1,308,199,0,Senior (46-60),Medium Income,Active (0-30d),Silver Spender,Large Family (>1 Kid),Married,PhD,Long-term Member,GoldProds,417,0,Never Accepted,No Acceptance
60544.0,1,1,92,201,2,43,3,5,35,4,5,1,5,6,0,0,0,0,0,0,3,11,0,59,2832,0,1,0,0,0,0,0,1,0,0,254,219,0,Senior (46-60),Medium Income,Inactive (>60d),Silver Spender,Large Family (>1 Kid),Married,Graduation,Long-term Member,Wines,289,0,Never Accepted,No Acceptance
65685.0,0,1,54,642,14,49,0,7,57,1,9,2,9,5,0,0,0,0,0,0,3,11,0,48,2251,0,1,0,0,0,0,0,1,0,0,712,655,0,Senior (46-60),High Income,At-Risk (31-60d),Silver Spender,Small Family (1 Kid),Married,Graduation,New Member,Wines,769,0,Never Accepted,No Acceptance
37716.0,0,1,4,97,1,41,6,2,41,2,4,1,3,7,0,0,0,0,0,0,3,11,0,67,2228,0,1,0,0,0,0,0,1,0,0,147,106,0,Elderly (>60),Low Income,Active (0-30d),Silver Spender,Small Family (1 Kid),Married,Graduation,New Member,Wines,188,0,Never Accepted,No Acceptance
36864.0,0,1,53,204,5,39,17,0,89,3,5,2,4,8,0,0,0,0,0,0,3,11,1,63,2844,0,0,1,0,0,0,0,1,0,0,265,176,0,Elderly (>60),Low Income,At-Risk (31-60d),Silver Spender,Small Family (1 Kid),Single,Graduation,Long-term Member,Wines,354,0,Never Accepted,No Acceptance
44511.0,1,0,39,513,7,133,46,14,14,6,8,4,8,8,0,0,0,0,0,0,3,11,0,50,2784,0,1,0,0,0,0,0,0,1,0,713,699,0,Senior (46-60),Medium Income,At-Risk (31-60d),Silver Spender,Small Family (1 Kid),Married,Master,Long-term Member,Wines,727,0,Never Accepted,No Acceptance
36947.0,1,1,49,88,3,21,4,1,29,4,3,0,4,9,0,0,0,0,0,0,3,11,0,53,2850,0,1,0,0,0,0,0,0,0,1,117,88,0,Senior (46-60),Low Income,At-Risk (31-60d),Silver Spender,Large Family (>1 Kid),Married,PhD,Long-term Member,Wines,146,0,Never Accepted,No Acceptance
47352.0,0,1,70,172,12,112,8,0,15,4,6,1,5,7,0,0,0,0,0,0,3,11,0,69,2603,0,0,0,1,0,0,0,0,1,0,304,289,0,Elderly (>60),Medium Income,Inactive (>60d),Silver Spender,Small Family (1 Kid),Together,Master,Established,Wines,319,0,Never Accepted,No Acceptance
67087.0,0,1,40,329,35,222,130,35,43,2,7,5,8,4,0,0,0,0,0,0,3,11,0,67,2353,0,1,0,0,0,0,0,0,1,0,751,708,0,Elderly (>60),High Income,At-Risk (31-60d),Silver Spender,Small Family (1 Kid),Married,Master,New Member,Wines,794,0,Never Accepted,No Acceptance
57045.0,0,1,40,296,13,104,11,13,17,3,4,2,9,3,0,0,0,0,0,0,3,11,0,70,2818,0,1,0,0,0,0,0,1,0,0,437,420,0,Elderly (>60),Medium Income,At-Risk (31-60d),Silver Spender,Small Family (1 Kid),Married,Graduation,Long-term Member,Wines,454,0,Never Accepted,No Acceptance
36957.0,1,1,43,100,2,16,2,1,31,4,3,2,2,9,0,0,0,0,0,0,3,11,1,67,2820,1,0,0,0,0,0,0,0,0,1,121,90,0,Elderly (>60),Low Income,At-Risk (31-60d),Silver Spender,Large Family (>1 Kid),Divorced,PhD,Long-term Member,Wines,152,0,Never Accepted,No Acceptance
69389.0,0,1,17,422,7,238,69,46,15,1,7,2,12,4,0,0,0,0,0,0,3,11,0,43,2798,0,1,0,0,0,0,0,0,0,1,782,767,0,Middle-Aged (31-45),High Income,Active (0-30d),Gold Spender,Small Family (1 Kid),Married,PhD,Long-term Member,Wines,797,0,Never Accepted,No Acceptance
80134.0,1,0,40,1218,16,272,104,0,80,2,5,3,6,6,0,1,1,1,0,0,3,11,1,48,2564,0,1,0,0,0,0,0,1,0,0,1610,1530,3,Senior (46-60),High Income,At-Risk (31-60d),Gold Spender,Small Family (1 Kid),Married,Graduation,Established,Wines,1690,3,Campaign Enthusiast,Campaign 1
43142.0,1,1,84,5,1,7,2,1,4,1,1,0,2,7,0,0,0,0,0,0,3,11,0,51,2290,0,1,0,0,0,0,0,0,1,0,16,12,0,Senior (46-60),Medium Income,Inactive (>60d),Bronze Spender,Large Family (>1 Kid),Married,Master,New Member,MeatProducts,20,0,Never Accepted,No Acceptance
80589.0,0,0,25,507,93,520,242,40,26,1,5,10,5,1,0,0,0,1,0,0,3,11,1,76,2317,0,1,0,0,0,0,0,1,0,0,1402,1376,1,Elderly (>60),High Income,Active (0-30d),Gold Spender,No Children,Married,Graduation,New Member,MeatProducts,1428,1,Occasional Responder,Campaign 1
34412.0,1,0,62,52,12,50,4,36,55,3,5,0,3,9,0,0,0,0,0,0,3,11,0,30,2660,0,0,1,0,0,0,0,1,0,0,154,99,0,Young Adult (<30),Low Income,Inactive (>60d),Silver Spender,Small Family (1 Kid),Single,Graduation,Long-term Member,GoldProds,209,0,Never Accepted,No Acceptance
57537.0,1,0,83,191,56,139,51,8,100,4,4,3,8,4,0,0,0,0,0,0,3,11,0,41,2543,0,0,1,0,0,0,0,1,0,0,445,345,0,Middle-Aged (31-45),Medium Income,Inactive (>60d),Silver Spender,Small Family (1 Kid),Single,Graduation,Established,Wines,545,0,Never Accepted,No Acceptance
22634.0,0,0,47,2,23,11,8,6,46,1,2,1,2,8,0,0,0,0,0,0,3,11,0,54,2688,0,0,0,1,0,0,1,0,0,0,50,4,0,Senior (46-60),Low Income,At-Risk (31-60d),Bronze Spender,No Children,Together,Basic,Long-term Member,GoldProds,96,0,Never Accepted,No Acceptance
51315.0,0,0,45,68,28,39,16,30,41,1,2,2,5,2,0,0,0,0,0,0,3,11,0,72,2285,0,0,0,1,0,0,0,1,0,0,181,140,0,Elderly (>60),Medium Income,At-Risk (31-60d),Silver Spender,No Children,Together,Graduation,New Member,Wines,222,0,Never Accepted,No Acceptance
36026.0,2,1,34,20,4,10,6,4,17,2,2,0,3,6,0,0,0,0,0,0,3,11,0,48,2264,0,1,0,0,0,0,0,1,0,0,44,27,0,Senior (46-60),Low Income,At-Risk (31-60d),Bronze Spender,Large Family (>1 Kid),Married,Graduation,New Member,Wines,61,0,Never Accepted,No Acceptance
24639.0,1,1,3,20,3,16,0,4,1,3,2,0,4,6,0,0,0,0,0,0,3,11,0,47,2311,0,1,0,0,0,0,0,1,0,0,43,42,0,Senior (46-60),Low Income,Active (0-30d),Bronze Spender,Large Family (>1 Kid),Married,Graduation,New Member,Wines,44,0,Never Accepted,No Acceptance
34578.0,2,1,1,7,0,1,0,0,0,1,1,0,2,6,0,0,0,0,0,0,3,11,0,48,2238,0,0,0,1,0,0,0,0,0,1,8,8,0,Senior (46-60),Low Income,Active (0-30d),Bronze Spender,Large Family (>1 Kid),Together,PhD,New Member,Wines,8,0,Never Accepted,No Acceptance
65704.0,0,0,18,279,172,74,38,8,246,1,2,10,10,1,0,0,0,0,0,0,3,11,0,48,2418,0,0,1,0,0,1,0,0,0,0,571,325,0,Senior (46-60),High Income,Active (0-30d),Silver Spender,No Children,Single,2n Cycle,Established,Wines,817,0,Never Accepted,No Acceptance
63810.0,0,1,45,977,12,253,16,12,101,4,4,3,12,8,0,1,0,0,0,0,3,11,0,54,2754,0,0,1,0,0,0,0,1,0,0,1270,1169,1,Senior (46-60),High Income,At-Risk (31-60d),Gold Spender,Small Family (1 Kid),Single,Graduation,Long-term Member,Wines,1371,1,Occasional Responder,Campaign 4
54132.0,0,1,81,30,1,8,0,0,3,1,1,0,3,7,0,0,0,0,0,0,3,11,0,51,2292,0,0,0,1,0,0,0,0,0,1,39,36,0,Senior (46-60),Medium Income,Inactive (>60d),Bronze Spender,Small Family (1 Kid),Together,PhD,New Member,Wines,42,0,Never Accepted,No Acceptance
18690.0,0,0,77,6,1,7,23,4,19,1,1,1,2,8,0,0,0,0,0,0,3,11,0,61,2707,0,1,0,0,0,0,0,1,0,0,41,22,0,Elderly (>60),Low Income,Inactive (>60d),Bronze Spender,No Children,Married,Graduation,Long-term Member,FishProducts,60,0,Never Accepted,No Acceptance
28164.0,1,0,23,3,18,26,11,8,12,3,2,0,4,7,0,0,0,0,0,0,3,11,0,50,2580,0,1,0,0,0,0,0,1,0,0,66,54,0,Senior (46-60),Low Income,Active (0-30d),Bronze Spender,Small Family (1 Kid),Married,Graduation,Established,MeatProducts,78,0,Never Accepted,No Acceptance
34596.0,1,0,48,14,0,2,0,0,7,1,1,0,2,8,0,0,0,0,0,0,3,11,0,46,2601,0,1,0,0,0,0,0,0,0,1,16,9,0,Senior (46-60),Low Income,At-Risk (31-60d),Bronze Spender,Small Family (1 Kid),Married,PhD,Established,Wines,23,0,Never Accepted,No Acceptance
43269.0,1,0,61,10,1,7,0,0,1,1,1,0,2,8,0,0,0,0,0,0,3,11,0,48,2445,0,1,0,0,0,0,0,0,0,1,18,17,0,Senior (46-60),Medium Income,Inactive (>60d),Bronze Spender,Small Family (1 Kid),Married,PhD,Established,Wines,19,0,Never Accepted,No Acceptance
38741.0,1,1,60,7,10,17,8,6,13,2,2,0,3,7,0,0,0,0,0,0,3,11,0,62,2250,0,0,1,0,0,1,0,0,0,0,48,35,0,Elderly (>60),Low Income,At-Risk (31-60d),Bronze Spender,Large Family (>1 Kid),Single,2n Cycle,New Member,MeatProducts,61,0,Never Accepted,No Acceptance
31907.0,0,0,75,33,87,64,175,16,74,1,6,1,6,7,0,0,0,0,0,0,3,11,0,48,2641,0,0,1,0,0,0,0,1,0,0,375,301,0,Senior (46-60),Low Income,Inactive (>60d),Silver Spender,No Children,Single,Graduation,Long-term Member,FishProducts,449,0,Never Accepted,No Acceptance
27100.0,1,0,64,12,0,13,2,0,10,1,1,0,3,7,0,0,0,0,0,0,3,11,0,37,2609,0,1,0,0,0,0,0,0,1,0,27,17,0,Middle-Aged (31-45),Low Income,Inactive (>60d),Bronze Spender,Small Family (1 Kid),Married,Master,Established,MeatProducts,37,0,Never Accepted,No Acceptance
31163.0,1,0,54,2,3,10,11,2,10,1,1,0,3,6,0,0,0,0,0,0,3,11,0,47,2295,1,0,0,0,0,1,0,0,0,0,28,18,0,Senior (46-60),Low Income,At-Risk (31-60d),Bronze Spender,Small Family (1 Kid),Divorced,2n Cycle,New Member,FishProducts,38,0,Never Accepted,No Acceptance
92533.0,0,0,84,693,21,118,110,147,42,1,6,5,11,2,0,0,1,1,0,0,3,11,0,35,2351,0,1,0,0,0,0,0,1,0,0,1089,1047,2,Middle-Aged (31-45),High Income,Inactive (>60d),Gold Spender,No Children,Married,Graduation,New Member,Wines,1131,2,Occasional Responder,Campaign 1
34853.0,1,1,75,9,3,15,2,3,2,2,2,0,3,6,0,0,0,0,0,0,3,11,0,47,2347,0,0,1,0,0,0,0,1,0,0,32,30,0,Senior (46-60),Low Income,Inactive (>60d),Bronze Spender,Large Family (>1 Kid),Single,Graduation,New Member,MeatProducts,34,0,Never Accepted,No Acceptance
70844.0,1,1,16,129,26,67,3,67,2,5,6,1,5,7,0,0,0,0,0,0,3,11,0,53,2401,1,0,0,0,0,0,0,1,0,0,292,290,0,Senior (46-60),High Income,Active (0-30d),Silver Spender,Large Family (>1 Kid),Divorced,Graduation,New Member,Wines,294,0,Never Accepted,No Acceptance
31086.0,1,1,79,16,2,11,3,0,16,2,1,1,2,8,1,0,0,0,0,0,3,11,0,41,2580,0,1,0,0,0,1,0,0,0,0,32,16,1,Middle-Aged (31-45),Low Income,Inactive (>60d),Bronze Spender,Large Family (>1 Kid),Married,2n Cycle,Established,Wines,48,1,Occasional Responder,Campaign 3
60544.0,1,1,92,201,2,43,3,5,35,4,5,1,5,6,0,0,0,0,0,0,3,11,0,59,2832,0,1,0,0,0,0,0,1,0,0,254,219,0,Senior (46-60),Medium Income,Inactive (>60d),Silver Spender,Large Family (>1 Kid),Married,Graduation,Long-term Member,Wines,289,0,Never Accepted,No Acceptance
20491.0,0,0,16,5,4,5,4,2,10,1,0,1,2,7,0,0,0,0,0,0,3,11,0,34,2679,0,0,0,1,0,1,0,0,0,0,20,10,0,Middle-Aged (31-45),Low Income,Active (0-30d),Bronze Spender,No Children,Together,2n Cycle,Long-term Member,GoldProds,30,0,Never Accepted,No Acceptance
42523.0,0,0,96,14,36,11,3,26,35,1,1,1,4,2,0,0,0,0,0,0,3,11,0,56,2226,0,1,0,0,0,0,0,1,0,0,90,55,0,Senior (46-60),Medium Income,Inactive (>60d),Bronze Spender,No Children,Married,Graduation,New Member,Fruits,125,0,Never Accepted,No Acceptance
39922.0,1,0,30,29,12,59,19,1,36,2,3,0,4,8,0,0,0,0,0,0,3,11,0,37,2659,0,1,0,0,0,0,0,1,0,0,120,84,0,Middle-Aged (31-45),Low Income,Active (0-30d),Silver Spender,Small Family (1 Kid),Married,Graduation,Long-term Member,MeatProducts,156,0,Never Accepted,No Acceptance
33402.0,1,1,60,26,2,19,10,5,8,3,2,1,3,8,0,0,0,0,0,0,3,11,0,68,2505,0,0,0,1,0,0,0,1,0,0,62,54,0,Elderly (>60),Low Income,At-Risk (31-60d),Bronze Spender,Large Family (>1 Kid),Together,Graduation,Established,Wines,70,0,Never Accepted,No Acceptance
36408.0,1,1,11,9,1,4,3,2,3,1,1,0,2,6,0,0,0,0,0,0,3,11,0,71,2440,0,1,0,0,0,0,0,0,1,0,19,16,0,Elderly (>60),Low Income,Active (0-30d),Bronze Spender,Large Family (>1 Kid),Married,Master,Established,Wines,22,0,Never Accepted,No Acceptance
21645.0,1,0,75,14,0,23,4,5,19,3,3,0,3,9,0,0,0,0,0,0,3,11,1,41,2823,0,0,0,1,0,0,0,1,0,0,46,27,0,Middle-Aged (31-45),Low Income,Inactive (>60d),Bronze Spender,Small Family (1 Kid),Together,Graduation,Long-term Member,MeatProducts,65,0,Never Accepted,No Acceptance
78427.0,0,0,36,972,19,595,180,26,138,3,3,7,10,3,0,0,0,1,0,0,3,11,1,72,2772,0,0,0,0,1,0,0,0,1,0,1792,1654,1,Elderly (>60),High Income,At-Risk (31-60d),Gold Spender,No Children,Widow,Master,Long-term Member,Wines,1930,1,Occasional Responder,Campaign 1
82657.0,0,0,71,966,168,672,246,105,126,1,7,5,10,4,0,1,0,1,0,0,3,11,0,74,2434,0,0,0,1,0,0,0,1,0,0,2157,2031,2,Elderly (>60),High Income,Inactive (>60d),Gold Spender,No Children,Together,Graduation,Established,Wines,2283,2,Occasional Responder,Campaign 1
51876.0,0,0,88,99,27,102,28,48,6,1,2,2,8,1,0,0,0,0,0,0,3,11,0,62,2416,0,1,0,0,0,0,0,1,0,0,304,298,0,Elderly (>60),Medium Income,Inactive (>60d),Silver Spender,No Children,Married,Graduation,Established,MeatProducts,310,0,Never Accepted,No Acceptance
78041.0,0,0,93,482,35,553,72,160,17,1,4,4,9,2,0,0,0,0,0,0,3,11,0,49,2719,0,1,0,0,0,1,0,0,0,0,1302,1285,0,Senior (46-60),High Income,Inactive (>60d),Gold Spender,No Children,Married,2n Cycle,Long-term Member,MeatProducts,1319,0,Never Accepted,No Acceptance
52852.0,0,1,93,714,8,99,11,0,47,4,10,7,5,8,1,0,0,0,0,0,3,11,0,63,2734,0,1,0,0,0,0,0,1,0,0,832,785,1,Elderly (>60),Medium Income,Inactive (>60d),Gold Spender,Small Family (1 Kid),Married,Graduation,Long-term Member,Wines,879,1,Occasional Responder,Campaign 3
70038.0,0,0,54,587,54,348,71,54,130,1,4,4,8,2,0,0,0,0,0,0,3,11,0,38,2406,0,0,0,1,0,0,0,0,0,1,1114,984,0,Middle-Aged (31-45),High Income,At-Risk (31-60d),Gold Spender,No Children,Together,PhD,Established,Wines,1244,0,Never Accepted,No Acceptance
69401.0,0,1,41,399,27,159,58,8,39,4,4,4,5,2,0,0,0,0,0,0,3,11,0,47,2257,0,0,0,1,0,1,0,0,0,0,651,612,0,Senior (46-60),High Income,At-Risk (31-60d),Silver Spender,Small Family (1 Kid),Together,2n Cycle,New Member,Wines,690,0,Never Accepted,No Acceptance
46053.0,1,0,46,56,10,92,19,7,25,3,3,2,4,5,0,0,0,0,0,0,3,11,0,48,2656,0,0,0,1,0,0,0,1,0,0,184,159,0,Senior (46-60),Medium Income,At-Risk (31-60d),Silver Spender,Small Family (1 Kid),Together,Graduation,Long-term Member,MeatProducts,209,0,Never Accepted,No Acceptance
77343.0,0,0,28,227,151,573,98,54,31,1,3,4,9,1,0,0,0,0,0,0,3,11,0,55,2179,0,1,0,0,0,0,0,1,0,0,1103,1072,0,Senior (46-60),High Income,Active (0-30d),Gold Spender,No Children,Married,Graduation,New Member,MeatProducts,1134,0,Never Accepted,No Acceptance
73892.0,0,0,40,703,102,601,0,58,43,1,3,11,8,1,0,0,0,0,0,0,3,11,1,67,2387,0,0,1,0,0,0,0,1,0,0,1464,1421,0,Elderly (>60),High Income,At-Risk (31-60d),Gold Spender,No Children,Single,Graduation,New Member,Wines,1507,0,Never Accepted,No Acceptance
40304.0,1,0,82,37,0,17,0,0,3,1,2,0,3,7,0,0,0,0,0,0,3,11,0,53,2431,0,0,1,0,0,0,0,0,0,1,54,51,0,Senior (46-60),Medium Income,Inactive (>60d),Bronze Spender,Small Family (1 Kid),Single,PhD,Established,Wines,57,0,Never Accepted,No Acceptance
32727.0,0,0,38,167,13,180,86,13,70,2,7,3,5,8,0,0,0,0,0,0,3,11,0,55,2829,0,0,0,1,0,0,0,0,0,1,459,389,0,Senior (46-60),Low Income,At-Risk (31-60d),Silver Spender,No Children,Together,PhD,Long-term Member,MeatProducts,529,0,Never Accepted,No Acceptance
68695.0,0,0,3,458,81,356,106,50,40,1,4,4,7,2,0,0,0,0,0,0,3,11,0,51,2163,0,0,0,1,0,0,0,1,0,0,1051,1011,0,Senior (46-60),High Income,Active (0-30d),Gold Spender,No Children,Together,Graduation,New Member,Wines,1091,0,Never Accepted,No Acceptance
43300.0,0,1,87,91,3,52,2,1,31,3,4,0,4,8,0,0,0,0,0,0,3,11,1,49,2783,1,0,0,0,0,0,0,1,0,0,149,118,0,Senior (46-60),Medium Income,Inactive (>60d),Silver Spender,Small Family (1 Kid),Divorced,Graduation,Long-term Member,Wines,180,0,Never Accepted,No Acceptance
26290.0,1,1,49,15,8,16,11,5,22,4,2,0,4,6,0,0,0,0,0,0,3,11,0,48,2692,0,0,0,1,0,0,0,1,0,0,55,33,0,Senior (46-60),Low Income,At-Risk (31-60d),Bronze Spender,Large Family (>1 Kid),Together,Graduation,Long-term Member,GoldProds,77,0,Never Accepted,No Acceptance
38410.0,0,0,65,153,64,123,116,64,14,2,5,2,9,6,0,0,0,0,0,0,3,11,1,46,2812,0,1,0,0,0,0,0,0,0,1,520,506,0,Senior (46-60),Low Income,Inactive (>60d),Silver Spender,No Children,Married,PhD,Long-term Member,Wines,534,0,Never Accepted,No Acceptance
64866.0,0,1,9,508,5,21,7,5,10,4,7,3,7,5,0,1,0,0,0,0,3,11,0,70,2313,0,0,0,0,1,0,0,0,1,0,546,536,1,Elderly (>60),High Income,Active (0-30d),Silver Spender,Small Family (1 Kid),Widow,Master,New Member,Wines,556,1,Occasional Responder,Campaign 4
57957.0,0,1,24,290,59,177,77,5,29,7,4,6,8,3,0,0,0,0,0,1,3,11,0,61,2473,0,0,0,1,0,0,0,1,0,0,608,579,0,Elderly (>60),Medium Income,Active (0-30d),Silver Spender,Small Family (1 Kid),Together,Graduation,Established,Wines,637,0,Never Accepted,No Acceptance
46015.0,1,1,25,38,0,2,0,0,6,1,1,0,3,7,1,0,0,0,1,0,3,11,0,65,2236,0,0,0,1,0,0,0,0,0,1,40,34,2,Elderly (>60),Medium Income,Active (0-30d),Bronze Spender,Large Family (>1 Kid),Together,PhD,New Member,Wines,46,2,Occasional Responder,Campaign 2
16531.0,1,0,43,2,13,6,7,5,11,3,3,0,3,7,0,0,0,0,0,0,3,11,0,42,2170,0,0,0,1,0,0,0,1,0,0,33,22,0,Middle-Aged (31-45),Low Income,At-Risk (31-60d),Bronze Spender,Small Family (1 Kid),Together,Graduation,New Member,Fruits,44,0,Never Accepted,No Acceptance
28072.0,1,0,10,30,0,10,2,0,5,1,1,0,3,7,0,0,0,0,0,0,3,11,0,34,2515,0,1,0,0,0,0,0,0,1,0,42,37,0,Middle-Aged (31-45),Low Income,Active (0-30d),Bronze Spender,Small Family (1 Kid),Married,Master,Established,Wines,47,0,Never Accepted,No Acceptance
49476.0,0,1,29,386,23,95,54,41,196,4,2,11,5,2,0,0,0,0,0,0,3,11,0,57,2533,1,0,0,0,0,0,0,0,1,0,599,403,0,Senior (46-60),Medium Income,Active (0-30d),Silver Spender,Small Family (1 Kid),Divorced,Master,Established,Wines,795,0,Never Accepted,No Acceptance
50725.0,0,1,45,443,10,75,0,10,48,4,8,1,8,8,0,0,0,0,0,0,3,11,0,67,2660,0,1,0,0,0,0,0,1,0,0,538,490,0,Elderly (>60),Medium Income,At-Risk (31-60d),Silver Spender,Small Family (1 Kid),Married,Graduation,Long-term Member,Wines,586,0,Never Accepted,No Acceptance
83844.0,0,0,57,901,31,345,75,31,191,1,4,4,11,1,0,0,1,0,0,0,3,11,0,68,2572,0,0,0,1,0,0,0,1,0,0,1383,1192,1,Elderly (>60),High Income,At-Risk (31-60d),Gold Spender,No Children,Together,Graduation,Established,Wines,1574,1,Occasional Responder,Campaign 5
41145.0,1,1,20,9,0,3,0,0,1,1,0,0,3,3,0,0,0,0,0,0,3,11,0,70,2300,0,1,0,0,0,0,0,0,0,1,12,11,0,Elderly (>60),Medium Income,Active (0-30d),Bronze Spender,Large Family (>1 Kid),Married,PhD,New Member,Wines,13,0,Never Accepted,No Acceptance
67419.0,0,1,29,846,84,352,91,56,42,4,9,4,8,5,0,0,0,0,0,0,3,11,0,50,2688,0,0,0,1,0,0,0,1,0,0,1429,1387,0,Senior (46-60),High Income,Active (0-30d),Gold Spender,Small Family (1 Kid),Together,Graduation,Long-term Member,Wines,1471,0,Never Accepted,No Acceptance
23162.0,1,1,82,8,3,9,19,4,22,3,1,1,3,6,0,0,0,0,0,0,3,11,0,50,2349,0,1,0,0,0,1,0,0,0,0,43,21,0,Senior (46-60),Low Income,Inactive (>60d),Bronze Spender,Large Family (>1 Kid),Married,2n Cycle,New Member,GoldProds,65,0,Never Accepted,No Acceptance
34380.0,1,0,68,72,7,58,13,1,24,4,4,1,3,8,0,0,0,0,0,0,3,11,0,43,2582,0,1,0,0,0,0,0,1,0,0,151,127,0,Middle-Aged (31-45),Low Income,Inactive (>60d),Silver Spender,Small Family (1 Kid),Married,Graduation,Established,Wines,175,0,Never Accepted,No Acceptance
34704.0,0,1,65,29,0,5,0,1,5,1,1,0,3,5,0,0,0,0,0,0,3,11,0,54,2587,0,0,1,0,0,0,0,1,0,0,35,30,0,Senior (46-60),Low Income,Inactive (>60d),Bronze Spender,Small Family (1 Kid),Single,Graduation,Established,Wines,40,0,Never Accepted,No Acceptance
65148.0,0,1,9,460,35,422,33,12,153,2,6,6,7,4,0,0,0,0,0,0,3,11,0,62,2749,0,1,0,0,0,0,0,1,0,0,962,809,0,Elderly (>60),High Income,Active (0-30d),Gold Spender,Small Family (1 Kid),Married,Graduation,Long-term Member,Wines,1115,0,Never Accepted,No Acceptance
39898.0,0,1,20,69,8,26,12,7,12,2,3,0,4,7,0,0,0,0,0,0,3,11,0,66,2661,0,0,0,1,0,0,0,1,0,0,122,110,0,Elderly (>60),Low Income,Active (0-30d),Silver Spender,Small Family (1 Kid),Together,Graduation,Long-term Member,Wines,134,0,Never Accepted,No Acceptance
64857.0,0,0,78,556,14,717,210,0,43,1,7,5,10,4,0,0,0,0,0,0,3,11,0,64,2742,0,0,1,0,0,0,0,0,1,0,1497,1454,0,Elderly (>60),High Income,Inactive (>60d),Gold Spender,No Children,Single,Master,Long-term Member,MeatProducts,1540,0,Never Accepted,No Acceptance
59892.0,0,1,26,73,0,13,0,1,0,1,2,1,3,3,0,0,0,0,0,0,3,11,0,50,2398,0,1,0,0,0,0,0,0,0,1,87,87,0,Senior (46-60),Medium Income,Active (0-30d),Bronze Spender,Small Family (1 Kid),Married,PhD,New Member,Wines,87,0,Never Accepted,No Acceptance
41020.0,0,0,68,112,1,54,7,7,36,1,3,2,4,3,0,0,0,0,0,0,3,11,0,33,2403,0,0,1,0,0,0,0,0,1,0,181,145,0,Middle-Aged (31-45),Medium Income,Inactive (>60d),Silver Spender,No Children,Single,Master,New Member,Wines,217,0,Never Accepted,No Acceptance
57072.0,0,1,79,944,0,60,0,0,30,2,7,5,13,5,1,0,0,0,0,0,3,11,0,59,2315,0,1,0,0,0,0,0,0,0,1,1004,974,1,Senior (46-60),Medium Income,Inactive (>60d),Gold Spender,Small Family (1 Kid),Married,PhD,New Member,Wines,1034,1,Occasional Responder,Campaign 3
60474.0,0,1,25,265,199,303,234,9,170,7,10,2,12,7,0,0,0,0,0,0,3,11,0,41,2613,0,0,1,0,0,0,0,1,0,0,1010,840,0,Middle-Aged (31-45),Medium Income,Active (0-30d),Gold Spender,Small Family (1 Kid),Single,Graduation,Established,MeatProducts,1180,0,Never Accepted,No Acceptance
62807.0,0,1,83,526,28,135,10,21,99,3,5,3,12,5,0,0,0,0,0,0,3,11,0,60,2826,0,0,0,1,0,0,0,1,0,0,720,621,0,Senior (46-60),High Income,Inactive (>60d),Silver Spender,Small Family (1 Kid),Together,Graduation,Long-term Member,Wines,819,0,Never Accepted,No Acceptance
19414.0,1,0,32,2,3,12,3,5,7,1,1,0,3,8,0,0,0,0,0,0,3,11,0,39,2415,0,0,0,1,0,1,0,0,0,0,25,18,0,Middle-Aged (31-45),Low Income,At-Risk (31-60d),Bronze Spender,Small Family (1 Kid),Together,2n Cycle,Established,MeatProducts,32,0,Never Accepted,No Acceptance
19107.0,1,0,49,2,4,9,10,5,16,2,1,0,3,7,0,0,0,0,0,0,3,11,0,40,2470,0,1,0,0,0,0,0,1,0,0,30,14,0,Middle-Aged (31-45),Low Income,At-Risk (31-60d),Bronze Spender,Small Family (1 Kid),Married,Graduation,Established,GoldProds,46,0,Never Accepted,No Acceptance
75484.0,0,1,50,378,97,259,197,194,34,2,7,3,6,4,0,0,0,0,0,0,3,11,0,44,2855,0,0,0,1,0,1,0,0,0,0,1125,1091,0,Middle-Aged (31-45),High Income,At-Risk (31-60d),Gold Spender,Small Family (1 Kid),Together,2n Cycle,Long-term Member,Wines,1159,0,Never Accepted,No Acceptance
70379.0,0,1,84,553,25,142,65,67,8,3,6,3,13,4,0,0,0,0,0,0,3,11,0,44,2642,0,0,1,0,0,0,0,0,1,0,852,844,0,Middle-Aged (31-45),High Income,Inactive (>60d),Gold Spender,Small Family (1 Kid),Single,Master,Long-term Member,Wines,860,0,Never Accepted,No Acceptance
79419.0,0,0,96,751,127,687,20,15,31,1,4,6,4,2,0,0,0,0,0,0,3,11,0,50,2166,0,0,0,1,0,0,0,0,1,0,1600,1569,0,Senior (46-60),High Income,Inactive (>60d),Gold Spender,No Children,Together,Master,New Member,Wines,1631,0,Never Accepted,No Acceptance
64014.0,2,1,56,406,0,30,0,0,8,7,8,2,5,7,0,0,0,1,0,0,3,11,0,74,2178,0,0,0,1,0,0,0,0,0,1,436,428,1,Elderly (>60),High Income,At-Risk (31-60d),Silver Spender,Large Family (>1 Kid),Together,PhD,New Member,Wines,444,1,Occasional Responder,Campaign 1
76998.0,0,1,85,1449,89,161,69,35,107,2,11,8,8,6,0,0,1,0,0,0,3,11,0,65,2693,0,1,0,0,0,0,0,1,0,0,1803,1696,1,Elderly (>60),High Income,Inactive (>60d),Gold Spender,Small Family (1 Kid),Married,Graduation,Long-term Member,Wines,1910,1,Occasional Responder,Campaign 5
49854.0,1,0,63,123,17,171,39,0,30,5,6,2,5,6,0,0,0,0,0,0,3,11,0,48,2390,0,0,0,1,0,0,0,0,1,0,350,320,0,Senior (46-60),Medium Income,Inactive (>60d),Silver Spender,Small Family (1 Kid),Together,Master,New Member,MeatProducts,380,0,Never Accepted,No Acceptance
60585.0,1,1,17,267,42,309,55,42,21,10,7,4,9,5,0,0,0,0,0,0,3,11,1,49,2529,0,1,0,0,0,0,0,0,0,1,715,694,0,Senior (46-60),Medium Income,Active (0-30d),Silver Spender,Large Family (>1 Kid),Married,PhD,Established,MeatProducts,736,0,Never Accepted,No Acceptance
42873.0,1,1,11,209,0,40,3,2,15,4,6,1,4,8,0,0,0,0,0,0,3,11,0,70,2683,1,0,0,0,0,0,0,0,0,1,254,239,0,Elderly (>60),Medium Income,Active (0-30d),Silver Spender,Large Family (>1 Kid),Divorced,PhD,Long-term Member,Wines,269,0,Never Accepted,No Acceptance
87679.0,0,0,62,1259,172,815,97,148,33,1,7,11,10,4,1,0,1,1,0,0,3,11,1,32,2496,0,0,0,1,0,0,0,1,0,0,2491,2458,3,Middle-Aged (31-45),High Income,Inactive (>60d),Gold Spender,No Children,Together,Graduation,Established,Wines,2524,3,Campaign Enthusiast,Campaign 1
57867.0,1,0,48,344,35,178,15,23,17,7,7,2,9,6,0,0,0,0,0,0,3,11,0,42,2430,0,0,0,1,0,0,0,1,0,0,595,578,0,Middle-Aged (31-45),Medium Income,At-Risk (31-60d),Silver Spender,Small Family (1 Kid),Together,Graduation,Established,Wines,612,0,Never Accepted,No Acceptance
35765.0,1,0,86,22,3,30,0,5,15,2,2,0,4,6,0,0,0,0,0,0,3,11,0,30,2359,0,1,0,0,0,0,0,1,0,0,60,45,0,Young Adult (<30),Low Income,Inactive (>60d),Bronze Spender,Small Family (1 Kid),Married,Graduation,New Member,MeatProducts,75,0,Never Accepted,No Acceptance
65492.0,0,0,73,247,161,295,210,85,47,2,4,7,13,2,0,0,0,0,0,0,3,11,0,61,2313,0,1,0,0,0,0,0,1,0,0,998,951,0,Elderly (>60),High Income,Inactive (>60d),Gold Spender,No Children,Married,Graduation,New Member,MeatProducts,1045,0,Never Accepted,No Acceptance
32952.0,1,0,36,38,0,12,3,1,1,1,2,0,3,7,0,0,0,0,0,0,3,11,0,43,2369,1,0,0,0,0,0,0,1,0,0,54,53,0,Middle-Aged (31-45),Low Income,At-Risk (31-60d),Bronze Spender,Small Family (1 Kid),Divorced,Graduation,New Member,Wines,55,0,Never Accepted,No Acceptance
53374.0,0,1,34,896,10,101,13,10,34,6,4,2,9,9,1,0,0,0,0,0,3,11,1,51,2841,0,0,0,1,0,0,0,0,0,1,1030,996,1,Senior (46-60),Medium Income,At-Risk (31-60d),Gold Spender,Small Family (1 Kid),Together,PhD,Long-term Member,Wines,1064,1,Occasional Responder,Campaign 3
71706.0,0,1,16,931,56,253,91,98,14,4,9,5,7,5,0,0,0,0,0,0,3,11,0,61,2752,0,0,0,1,0,0,0,1,0,0,1429,1415,0,Elderly (>60),High Income,Active (0-30d),Gold Spender,Small Family (1 Kid),Together,Graduation,Long-term Member,Wines,1443,0,Never Accepted,No Acceptance
68487.0,0,0,48,758,12,385,33,89,89,1,9,7,13,4,0,0,0,0,0,0,3,11,0,32,2691,0,1,0,0,0,0,0,1,0,0,1277,1188,0,Middle-Aged (31-45),High Income,At-Risk (31-60d),Gold Spender,No Children,Married,Graduation,Long-term Member,Wines,1366,0,Never Accepted,No Acceptance
53253.0,1,1,61,216,9,57,20,9,125,7,4,3,5,5,0,0,0,0,0,0,3,11,0,45,2662,0,0,0,1,0,0,0,0,1,0,311,186,0,Middle-Aged (31-45),Medium Income,Inactive (>60d),Silver Spender,Large Family (>1 Kid),Together,Master,Long-term Member,Wines,436,0,Never Accepted,No Acceptance
31163.0,1,0,54,2,3,10,11,2,10,1,1,0,3,6,0,0,0,0,0,0,3,11,0,47,2295,1,0,0,0,0,1,0,0,0,0,28,18,0,Senior (46-60),Low Income,At-Risk (31-60d),Bronze Spender,Small Family (1 Kid),Divorced,2n Cycle,New Member,FishProducts,38,0,Never Accepted,No Acceptance
42014.0,1,0,56,244,15,108,4,15,50,6,7,1,6,8,0,0,0,0,0,0,3,11,1,43,2840,0,1,0,0,0,0,0,1,0,0,386,336,0,Middle-Aged (31-45),Medium Income,At-Risk (31-60d),Silver Spender,Small Family (1 Kid),Married,Graduation,Long-term Member,Wines,436,0,Never Accepted,No Acceptance
54108.0,1,1,74,539,6,91,8,6,97,13,8,2,9,8,0,0,0,0,0,0,3,11,0,47,2760,0,1,0,0,0,0,0,0,1,0,650,553,0,Senior (46-60),Medium Income,Inactive (>60d),Silver Spender,Large Family (>1 Kid),Married,Master,Long-term Member,Wines,747,0,Never Accepted,No Acceptance
49667.0,0,0,35,1181,26,120,17,13,39,2,5,10,5,8,1,0,0,0,0,0,3,11,1,65,2837,0,0,1,0,0,0,0,0,0,1,1357,1318,1,Elderly (>60),Medium Income,At-Risk (31-60d),Gold Spender,No Children,Single,PhD,Long-term Member,Wines,1396,1,Occasional Responder,Campaign 3
63206.0,0,0,65,750,8,125,11,8,26,1,4,3,6,2,0,0,1,0,0,0,3,11,0,46,2260,0,1,0,0,0,0,0,0,1,0,902,876,1,Senior (46-60),High Income,Inactive (>60d),Gold Spender,No Children,Married,Master,New Member,Wines,928,1,Occasional Responder,Campaign 5
57136.0,1,1,48,306,5,109,21,109,92,9,5,2,10,6,0,0,0,0,0,0,3,11,0,48,2514,0,1,0,0,0,0,0,0,1,0,550,458,0,Senior (46-60),Medium Income,At-Risk (31-60d),Silver Spender,Large Family (>1 Kid),Married,Master,Established,Wines,642,0,Never Accepted,No Acceptance
46772.0,0,1,88,350,104,189,197,151,57,6,11,8,5,8,1,0,0,0,0,0,3,11,0,45,2758,0,0,0,1,0,1,0,0,0,0,991,934,1,Middle-Aged (31-45),Medium Income,Inactive (>60d),Gold Spender,Small Family (1 Kid),Together,2n Cycle,Long-term Member,Wines,1048,1,Occasional Responder,Campaign 3
78931.0,0,0,19,331,197,170,58,152,35,1,2,8,13,1,0,0,0,0,0,0,3,11,0,49,2406,0,1,0,0,0,0,0,0,0,1,908,873,0,Senior (46-60),High Income,Active (0-30d),Gold Spender,No Children,Married,PhD,Established,Wines,943,0,Never Accepted,No Acceptance
53977.0,0,1,21,620,16,165,0,24,82,5,5,5,12,5,0,0,0,0,0,0,3,11,0,62,2545,0,0,0,1,0,0,0,1,0,0,825,743,0,Elderly (>60),Medium Income,Active (0-30d),Gold Spender,Small Family (1 Kid),Together,Graduation,Established,Wines,907,0,Never Accepted,No Acceptance
84219.0,0,0,27,434,137,400,45,137,45,1,3,4,10,1,0,0,0,0,0,0,3,11,0,32,2306,0,1,0,0,0,0,0,1,0,0,1153,1108,0,Middle-Aged (31-45),High Income,Active (0-30d),Gold Spender,No Children,Married,Graduation,New Member,Wines,1198,0,Never Accepted,No Acceptance
46098.0,1,1,86,57,0,27,0,0,36,4,3,2,2,8,0,0,0,0,0,0,3,11,0,45,2839,0,0,1,0,0,0,0,0,1,0,84,48,0,Middle-Aged (31-45),Medium Income,Inactive (>60d),Bronze Spender,Large Family (>1 Kid),Single,Master,Long-term Member,Wines,120,0,Never Accepted,No Acceptance
73538.0,0,1,92,811,76,428,99,137,107,3,10,4,9,7,0,0,0,0,0,0,3,11,0,55,2740,0,1,0,0,0,0,0,1,0,0,1551,1444,0,Senior (46-60),High Income,Inactive (>60d),Gold Spender,Small Family (1 Kid),Married,Graduation,Long-term Member,Wines,1658,0,Never Accepted,No Acceptance
79529.0,0,0,1,423,42,706,73,197,197,1,4,8,9,2,0,0,0,0,0,0,3,11,0,34,2222,0,1,0,0,0,0,0,1,0,0,1441,1244,0,Middle-Aged (31-45),High Income,Active (0-30d),Gold Spender,No Children,Married,Graduation,New Member,MeatProducts,1638,0,Never Accepted,No Acceptance
20981.0,0,0,14,2,12,10,6,13,30,1,3,1,2,8,0,0,0,0,0,0,3,11,1,43,2584,0,0,0,1,0,1,0,0,0,0,43,13,0,Middle-Aged (31-45),Low Income,Active (0-30d),Bronze Spender,No Children,Together,2n Cycle,Established,GoldProds,73,0,Never Accepted,No Acceptance
51766.0,1,0,74,60,51,87,6,20,51,2,4,2,4,5,0,0,0,0,0,0,3,11,0,40,2269,0,0,1,0,0,0,0,1,0,0,224,173,0,Middle-Aged (31-45),Medium Income,Inactive (>60d),Silver Spender,Small Family (1 Kid),Single,Graduation,New Member,MeatProducts,275,0,Never Accepted,No Acceptance
55759.0,0,1,84,675,0,85,10,7,77,5,10,3,8,8,0,0,0,0,0,0,3,11,0,58,2737,0,1,0,0,0,0,0,1,0,0,777,700,0,Senior (46-60),Medium Income,Inactive (>60d),Gold Spender,Small Family (1 Kid),Married,Graduation,Long-term Member,Wines,854,0,Never Accepted,No Acceptance
33039.0,1,0,4,30,8,12,8,8,12,1,2,0,4,5,0,0,0,0,0,0,3,11,0,42,2452,0,1,0,0,0,0,0,1,0,0,66,54,0,Middle-Aged (31-45),Low Income,Active (0-30d),Bronze Spender,Small Family (1 Kid),Married,Graduation,Established,Wines,78,0,Never Accepted,No Acceptance
37787.0,1,0,50,40,1,40,4,3,18,1,3,0,3,8,0,0,0,0,0,0,3,11,0,48,2441,0,1,0,0,0,0,0,0,1,0,88,70,0,Senior (46-60),Low Income,At-Risk (31-60d),Bronze Spender,Small Family (1 Kid),Married,Master,Established,Wines,106,0,Never Accepted,No Acceptance
27242.0,1,0,2,3,17,26,20,1,39,2,2,0,3,9,0,0,0,0,0,0,3,11,1,50,2754,0,0,1,0,0,0,0,1,0,0,67,28,0,Senior (46-60),Low Income,Active (0-30d),Bronze Spender,Small Family (1 Kid),Single,Graduation,Long-term Member,GoldProds,106,0,Never Accepted,No Acceptance
87188.0,0,0,73,910,111,724,49,74,55,1,10,2,6,3,0,0,0,0,0,0,3,11,1,37,2550,0,0,1,0,0,0,0,0,0,1,1868,1813,0,Middle-Aged (31-45),High Income,Inactive (>60d),Gold Spender,No Children,Single,PhD,Established,Wines,1923,0,Never Accepted,No Acceptance
69930.0,0,0,21,252,98,827,219,70,196,1,4,5,12,3,0,0,0,0,0,0,3,11,0,49,2558,0,0,0,1,0,0,0,1,0,0,1466,1270,0,Senior (46-60),High Income,Active (0-30d),Gold Spender,No Children,Together,Graduation,Established,MeatProducts,1662,0,Never Accepted,No Acceptance
37697.0,1,0,82,34,6,21,11,4,8,1,2,1,3,6,0,0,0,0,0,0,3,11,0,44,2301,0,0,1,0,0,0,0,1,0,0,76,68,0,Middle-Aged (31-45),Low Income,Inactive (>60d),Bronze Spender,Small Family (1 Kid),Single,Graduation,New Member,Wines,84,0,Never Accepted,No Acceptance
37401.0,1,0,14,19,3,19,3,1,3,2,2,0,3,7,0,0,0,0,0,0,3,11,0,47,2213,0,1,0,0,0,0,0,0,0,1,45,42,0,Senior (46-60),Low Income,Active (0-30d),Bronze Spender,Small Family (1 Kid),Married,PhD,New Member,Wines,48,0,Never Accepted,No Acceptance
3502.0,1,0,56,2,1,1,0,0,1,0,0,0,0,14,0,0,0,0,0,0,3,11,0,47,2601,0,0,1,0,0,0,0,1,0,0,4,3,0,Senior (46-60),Low Income,At-Risk (31-60d),Bronze Spender,Small Family (1 Kid),Single,Graduation,Established,Wines,5,0,Never Accepted,No Acceptance
58597.0,1,1,20,490,0,184,10,28,21,12,7,4,9,7,0,0,0,0,0,0,3,11,0,44,2745,0,1,0,0,0,0,0,1,0,0,712,691,0,Middle-Aged (31-45),Medium Income,Active (0-30d),Silver Spender,Large Family (>1 Kid),Married,Graduation,Long-term Member,Wines,733,0,Never Accepted,No Acceptance
82032.0,0,0,54,332,194,377,149,125,57,0,4,6,7,1,0,0,0,0,0,0,3,11,0,72,2244,0,0,0,0,1,0,0,0,0,1,1177,1120,0,Elderly (>60),High Income,At-Risk (31-60d),Gold Spender,No Children,Widow,PhD,New Member,MeatProducts,1234,0,Never Accepted,No Acceptance
28087.0,1,1,77,53,8,17,13,0,21,3,2,2,2,7,0,0,0,0,0,0,3,11,0,62,2724,0,0,0,1,0,0,0,1,0,0,91,70,0,Elderly (>60),Low Income,Inactive (>60d),Silver Spender,Large Family (>1 Kid),Together,Graduation,Long-term Member,Wines,112,0,Never Accepted,No Acceptance
74004.0,0,0,5,784,48,560,42,176,48,1,4,6,4,3,0,0,1,1,0,0,3,11,1,33,2284,0,0,1,0,0,0,0,0,0,1,1610,1562,2,Middle-Aged (31-45),High Income,Active (0-30d),Gold Spender,No Children,Single,PhD,New Member,Wines,1658,2,Occasional Responder,Campaign 1
19740.0,0,1,65,7,11,3,10,4,20,2,1,1,3,5,0,0,0,0,0,0,3,11,0,60,2621,0,0,0,1,0,0,0,1,0,0,35,15,0,Senior (46-60),Low Income,Inactive (>60d),Bronze Spender,Small Family (1 Kid),Together,Graduation,Established,GoldProds,55,0,Never Accepted,No Acceptance
57036.0,0,1,33,1171,43,219,19,14,47,4,6,3,13,9,1,0,0,0,0,0,3,11,0,45,2724,0,1,0,0,0,1,0,0,0,0,1466,1419,1,Middle-Aged (31-45),Medium Income,At-Risk (31-60d),Gold Spender,Small Family (1 Kid),Married,2n Cycle,Long-term Member,Wines,1513,1,Occasional Responder,Campaign 3
53083.0,1,1,65,215,7,33,3,0,13,6,5,1,5,7,0,1,0,0,0,0,3,11,0,62,2569,0,0,0,1,0,1,0,0,0,0,258,245,1,Elderly (>60),Medium Income,Inactive (>60d),Silver Spender,Large Family (>1 Kid),Together,2n Cycle,Established,Wines,271,1,Occasional Responder,Campaign 4
69283.0,0,1,41,674,62,134,0,26,8,4,7,3,13,5,0,0,0,0,0,0,3,11,0,45,2174,0,1,0,0,0,0,0,0,0,1,896,888,0,Middle-Aged (31-45),High Income,At-Risk (31-60d),Gold Spender,Small Family (1 Kid),Married,PhD,New Member,Wines,904,0,Never Accepted,No Acceptance
46098.0,1,1,86,57,0,27,0,0,36,4,3,2,2,8,0,0,0,0,0,0,3,11,1,45,2839,0,0,1,0,0,0,0,0,1,0,84,48,0,Middle-Aged (31-45),Medium Income,Inactive (>60d),Bronze Spender,Large Family (>1 Kid),Single,Master,Long-term Member,Wines,120,0,Never Accepted,No Acceptance
23331.0,1,0,92,5,36,7,0,10,45,2,3,0,3,8,0,0,0,0,0,0,3,11,0,32,2822,0,1,0,0,0,1,0,0,0,0,58,13,0,Middle-Aged (31-45),Low Income,Inactive (>60d),Bronze Spender,Small Family (1 Kid),Married,2n Cycle,Long-term Member,GoldProds,103,0,Never Accepted,No Acceptance
23331.0,1,0,97,104,20,101,24,15,5,6,5,1,5,9,0,0,0,0,0,0,3,11,0,32,2791,0,0,1,0,0,1,0,0,0,0,264,259,0,Middle-Aged (31-45),Low Income,Inactive (>60d),Silver Spender,Small Family (1 Kid),Single,2n Cycle,Long-term Member,Wines,269,0,Never Accepted,No Acceptance
9255.0,1,0,91,9,0,7,2,0,4,1,1,1,2,8,0,0,0,0,0,0,3,11,0,31,2350,0,0,1,0,0,0,0,1,0,0,18,14,0,Middle-Aged (31-45),Low Income,Inactive (>60d),Bronze Spender,Small Family (1 Kid),Single,Graduation,New Member,Wines,22,0,Never Accepted,No Acceptance
67786.0,0,0,0,431,82,441,80,20,102,1,3,6,6,1,0,0,0,0,0,0,3,11,1,61,2363,0,0,0,0,1,0,0,0,0,1,1054,952,0,Elderly (>60),High Income,Active (0-30d),Gold Spender,No Children,Widow,PhD,New Member,MeatProducts,1156,0,Never Accepted,No Acceptance
71969.0,0,1,59,1000,0,76,0,0,10,3,3,4,9,8,0,1,0,0,0,0,3,11,0,49,2780,0,1,0,0,0,0,0,0,0,1,1076,1066,1,Senior (46-60),High Income,At-Risk (31-60d),Gold Spender,Small Family (1 Kid),Married,PhD,Long-term Member,Wines,1086,1,Occasional Responder,Campaign 4
59235.0,1,0,4,448,40,469,80,0,91,3,11,2,12,7,0,0,0,0,0,0,3,11,0,53,2692,0,0,1,0,0,0,0,0,1,0,1037,946,0,Senior (46-60),Medium Income,Active (0-30d),Gold Spender,Small Family (1 Kid),Single,Master,Long-term Member,MeatProducts,1128,0,Never Accepted,No Acceptance
31928.0,1,0,5,33,4,24,4,2,5,2,3,0,4,7,0,0,0,0,0,0,3,11,0,31,2252,0,0,0,1,0,0,0,1,0,0,67,62,0,Middle-Aged (31-45),Low Income,Active (0-30d),Bronze Spender,Small Family (1 Kid),Together,Graduation,New Member,Wines,72,0,Never Accepted,No Acceptance
74881.0,1,1,48,505,72,270,36,27,54,4,9,2,12,5,0,0,0,0,0,0,3,11,0,59,2637,0,0,0,1,0,0,0,0,1,0,910,856,0,Senior (46-60),High Income,At-Risk (31-60d),Gold Spender,Large Family (>1 Kid),Together,Master,Long-term Member,Wines,964,0,Never Accepted,No Acceptance
65819.0,0,0,99,267,38,701,149,165,63,1,5,4,10,3,0,0,0,0,0,0,3,11,0,42,2736,0,1,0,0,0,0,0,1,0,0,1320,1257,0,Middle-Aged (31-45),High Income,Inactive (>60d),Gold Spender,No Children,Married,Graduation,Long-term Member,MeatProducts,1383,0,Never Accepted,No Acceptance
51411.0,1,2,81,14,0,3,0,0,1,1,0,0,3,5,0,0,0,0,0,0,3,11,0,67,2558,0,0,1,0,0,0,0,0,0,1,17,16,0,Elderly (>60),Medium Income,Inactive (>60d),Bronze Spender,Large Family (>1 Kid),Single,PhD,Established,Wines,18,0,Never Accepted,No Acceptance
51983.0,0,1,95,631,0,115,10,7,30,3,9,2,10,7,0,0,0,0,0,0,3,11,0,56,2826,1,0,0,0,0,0,0,1,0,0,763,733,0,Senior (46-60),Medium Income,Inactive (>60d),Gold Spender,Small Family (1 Kid),Divorced,Graduation,Long-term Member,Wines,793,0,Never Accepted,No Acceptance
42386.0,1,0,43,65,4,16,0,4,11,1,3,0,3,8,0,0,0,0,0,0,3,11,0,34,2691,0,0,0,1,0,0,0,0,1,0,89,78,0,Middle-Aged (31-45),Medium Income,At-Risk (31-60d),Bronze Spender,Small Family (1 Kid),Together,Master,Long-term Member,Wines,100,0,Never Accepted,No Acceptance
30390.0,0,0,5,10,12,12,25,1,20,1,2,0,3,6,0,0,0,0,0,0,3,11,0,33,2459,0,1,0,0,0,1,0,0,0,0,60,40,0,Middle-Aged (31-45),Low Income,Active (0-30d),Bronze Spender,No Children,Married,2n Cycle,Established,FishProducts,80,0,Never Accepted,No Acceptance
30983.0,0,0,50,51,4,50,12,1,49,1,4,0,3,8,0,0,0,0,0,0,3,11,1,57,2756,0,0,1,0,0,0,0,1,0,0,118,69,0,Senior (46-60),Low Income,At-Risk (31-60d),Silver Spender,No Children,Single,Graduation,Long-term Member,Wines,167,0,Never Accepted,No Acceptance
66033.0,0,1,76,293,35,179,46,59,65,2,8,3,7,7,0,0,0,0,0,0,3,11,0,63,2684,0,0,0,0,1,0,0,1,0,0,612,547,0,Elderly (>60),High Income,Inactive (>60d),Silver Spender,Small Family (1 Kid),Widow,Graduation,Long-term Member,Wines,677,0,Never Accepted,No Acceptance
37284.0,1,1,46,11,1,2,2,1,6,1,0,0,3,6,0,0,0,0,0,0,3,11,0,45,2616,0,1,0,0,0,1,0,0,0,0,17,11,0,Middle-Aged (31-45),Low Income,At-Risk (31-60d),Bronze Spender,Large Family (>1 Kid),Married,2n Cycle,Established,Wines,23,0,Never Accepted,No Acceptance
57530.0,0,1,68,50,1,27,6,7,1,1,1,1,4,1,0,0,0,0,0,0,3,11,0,69,2419,1,0,0,0,0,0,0,0,1,0,91,90,0,Elderly (>60),Medium Income,Inactive (>60d),Silver Spender,Small Family (1 Kid),Divorced,Master,Established,Wines,92,0,Never Accepted,No Acceptance
76800.0,0,0,33,173,26,255,35,71,81,1,4,4,7,1,0,0,0,0,0,0,3,11,0,55,2272,0,1,0,0,0,1,0,0,0,0,560,479,0,Senior (46-60),High Income,At-Risk (31-60d),Silver Spender,No Children,Married,2n Cycle,New Member,MeatProducts,641,0,Never Accepted,No Acceptance
63943.0,0,1,50,423,184,368,13,97,21,1,6,4,6,5,0,0,0,0,0,0,3,11,0,64,2824,0,1,0,0,0,0,0,1,0,0,1085,1064,0,Elderly (>60),High Income,At-Risk (31-60d),Gold Spender,Small Family (1 Kid),Married,Graduation,Long-term Member,Wines,1106,0,Never Accepted,No Acceptance
76081.0,0,0,85,292,30,415,63,33,200,1,4,5,4,2,0,0,0,1,0,0,3,11,0,58,2196,0,0,0,1,0,0,0,1,0,0,833,633,1,Senior (46-60),High Income,Inactive (>60d),Gold Spender,No Children,Together,Graduation,New Member,MeatProducts,1033,1,Occasional Responder,Campaign 1
67445.0,0,1,63,757,80,217,29,80,11,5,9,6,12,6,0,0,0,0,0,0,3,11,0,46,2845,0,1,0,0,0,0,0,1,0,0,1163,1152,0,Senior (46-60),High Income,Inactive (>60d),Gold Spender,Small Family (1 Kid),Married,Graduation,Long-term Member,Wines,1174,0,Never Accepted,No Acceptance
37054.0,1,1,89,12,1,6,0,1,5,2,1,0,3,7,0,0,0,0,0,0,3,11,0,53,2446,0,1,0,0,0,0,0,0,1,0,20,15,0,Senior (46-60),Low Income,Inactive (>60d),Bronze Spender,Large Family (>1 Kid),Married,Master,Established,Wines,25,0,Never Accepted,No Acceptance
47175.0,1,1,81,167,2,44,6,2,19,7,4,2,4,8,1,0,0,0,0,0,3,11,1,58,2768,0,0,0,1,0,0,0,0,1,0,221,202,1,Senior (46-60),Medium Income,Inactive (>60d),Silver Spender,Large Family (>1 Kid),Together,Master,Long-term Member,Wines,240,1,Occasional Responder,Campaign 3
31859.0,1,0,77,3,1,3,8,0,5,1,1,0,2,7,0,0,0,0,0,0,3,11,0,44,2539,1,0,0,0,0,0,0,1,0,0,15,10,0,Middle-Aged (31-45),Low Income,Inactive (>60d),Bronze Spender,Small Family (1 Kid),Divorced,Graduation,Established,FishProducts,20,0,Never Accepted,No Acceptance
27215.0,2,1,50,30,5,22,8,9,28,4,2,1,4,6,0,0,0,0,0,0,3,11,0,59,2681,1,0,0,0,0,0,0,1,0,0,74,46,0,Senior (46-60),Low Income,At-Risk (31-60d),Bronze Spender,Large Family (>1 Kid),Divorced,Graduation,Long-term Member,Wines,102,0,Never Accepted,No Acceptance
70179.0,0,1,10,532,88,168,69,44,133,3,7,3,13,5,0,0,0,0,0,0,3,11,0,44,2502,1,0,0,0,0,0,0,0,0,1,901,768,0,Middle-Aged (31-45),High Income,Active (0-30d),Gold Spender,Small Family (1 Kid),Divorced,PhD,Established,Wines,1034,0,Never Accepted,No Acceptance
39922.0,1,0,30,29,12,59,19,1,36,2,3,0,4,8,0,0,0,0,0,0,3,11,0,37,2659,0,1,0,0,0,0,0,1,0,0,120,84,0,Middle-Aged (31-45),Low Income,Active (0-30d),Silver Spender,Small Family (1 Kid),Married,Graduation,Long-term Member,MeatProducts,156,0,Never Accepted,No Acceptance
49681.0,0,2,66,411,0,26,0,0,21,6,7,1,7,7,0,0,0,0,0,0,3,11,0,44,2396,0,1,0,0,0,0,0,0,1,0,437,416,0,Middle-Aged (31-45),Medium Income,Inactive (>60d),Silver Spender,Large Family (>1 Kid),Married,Master,New Member,Wines,458,0,Never Accepted,No Acceptance
24645.0,1,0,16,5,3,4,4,1,0,1,1,0,2,8,0,0,0,0,0,0,3,11,0,32,2764,0,1,0,0,0,0,0,1,0,0,17,17,0,Middle-Aged (31-45),Low Income,Active (0-30d),Bronze Spender,Small Family (1 Kid),Married,Graduation,Long-term Member,Wines,17,0,Never Accepted,No Acceptance
79865.0,0,1,12,71,99,278,185,121,38,1,5,10,5,1,0,0,0,0,0,0,3,11,0,66,2170,1,0,0,0,0,0,0,1,0,0,754,716,0,Elderly (>60),High Income,Active (0-30d),Silver Spender,Small Family (1 Kid),Divorced,Graduation,New Member,MeatProducts,792,0,Never Accepted,No Acceptance
44322.0,1,0,30,46,0,40,3,0,3,2,3,0,3,8,0,0,0,0,0,0,3,11,0,35,2172,0,1,0,0,0,0,0,1,0,0,89,86,0,Middle-Aged (31-45),Medium Income,Active (0-30d),Bronze Spender,Small Family (1 Kid),Married,Graduation,New Member,Wines,92,0,Never Accepted,No Acceptance
47958.0,0,1,8,268,11,88,15,3,22,2,6,3,5,5,0,0,0,0,0,0,3,11,0,68,2685,0,0,1,0,0,0,0,1,0,0,385,363,0,Elderly (>60),Medium Income,Active (0-30d),Silver Spender,Small Family (1 Kid),Single,Graduation,Long-term Member,Wines,407,0,Never Accepted,No Acceptance
63972.0,0,1,93,928,63,254,0,12,12,4,5,4,10,4,0,1,0,0,0,0,3,11,0,56,2733,0,0,1,0,0,0,0,0,1,0,1257,1245,1,Senior (46-60),High Income,Inactive (>60d),Gold Spender,Small Family (1 Kid),Single,Master,Long-term Member,Wines,1269,1,Occasional Responder,Campaign 4
75315.0,0,1,14,459,15,171,142,23,31,2,5,4,12,2,0,0,0,0,0,0,3,11,0,66,2234,0,0,0,1,0,0,0,1,0,0,810,779,0,Elderly (>60),High Income,Active (0-30d),Gold Spender,Small Family (1 Kid),Together,Graduation,New Member,Wines,841,0,Never Accepted,No Acceptance
55517.0,1,1,53,483,0,108,0,6,36,5,11,1,6,9,0,0,0,0,0,0,3,11,1,70,2799,0,1,0,0,0,0,0,0,0,1,597,561,0,Elderly (>60),Medium Income,At-Risk (31-60d),Silver Spender,Large Family (>1 Kid),Married,PhD,Long-term Member,Wines,633,0,Never Accepted,No Acceptance
75283.0,1,2,26,733,9,180,12,19,66,11,6,3,5,4,0,0,0,0,0,0,3,11,0,63,2618,0,1,0,0,0,0,0,0,0,1,953,887,0,Elderly (>60),High Income,Active (0-30d),Gold Spender,Large Family (>1 Kid),Married,PhD,Established,Wines,1019,0,Never Accepted,No Acceptance
82800.0,0,0,23,1006,22,115,59,68,45,1,7,6,12,3,0,0,1,1,0,0,3,11,1,74,2741,0,0,1,0,0,0,0,0,0,1,1270,1225,2,Elderly (>60),High Income,Active (0-30d),Gold Spender,No Children,Single,PhD,Long-term Member,Wines,1315,2,Occasional Responder,Campaign 1
38998.0,1,1,92,34,1,14,0,0,5,3,2,0,3,8,0,0,0,0,0,1,3,11,0,66,2762,0,1,0,0,0,0,0,1,0,0,49,44,0,Elderly (>60),Low Income,Inactive (>60d),Bronze Spender,Large Family (>1 Kid),Married,Graduation,Long-term Member,Wines,54,0,Never Accepted,No Acceptance
90638.0,0,0,29,1156,120,915,94,144,96,1,3,4,10,1,0,0,1,0,0,0,3,11,1,29,2295,0,0,1,0,0,0,0,0,1,0,2429,2333,1,Young Adult (<30),High Income,Active (0-30d),Gold Spender,No Children,Single,Master,New Member,Wines,2525,1,Occasional Responder,Campaign 5
27161.0,1,0,41,7,4,23,7,0,11,1,1,0,3,7,0,0,0,0,0,0,3,11,0,34,2403,0,1,0,0,0,0,0,0,1,0,41,30,0,Middle-Aged (31-45),Low Income,At-Risk (31-60d),Bronze Spender,Small Family (1 Kid),Married,Master,New Member,MeatProducts,52,0,Never Accepted,No Acceptance
42014.0,1,0,56,244,15,108,4,15,50,6,7,1,6,8,0,0,0,0,0,0,3,11,1,43,2840,0,1,0,0,0,0,0,1,0,0,386,336,0,Middle-Aged (31-45),Medium Income,At-Risk (31-60d),Silver Spender,Small Family (1 Kid),Married,Graduation,Long-term Member,Wines,436,0,Never Accepted,No Acceptance
38201.0,0,1,19,233,0,23,0,0,12,4,5,1,5,8,0,0,0,0,0,0,3,11,0,60,2616,0,0,0,1,0,0,0,0,0,1,256,244,0,Senior (46-60),Low Income,Active (0-30d),Silver Spender,Small Family (1 Kid),Together,PhD,Established,Wines,268,0,Never Accepted,No Acceptance
45203.0,2,0,4,35,3,67,10,8,24,1,3,1,3,6,0,0,0,0,0,0,3,11,1,38,2257,0,0,0,1,0,0,0,1,0,0,123,99,0,Middle-Aged (31-45),Medium Income,Active (0-30d),Silver Spender,Large Family (>1 Kid),Together,Graduation,New Member,MeatProducts,147,0,Never Accepted,No Acceptance
81574.0,0,0,89,1252,0,465,46,35,0,1,4,5,8,1,0,1,1,0,0,0,3,11,0,73,2221,0,0,0,1,0,0,0,0,0,1,1798,1798,2,Elderly (>60),High Income,Inactive (>60d),Gold Spender,No Children,Together,PhD,New Member,Wines,1798,2,Occasional Responder,Campaign 4
34935.0,0,0,71,34,4,66,3,10,20,1,2,1,4,7,0,0,0,0,0,0,3,11,0,28,2532,0,1,0,0,0,0,0,1,0,0,117,97,0,Young Adult (<30),Low Income,Inactive (>60d),Silver Spender,No Children,Married,Graduation,Established,MeatProducts,137,0,Never Accepted,No Acceptance
60482.0,0,1,81,255,43,134,37,14,24,1,7,2,7,7,0,0,0,0,0,0,3,11,0,44,2681,0,0,1,0,0,0,0,0,1,0,483,459,0,Middle-Aged (31-45),Medium Income,Inactive (>60d),Silver Spender,Small Family (1 Kid),Single,Master,Long-term Member,Wines,507,0,Never Accepted,No Acceptance
34633.0,2,1,31,8,1,5,0,0,1,1,1,0,2,6,0,0,0,0,0,0,3,11,0,64,2316,0,0,0,1,0,0,0,1,0,0,14,13,0,Elderly (>60),Low Income,At-Risk (31-60d),Bronze Spender,Large Family (>1 Kid),Together,Graduation,New Member,Wines,15,0,Never Accepted,No Acceptance
78093.0,0,0,53,368,32,639,13,43,10,1,4,7,5,1,0,0,0,0,0,0,3,11,0,73,2359,0,0,0,1,0,0,0,0,1,0,1095,1085,0,Elderly (>60),High Income,At-Risk (31-60d),Gold Spender,No Children,Together,Master,New Member,MeatProducts,1105,0,Never Accepted,No Acceptance
82460.0,0,0,78,255,47,573,52,32,15,1,5,3,6,1,0,0,0,0,0,0,3,11,0,70,2368,1,0,0,0,0,0,0,1,0,0,959,944,0,Elderly (>60),High Income,Inactive (>60d),Gold Spender,No Children,Divorced,Graduation,New Member,MeatProducts,974,0,Never Accepted,No Acceptance
45903.0,0,1,80,33,8,10,2,10,3,2,2,1,3,4,0,0,0,0,0,0,3,11,0,54,2226,0,0,0,1,0,0,0,0,1,0,63,60,0,Senior (46-60),Medium Income,Inactive (>60d),Bronze Spender,Small Family (1 Kid),Together,Master,New Member,Wines,66,0,Never Accepted,No Acceptance
81361.0,0,0,18,163,23,424,27,65,76,1,3,10,13,1,0,0,0,0,0,0,3,11,1,33,2283,1,0,0,0,0,0,0,1,0,0,702,626,0,Middle-Aged (31-45),High Income,Active (0-30d),Silver Spender,No Children,Divorced,Graduation,New Member,MeatProducts,778,0,Never Accepted,No Acceptance
35860.0,1,1,37,15,0,8,4,2,20,2,1,1,2,5,1,0,0,0,0,0,3,11,1,47,2200,1,0,0,0,0,0,0,0,0,1,29,9,1,Senior (46-60),Low Income,At-Risk (31-60d),Bronze Spender,Large Family (>1 Kid),Divorced,PhD,New Member,GoldProds,49,1,Occasional Responder,Campaign 3
40442.0,1,1,52,45,12,52,25,22,13,4,3,1,4,7,0,0,0,0,0,0,3,11,1,68,2838,0,0,0,1,0,0,0,0,1,0,156,143,0,Elderly (>60),Medium Income,At-Risk (31-60d),Silver Spender,Large Family (>1 Kid),Together,Master,Long-term Member,MeatProducts,169,0,Never Accepted,No Acceptance
61482.0,0,0,39,48,58,68,16,66,43,1,3,2,6,2,0,0,0,0,0,0,3,11,0,55,2161,0,1,0,0,0,0,0,1,0,0,256,213,0,Senior (46-60),Medium Income,At-Risk (31-60d),Silver Spender,No Children,Married,Graduation,New Member,MeatProducts,299,0,Never Accepted,No Acceptance
34968.0,1,0,11,158,6,45,8,2,2,7,3,2,5,7,0,0,0,0,0,0,3,11,0,40,2604,0,1,0,0,0,0,0,1,0,0,219,217,0,Middle-Aged (31-45),Low Income,Active (0-30d),Silver Spender,Small Family (1 Kid),Married,Graduation,Established,Wines,221,0,Never Accepted,No Acceptance
75794.0,0,0,33,754,160,625,63,32,48,1,7,5,12,3,0,0,0,1,0,0,3,11,0,33,2346,0,1,0,0,0,0,0,1,0,0,1634,1586,1,Middle-Aged (31-45),High Income,At-Risk (31-60d),Gold Spender,No Children,Married,Graduation,New Member,Wines,1682,1,Occasional Responder,Campaign 1
31497.0,0,1,22,108,1,28,13,1,4,2,3,1,4,8,0,0,0,0,0,0,3,11,0,58,2729,0,0,0,1,0,0,0,0,0,1,151,147,0,Senior (46-60),Low Income,Active (0-30d),Silver Spender,Small Family (1 Kid),Together,PhD,Long-term Member,Wines,155,0,Never Accepted,No Acceptance
74268.0,0,0,83,199,66,315,97,174,41,1,4,3,5,2,0,0,0,0,0,0,3,11,0,65,2659,0,1,0,0,0,0,0,1,0,0,851,810,0,Elderly (>60),High Income,Inactive (>60d),Gold Spender,No Children,Married,Graduation,Long-term Member,MeatProducts,892,0,Never Accepted,No Acceptance
13724.0,1,0,43,2,7,5,2,15,27,1,2,0,2,9,1,0,0,0,0,0,3,11,0,32,2826,0,0,0,1,0,0,1,0,0,0,31,4,1,Middle-Aged (31-45),Low Income,At-Risk (31-60d),Bronze Spender,Small Family (1 Kid),Together,Basic,Long-term Member,GoldProds,58,1,Occasional Responder,Campaign 3
45143.0,0,1,74,202,5,74,11,5,14,3,6,1,5,7,0,0,0,0,0,0,3,11,0,55,2466,0,0,0,1,0,0,0,0,1,0,297,283,0,Senior (46-60),Medium Income,Inactive (>60d),Silver Spender,Small Family (1 Kid),Together,Master,Established,Wines,311,0,Never Accepted,No Acceptance
52569.0,0,1,54,85,0,3,0,0,7,1,2,0,4,3,0,0,0,0,0,0,3,11,0,53,2244,0,0,1,0,0,0,0,0,0,1,88,81,0,Senior (46-60),Medium Income,At-Risk (31-60d),Bronze Spender,Small Family (1 Kid),Single,PhD,New Member,Wines,95,0,Never Accepted,No Acceptance
48432.0,0,1,3,322,3,50,4,3,42,5,7,1,6,8,0,0,0,0,0,0,3,11,1,47,2778,0,0,1,0,0,0,0,0,0,1,382,340,0,Senior (46-60),Medium Income,Active (0-30d),Silver Spender,Small Family (1 Kid),Single,PhD,Long-term Member,Wines,424,0,Never Accepted,No Acceptance
17144.0,1,1,96,18,2,19,0,2,6,5,3,0,4,7,0,0,0,0,0,0,3,11,0,60,2293,0,0,0,1,0,0,0,0,1,0,41,35,0,Senior (46-60),Low Income,Inactive (>60d),Bronze Spender,Large Family (>1 Kid),Together,Master,New Member,MeatProducts,47,0,Never Accepted,No Acceptance
36108.0,1,0,68,141,8,129,3,11,47,3,7,1,4,9,1,0,0,0,0,0,3,11,0,36,2416,0,0,1,0,0,0,0,1,0,0,292,245,1,Middle-Aged (31-45),Low Income,Inactive (>60d),Silver Spender,Small Family (1 Kid),Single,Graduation,Established,Wines,339,1,Occasional Responder,Campaign 3
76445.0,1,0,2,739,107,309,140,80,35,1,2,5,13,6,0,0,0,0,0,0,3,11,0,49,2798,0,1,0,0,0,0,0,1,0,0,1375,1340,0,Senior (46-60),High Income,Active (0-30d),Gold Spender,Small Family (1 Kid),Married,Graduation,Long-term Member,Wines,1410,0,Never Accepted,No Acceptance
36663.0,1,0,40,18,0,6,3,3,5,1,1,1,3,2,0,0,0,0,0,0,3,11,0,45,2224,0,1,0,0,0,0,0,0,0,1,30,25,0,Middle-Aged (31-45),Low Income,At-Risk (31-60d),Bronze Spender,Small Family (1 Kid),Married,PhD,New Member,Wines,35,0,Never Accepted,No Acceptance
53843.0,0,1,64,378,0,88,19,4,73,4,8,5,3,7,0,0,0,0,0,0,3,11,0,55,2526,0,1,0,0,0,0,0,0,1,0,489,416,0,Senior (46-60),Medium Income,Inactive (>60d),Silver Spender,Small Family (1 Kid),Married,Master,Established,Wines,562,0,Never Accepted,No Acceptance
90226.0,0,0,26,1083,108,649,253,151,108,1,4,7,12,2,0,0,0,1,0,0,3,11,0,64,2800,0,1,0,0,0,0,0,0,1,0,2244,2136,1,Elderly (>60),High Income,Active (0-30d),Gold Spender,No Children,Married,Master,Long-term Member,Wines,2352,1,Occasional Responder,Campaign 1
70638.0,0,0,69,1016,12,215,16,12,63,1,4,5,10,3,0,1,0,0,0,0,3,11,0,65,2552,1,0,0,0,0,0,0,0,1,0,1271,1208,1,Elderly (>60),High Income,Inactive (>60d),Gold Spender,No Children,Divorced,Master,Established,Wines,1334,1,Occasional Responder,Campaign 4
44512.0,1,1,57,23,1,6,0,0,2,2,1,0,3,4,0,0,0,0,0,0,3,11,0,60,2462,0,0,0,1,0,0,0,1,0,0,30,28,0,Senior (46-60),Medium Income,At-Risk (31-60d),Bronze Spender,Large Family (>1 Kid),Together,Graduation,Established,Wines,32,0,Never Accepted,No Acceptance
27116.0,1,1,78,12,1,21,2,2,3,2,2,0,3,7,0,0,0,0,0,0,3,11,0,59,2278,0,1,0,0,0,0,0,1,0,0,38,35,0,Senior (46-60),Low Income,Inactive (>60d),Bronze Spender,Large Family (>1 Kid),Married,Graduation,New Member,MeatProducts,41,0,Never Accepted,No Acceptance
54072.0,1,1,71,35,0,4,0,0,0,1,2,0,2,8,0,0,0,0,0,0,3,11,0,57,2496,0,1,0,0,0,0,0,0,0,1,39,39,0,Senior (46-60),Medium Income,Inactive (>60d),Bronze Spender,Large Family (>1 Kid),Married,PhD,Established,Wines,39,0,Never Accepted,No Acceptance
71855.0,0,1,59,548,31,422,0,112,28,4,5,5,11,3,0,0,0,0,0,0,3,11,0,43,2688,0,1,0,0,0,0,0,1,0,0,1113,1085,0,Middle-Aged (31-45),High Income,At-Risk (31-60d),Gold Spender,Small Family (1 Kid),Married,Graduation,Long-term Member,Wines,1141,0,Never Accepted,No Acceptance
51250.0,1,0,28,342,32,230,34,32,40,5,10,5,4,9,1,0,0,0,0,0,3,11,0,30,2615,0,0,1,0,0,1,0,0,0,0,670,630,1,Young Adult (<30),Medium Income,Active (0-30d),Silver Spender,Small Family (1 Kid),Single,2n Cycle,Established,Wines,710,1,Occasional Responder,Campaign 3
60432.0,0,1,61,365,3,15,4,3,11,5,7,2,5,6,0,0,0,0,0,0,3,11,0,47,2271,0,1,0,0,0,0,0,0,1,0,390,379,0,Senior (46-60),Medium Income,Inactive (>60d),Silver Spender,Small Family (1 Kid),Married,Master,New Member,Wines,401,0,Never Accepted,No Acceptance
65526.0,0,1,22,397,19,69,12,0,9,1,4,4,8,2,0,0,0,0,0,0,3,11,0,56,2238,0,1,0,0,0,0,0,0,0,1,497,488,0,Senior (46-60),High Income,Active (0-30d),Silver Spender,Small Family (1 Kid),Married,PhD,New Member,Wines,506,0,Never Accepted,No Acceptance
68655.0,0,0,95,456,19,832,75,118,38,1,4,5,11,3,0,0,0,0,0,0,3,11,0,32,2847,0,0,1,0,0,0,0,1,0,0,1500,1462,0,Middle-Aged (31-45),High Income,Inactive (>60d),Gold Spender,No Children,Single,Graduation,Long-term Member,MeatProducts,1538,0,Never Accepted,No Acceptance
12393.0,0,0,38,5,6,15,11,7,13,1,2,0,3,9,0,0,0,0,0,0,3,11,0,42,2731,0,1,0,0,0,1,0,0,0,0,44,31,0,Middle-Aged (31-45),Low Income,At-Risk (31-60d),Bronze Spender,No Children,Married,2n Cycle,Long-term Member,MeatProducts,57,0,Never Accepted,No Acceptance
64509.0,0,0,19,836,185,575,24,25,77,1,6,3,9,4,1,0,0,0,0,0,3,11,1,30,2475,0,0,1,0,0,0,0,1,0,0,1645,1568,1,Young Adult (<30),High Income,Active (0-30d),Gold Spender,No Children,Single,Graduation,Established,Wines,1722,1,Occasional Responder,Campaign 3
33955.0,1,0,92,100,2,128,23,7,10,4,5,1,5,8,0,0,0,0,0,0,3,11,0,45,2483,0,0,1,0,0,0,0,1,0,0,260,250,0,Middle-Aged (31-45),Low Income,Inactive (>60d),Silver Spender,Small Family (1 Kid),Single,Graduation,Established,MeatProducts,270,0,Never Accepted,No Acceptance
31353.0,1,1,24,10,0,10,3,1,7,2,1,1,2,8,0,0,0,0,0,0,3,11,1,43,2341,0,1,0,0,0,0,0,1,0,0,24,17,0,Middle-Aged (31-45),Low Income,Active (0-30d),Bronze Spender,Large Family (>1 Kid),Married,Graduation,New Member,Wines,31,0,Never Accepted,No Acceptance
55434.0,1,0,21,238,115,215,169,69,76,3,5,3,13,4,0,0,0,0,0,0,3,11,0,36,2426,0,1,0,0,0,0,0,1,0,0,806,730,0,Middle-Aged (31-45),Medium Income,Active (0-30d),Gold Spender,Small Family (1 Kid),Married,Graduation,Established,Wines,882,0,Never Accepted,No Acceptance
28359.0,1,0,35,6,0,5,2,1,2,1,1,0,2,7,0,0,0,0,0,0,3,11,0,37,2404,0,0,0,1,0,0,0,1,0,0,14,12,0,Middle-Aged (31-45),Low Income,At-Risk (31-60d),Bronze Spender,Small Family (1 Kid),Together,Graduation,Established,Wines,16,0,Never Accepted,No Acceptance
57100.0,1,0,9,158,11,99,15,11,17,2,3,2,7,3,0,0,0,0,0,0,3,11,0,33,2201,0,0,1,0,0,0,0,1,0,0,294,277,0,Middle-Aged (31-45),Medium Income,Active (0-30d),Silver Spender,Small Family (1 Kid),Single,Graduation,New Member,Wines,311,0,Never Accepted,No Acceptance
69139.0,0,1,23,86,12,75,33,15,6,1,4,1,5,4,0,0,0,0,0,0,3,11,0,55,2312,0,1,0,0,0,0,0,1,0,0,221,215,0,Senior (46-60),High Income,Active (0-30d),Silver Spender,Small Family (1 Kid),Married,Graduation,New Member,Wines,227,0,Never Accepted,No Acceptance
52973.0,0,1,92,856,0,76,12,9,199,7,9,6,9,8,0,0,0,0,0,0,3,11,0,64,2757,0,1,0,0,0,0,0,0,1,0,953,754,0,Elderly (>60),Medium Income,Inactive (>60d),Gold Spender,Small Family (1 Kid),Married,Master,Long-term Member,Wines,1152,0,Never Accepted,No Acceptance
51717.0,0,1,55,98,1,17,0,1,5,1,3,0,4,7,0,1,0,0,0,0,3,11,0,55,2472,0,0,0,1,0,0,0,0,0,1,117,112,1,Senior (46-60),Medium Income,At-Risk (31-60d),Silver Spender,Small Family (1 Kid),Together,PhD,Established,Wines,122,1,Occasional Responder,Campaign 4
18793.0,1,0,14,4,16,20,0,17,20,3,2,0,4,8,0,0,0,0,0,0,3,11,0,49,2692,0,1,0,0,0,0,0,1,0,0,57,37,0,Senior (46-60),Low Income,Active (0-30d),Bronze Spender,Small Family (1 Kid),Married,Graduation,Long-term Member,MeatProducts,77,0,Never Accepted,No Acceptance
66664.0,0,0,78,398,96,447,220,96,32,1,5,7,6,3,0,0,0,0,0,0,3,11,0,38,2801,0,0,0,1,0,1,0,0,0,0,1257,1225,0,Middle-Aged (31-45),High Income,Inactive (>60d),Gold Spender,No Children,Together,2n Cycle,Long-term Member,MeatProducts,1289,0,Never Accepted,No Acceptance
50664.0,1,1,64,313,8,104,6,4,126,9,8,1,6,9,0,0,0,0,0,0,3,11,0,61,2688,0,0,1,0,0,0,0,1,0,0,435,309,0,Elderly (>60),Medium Income,Inactive (>60d),Silver Spender,Large Family (>1 Kid),Single,Graduation,Long-term Member,Wines,561,0,Never Accepted,No Acceptance
54414.0,1,1,49,109,18,16,24,26,18,4,3,1,5,4,0,0,0,0,0,0,3,11,0,57,2681,0,0,0,1,0,0,0,1,0,0,193,175,0,Senior (46-60),Medium Income,At-Risk (31-60d),Silver Spender,Large Family (>1 Kid),Together,Graduation,Long-term Member,Wines,211,0,Never Accepted,No Acceptance
54549.0,0,1,8,216,2,6,0,0,9,2,5,1,4,7,0,0,0,0,0,0,3,11,0,68,2277,0,1,0,0,0,0,0,0,0,1,224,215,0,Elderly (>60),Medium Income,Active (0-30d),Silver Spender,Small Family (1 Kid),Married,PhD,New Member,Wines,233,0,Never Accepted,No Acceptance
47111.0,0,1,35,595,71,153,120,112,41,6,3,2,10,9,0,0,0,0,0,0,3,11,0,49,2818,0,0,0,0,1,0,0,0,0,1,1051,1010,0,Senior (46-60),Medium Income,At-Risk (31-60d),Gold Spender,Small Family (1 Kid),Widow,PhD,Long-term Member,Wines,1092,0,Never Accepted,No Acceptance
41003.0,0,0,11,123,133,142,71,44,88,1,6,2,8,6,0,0,0,0,0,0,3,11,0,57,2628,1,0,0,0,0,0,0,0,0,1,513,425,0,Senior (46-60),Medium Income,Active (0-30d),Silver Spender,No Children,Divorced,PhD,Established,MeatProducts,601,0,Never Accepted,No Acceptance
19444.0,1,0,8,16,0,23,3,2,10,3,4,1,2,7,0,0,0,0,0,0,3,11,1,38,2286,0,0,0,1,0,0,0,1,0,0,44,34,0,Middle-Aged (31-45),Low Income,Active (0-30d),Bronze Spender,Small Family (1 Kid),Together,Graduation,New Member,MeatProducts,54,0,Never Accepted,No Acceptance
36301.0,1,0,53,11,12,35,3,5,12,1,3,0,3,7,0,0,0,0,0,0,3,11,0,44,2406,0,0,0,1,0,1,0,0,0,0,66,54,0,Middle-Aged (31-45),Low Income,At-Risk (31-60d),Bronze Spender,Small Family (1 Kid),Together,2n Cycle,Established,MeatProducts,78,0,Never Accepted,No Acceptance
73059.0,0,1,36,410,112,420,0,82,71,1,9,3,13,4,0,0,0,0,0,0,3,11,0,73,2461,0,0,0,1,0,0,0,0,0,1,1024,953,0,Elderly (>60),High Income,At-Risk (31-60d),Gold Spender,Small Family (1 Kid),Together,PhD,Established,MeatProducts,1095,0,Never Accepted,No Acceptance
42731.0,1,0,64,159,2,51,6,2,24,3,4,1,5,5,0,0,0,0,0,0,3,11,0,51,2410,0,0,0,1,0,0,0,0,0,1,220,196,0,Senior (46-60),Medium Income,Inactive (>60d),Silver Spender,Small Family (1 Kid),Together,PhD,Established,Wines,244,0,Never Accepted,No Acceptance
52854.0,1,1,43,105,0,10,0,1,0,2,2,1,4,5,0,0,0,0,0,0,3,11,0,61,2256,0,1,0,0,0,0,0,0,0,1,116,116,0,Elderly (>60),Medium Income,At-Risk (31-60d),Silver Spender,Large Family (>1 Kid),Married,PhD,New Member,Wines,116,0,Never Accepted,No Acceptance
22775.0,1,0,40,5,1,8,0,0,1,1,1,0,2,8,0,0,0,0,0,0,3,11,0,42,2534,0,0,0,1,0,0,0,1,0,0,14,13,0,Middle-Aged (31-45),Low Income,At-Risk (31-60d),Bronze Spender,Small Family (1 Kid),Together,Graduation,Established,MeatProducts,15,0,Never Accepted,No Acceptance
46681.0,0,2,52,269,15,69,15,19,38,2,4,6,4,5,0,0,0,0,0,0,3,11,0,72,2423,0,0,0,1,0,0,0,0,0,1,387,349,0,Elderly (>60),Medium Income,At-Risk (31-60d),Silver Spender,Large Family (>1 Kid),Together,PhD,Established,Wines,425,0,Never Accepted,No Acceptance
59821.0,0,1,11,629,0,70,0,0,35,6,11,2,7,8,0,0,0,0,0,0,3,11,0,65,2602,0,1,0,0,0,0,0,0,0,1,699,664,0,Elderly (>60),Medium Income,Active (0-30d),Silver Spender,Small Family (1 Kid),Married,PhD,Established,Wines,734,0,Never Accepted,No Acceptance
50002.0,0,1,21,443,5,71,21,16,82,2,8,2,7,7,0,0,0,0,0,0,3,11,0,66,2536,1,0,0,0,0,0,0,1,0,0,556,474,0,Elderly (>60),Medium Income,Active (0-30d),Silver Spender,Small Family (1 Kid),Divorced,Graduation,Established,Wines,638,0,Never Accepted,No Acceptance
69755.0,0,0,23,217,77,373,111,23,93,1,3,6,12,1,0,0,0,0,0,0,3,11,0,75,2429,0,1,0,0,0,0,0,1,0,0,801,708,0,Elderly (>60),High Income,Active (0-30d),Gold Spender,No Children,Married,Graduation,Established,MeatProducts,894,0,Never Accepted,No Acceptance
44078.0,1,1,17,24,1,10,2,0,4,2,2,0,3,5,0,0,0,0,0,0,3,11,0,51,2169,0,1,0,0,0,0,0,1,0,0,37,33,0,Senior (46-60),Medium Income,Active (0-30d),Bronze Spender,Large Family (>1 Kid),Married,Graduation,New Member,Wines,41,0,Never Accepted,No Acceptance
30560.0,1,0,6,9,1,5,4,5,7,1,1,0,3,7,0,0,0,0,0,0,3,11,0,44,2526,0,0,0,1,0,0,0,0,1,0,24,17,0,Middle-Aged (31-45),Low Income,Active (0-30d),Bronze Spender,Small Family (1 Kid),Together,Master,Established,Wines,31,0,Never Accepted,No Acceptance
35924.0,1,1,56,8,0,14,2,3,7,1,1,0,3,5,0,0,0,0,0,0,3,11,0,51,2257,0,0,0,1,0,0,0,0,1,0,27,20,0,Senior (46-60),Low Income,At-Risk (31-60d),Bronze Spender,Large Family (>1 Kid),Together,Master,New Member,MeatProducts,34,0,Never Accepted,No Acceptance
64140.0,0,2,71,1459,0,61,0,15,215,5,2,5,6,5,1,0,1,0,1,0,3,11,1,56,2438,1,0,0,0,0,0,0,0,0,1,1535,1320,3,Senior (46-60),High Income,Inactive (>60d),Gold Spender,Large Family (>1 Kid),Divorced,PhD,Established,Wines,1750,3,Campaign Enthusiast,Campaign 2
56386.0,1,1,51,230,48,214,13,32,75,8,9,1,7,9,0,0,0,0,0,0,3,11,0,39,2769,0,0,0,1,0,0,0,1,0,0,537,462,0,Middle-Aged (31-45),Medium Income,At-Risk (31-60d),Silver Spender,Large Family (>1 Kid),Together,Graduation,Long-term Member,Wines,612,0,Never Accepted,No Acceptance
24594.0,1,0,94,1,3,6,10,0,9,1,1,0,3,5,0,0,0,0,0,0,3,11,0,41,2360,0,0,0,1,0,0,1,0,0,0,20,11,0,Middle-Aged (31-45),Low Income,Inactive (>60d),Bronze Spender,Small Family (1 Kid),Together,Basic,New Member,FishProducts,29,0,Never Accepted,No Acceptance
75774.0,1,0,27,340,21,134,258,14,56,1,7,5,8,4,0,0,0,0,0,0,3,11,0,39,2217,0,0,0,1,0,1,0,0,0,0,767,711,0,Middle-Aged (31-45),High Income,Active (0-30d),Gold Spender,Small Family (1 Kid),Together,2n Cycle,New Member,Wines,823,0,Never Accepted,No Acceptance
39228.0,0,0,1,7,1,6,0,3,3,1,0,0,3,4,0,0,0,0,0,0,3,11,0,60,2574,1,0,0,0,0,0,0,0,1,0,17,14,0,Senior (46-60),Low Income,Active (0-30d),Bronze Spender,No Children,Divorced,Master,Established,Wines,20,0,Never Accepted,No Acceptance
58494.0,0,1,56,298,7,68,4,0,19,2,6,2,6,6,0,0,0,0,0,0,3,11,0,46,2358,0,1,0,0,0,0,0,0,1,0,377,358,0,Senior (46-60),Medium Income,At-Risk (31-60d),Silver Spender,Small Family (1 Kid),Married,Master,New Member,Wines,396,0,Never Accepted,No Acceptance
58684.0,0,0,71,479,35,179,28,7,85,1,5,3,12,2,0,1,0,0,0,0,3,11,0,39,2172,0,0,1,0,0,0,0,1,0,0,728,643,1,Middle-Aged (31-45),Medium Income,Inactive (>60d),Silver Spender,No Children,Single,Graduation,New Member,Wines,813,1,Occasional Responder,Campaign 4
57136.0,0,0,18,267,140,599,34,12,127,1,7,5,7,6,0,0,0,0,0,0,3,11,1,53,2566,1,0,0,0,0,0,0,1,0,0,1052,925,0,Senior (46-60),Medium Income,Active (0-30d),Gold Spender,No Children,Divorced,Graduation,Established,MeatProducts,1179,0,Never Accepted,No Acceptance
56551.0,1,1,48,67,4,32,17,2,16,3,2,1,4,4,0,0,0,0,0,0,3,11,0,70,2212,0,0,0,0,1,0,0,0,0,1,122,106,0,Elderly (>60),Medium Income,At-Risk (31-60d),Silver Spender,Large Family (>1 Kid),Widow,PhD,New Member,Wines,138,0,Never Accepted,No Acceptance
22448.0,1,0,86,3,1,8,23,2,18,3,2,1,3,3,0,0,0,0,0,0,3,11,0,38,2282,0,1,0,0,0,0,0,1,0,0,37,19,0,Middle-Aged (31-45),Low Income,Inactive (>60d),Bronze Spender,Small Family (1 Kid),Married,Graduation,New Member,FishProducts,55,0,Never Accepted,No Acceptance
82014.0,0,0,48,980,37,265,35,163,31,1,3,6,12,6,0,0,0,0,0,0,3,11,1,59,2837,0,0,1,0,0,0,0,1,0,0,1480,1449,0,Senior (46-60),High Income,At-Risk (31-60d),Gold Spender,No Children,Single,Graduation,Long-term Member,Wines,1511,0,Never Accepted,No Acceptance
34213.0,1,1,2,50,4,28,6,3,26,3,3,1,2,9,0,0,0,0,0,0,3,11,1,57,2819,0,0,0,0,1,0,0,1,0,0,91,65,0,Senior (46-60),Low Income,Active (0-30d),Silver Spender,Large Family (>1 Kid),Widow,Graduation,Long-term Member,Wines,117,0,Never Accepted,No Acceptance
25358.0,0,1,57,19,0,5,0,0,8,2,1,0,3,6,0,0,0,0,0,0,3,11,0,73,2501,0,0,0,0,1,0,0,0,0,1,24,16,0,Elderly (>60),Low Income,At-Risk (31-60d),Bronze Spender,Small Family (1 Kid),Widow,PhD,Established,Wines,32,0,Never Accepted,No Acceptance
35544.0,1,0,77,30,5,23,4,1,4,1,2,0,3,7,0,0,0,0,0,0,3,11,0,42,2272,0,0,1,0,0,0,0,0,1,0,63,59,0,Middle-Aged (31-45),Low Income,Inactive (>60d),Bronze Spender,Small Family (1 Kid),Single,Master,New Member,Wines,67,0,Never Accepted,No Acceptance
36634.0,0,1,0,213,9,76,4,3,30,3,5,2,5,7,0,0,0,0,0,0,3,11,0,66,2556,0,0,0,1,0,0,0,0,1,0,305,275,0,Elderly (>60),Low Income,Active (0-30d),Silver Spender,Small Family (1 Kid),Together,Master,Established,Wines,335,0,Never Accepted,No Acceptance
62670.0,0,1,57,539,30,92,80,46,38,1,5,3,13,3,0,0,0,0,0,0,3,11,0,66,2306,0,1,0,0,0,0,0,0,0,1,787,749,0,Elderly (>60),High Income,At-Risk (31-60d),Gold Spender,Small Family (1 Kid),Married,PhD,New Member,Wines,825,0,Never Accepted,No Acceptance
50334.0,0,1,24,284,16,160,84,16,134,6,7,4,6,6,0,0,0,0,0,0,3,11,0,48,2499,0,0,0,1,0,1,0,0,0,0,560,426,0,Senior (46-60),Medium Income,Active (0-30d),Silver Spender,Small Family (1 Kid),Together,2n Cycle,Established,Wines,694,0,Never Accepted,No Acceptance
72066.0,0,0,55,1003,34,536,134,51,34,1,4,6,6,2,0,0,1,1,0,0,3,11,1,39,2165,0,0,1,0,0,0,0,1,0,0,1758,1724,2,Middle-Aged (31-45),High Income,At-Risk (31-60d),Gold Spender,No Children,Single,Graduation,New Member,Wines,1792,2,Occasional Responder,Campaign 1
50729.0,1,1,62,239,13,143,45,4,52,9,6,2,7,6,0,0,0,0,0,0,3,11,0,62,2582,0,0,1,0,0,0,0,0,0,1,444,392,0,Elderly (>60),Medium Income,Inactive (>60d),Silver Spender,Large Family (>1 Kid),Single,PhD,Established,Wines,496,0,Never Accepted,No Acceptance
34916.0,2,0,89,51,23,82,33,0,42,4,5,1,3,9,0,0,0,0,0,0,3,11,0,52,2569,0,0,0,1,0,0,0,1,0,0,189,147,0,Senior (46-60),Low Income,Inactive (>60d),Silver Spender,Large Family (>1 Kid),Together,Graduation,Established,MeatProducts,231,0,Never Accepted,No Acceptance
64892.0,0,1,77,527,24,230,32,24,65,2,6,4,12,4,0,0,0,0,0,0,3,11,0,44,2190,1,0,0,0,0,0,0,1,0,0,837,772,0,Middle-Aged (31-45),High Income,Inactive (>60d),Gold Spender,Small Family (1 Kid),Divorced,Graduation,New Member,Wines,902,0,Never Accepted,No Acceptance
43602.0,1,1,45,19,5,12,10,3,19,3,3,1,2,6,0,0,0,0,0,0,3,11,0,54,2329,0,0,1,0,0,0,0,1,0,0,49,30,0,Senior (46-60),Medium Income,At-Risk (31-60d),Bronze Spender,Large Family (>1 Kid),Single,Graduation,New Member,Wines,68,0,Never Accepted,No Acceptance
33996.0,0,0,46,40,2,15,8,0,6,1,1,1,3,4,0,0,0,0,0,0,3,11,0,31,2450,0,0,1,0,0,0,0,0,0,1,65,59,0,Middle-Aged (31-45),Low Income,At-Risk (31-60d),Bronze Spender,No Children,Single,PhD,Established,Wines,71,0,Never Accepted,No Acceptance
41473.0,1,0,80,21,8,20,15,3,9,1,2,0,3,7,0,0,0,0,0,0,3,11,0,35,2534,0,0,1,0,0,1,0,0,0,0,67,58,0,Middle-Aged (31-45),Medium Income,Inactive (>60d),Bronze Spender,Small Family (1 Kid),Single,2n Cycle,Established,Wines,76,0,Never Accepted,No Acceptance
63246.0,0,2,60,593,30,91,29,22,7,1,6,3,12,4,0,0,0,0,0,0,3,11,0,53,2472,0,1,0,0,0,0,0,0,0,1,765,758,0,Senior (46-60),High Income,At-Risk (31-60d),Gold Spender,Large Family (>1 Kid),Married,PhD,Established,Wines,772,0,Never Accepted,No Acceptance
36732.0,1,1,71,21,5,3,10,1,7,3,1,1,4,2,0,0,0,0,0,0,3,11,0,61,2341,0,1,0,0,0,0,0,0,0,1,40,33,0,Elderly (>60),Low Income,Inactive (>60d),Bronze Spender,Large Family (>1 Kid),Married,PhD,New Member,Wines,47,0,Never Accepted,No Acceptance
69084.0,1,0,43,1181,107,199,39,30,30,2,7,3,13,8,0,0,0,0,0,0,3,11,0,50,2381,0,1,0,0,0,0,0,0,0,1,1556,1526,0,Senior (46-60),High Income,At-Risk (31-60d),Gold Spender,Small Family (1 Kid),Married,PhD,New Member,Wines,1586,0,Never Accepted,No Acceptance
77766.0,0,1,97,1004,59,265,115,59,27,2,11,10,11,6,1,0,0,0,0,0,3,11,1,53,2651,0,1,0,0,0,0,0,0,0,1,1502,1475,1,Senior (46-60),High Income,Inactive (>60d),Gold Spender,Small Family (1 Kid),Married,PhD,Long-term Member,Wines,1529,1,Occasional Responder,Campaign 3
37929.0,0,0,49,202,2,46,3,2,10,2,4,2,5,7,0,1,0,1,0,0,3,11,1,35,2493,0,0,1,0,0,0,0,0,0,1,255,245,2,Middle-Aged (31-45),Low Income,At-Risk (31-60d),Silver Spender,No Children,Single,PhD,Established,Wines,265,2,Occasional Responder,Campaign 1
86610.0,0,0,66,446,107,768,33,196,53,1,5,6,6,2,0,0,0,0,0,0,3,11,0,69,2456,0,0,0,1,0,0,0,1,0,0,1550,1497,0,Elderly (>60),High Income,Inactive (>60d),Gold Spender,No Children,Together,Graduation,Established,MeatProducts,1603,0,Never Accepted,No Acceptance
80141.0,0,0,20,1184,102,673,52,40,40,1,7,4,10,6,0,0,1,0,0,0,3,11,1,34,2693,0,1,0,0,0,0,0,0,1,0,2051,2011,1,Middle-Aged (31-45),High Income,Active (0-30d),Gold Spender,No Children,Married,Master,Long-term Member,Wines,2091,1,Occasional Responder,Campaign 5
72635.0,0,0,54,390,22,323,104,35,107,1,6,8,6,3,0,0,0,1,0,0,3,11,0,65,2550,0,1,0,0,0,1,0,0,0,0,874,767,1,Elderly (>60),High Income,At-Risk (31-60d),Gold Spender,No Children,Married,2n Cycle,Established,Wines,981,1,Occasional Responder,Campaign 1
69016.0,0,1,61,726,53,363,123,107,161,4,8,9,13,5,0,0,0,0,0,0,3,11,0,50,2743,0,1,0,0,0,0,0,1,0,0,1372,1211,0,Senior (46-60),High Income,Inactive (>60d),Gold Spender,Small Family (1 Kid),Married,Graduation,Long-term Member,Wines,1533,0,Never Accepted,No Acceptance
20193.0,0,0,18,8,8,22,24,11,9,1,1,1,4,4,0,0,0,0,0,0,3,11,0,29,2737,0,0,0,1,0,1,0,0,0,0,73,64,0,Young Adult (<30),Low Income,Active (0-30d),Bronze Spender,No Children,Together,2n Cycle,Long-term Member,FishProducts,82,0,Never Accepted,No Acceptance
27573.0,1,0,45,50,15,110,39,15,15,4,5,1,4,8,0,0,0,0,0,0,3,11,0,45,2620,0,1,0,0,0,0,0,1,0,0,229,214,0,Middle-Aged (31-45),Low Income,At-Risk (31-60d),Silver Spender,Small Family (1 Kid),Married,Graduation,Established,MeatProducts,244,0,Never Accepted,No Acceptance
15862.0,1,0,26,1,1,4,11,9,10,1,1,0,3,8,0,0,0,0,0,0,3,11,0,41,2526,0,0,1,0,0,0,1,0,0,0,26,16,0,Middle-Aged (31-45),Low Income,Active (0-30d),Bronze Spender,Small Family (1 Kid),Single,Basic,Established,FishProducts,36,0,Never Accepted,No Acceptance
49544.0,1,0,0,308,0,73,0,0,23,2,5,1,8,7,0,0,0,0,0,0,3,11,0,44,2661,0,1,0,0,0,0,0,0,0,1,381,358,0,Middle-Aged (31-45),Medium Income,Active (0-30d),Silver Spender,Small Family (1 Kid),Married,PhD,Long-term Member,Wines,404,0,Never Accepted,No Acceptance
33228.0,1,0,28,22,2,31,7,4,5,1,2,0,3,7,0,0,0,0,0,0,3,11,0,40,2316,0,1,0,0,0,0,0,1,0,0,66,61,0,Middle-Aged (31-45),Low Income,Active (0-30d),Bronze Spender,Small Family (1 Kid),Married,Graduation,New Member,MeatProducts,71,0,Never Accepted,No Acceptance
70440.0,0,0,49,690,117,499,76,102,88,1,5,10,7,3,0,0,0,1,0,0,3,11,0,42,2423,0,0,0,1,0,0,0,1,0,0,1484,1396,1,Middle-Aged (31-45),High Income,At-Risk (31-60d),Gold Spender,No Children,Together,Graduation,Established,Wines,1572,1,Occasional Responder,Campaign 1
38232.0,1,1,84,43,5,28,7,6,33,4,3,1,3,5,0,0,0,0,0,0,3,11,0,49,2322,0,0,0,1,0,0,0,1,0,0,89,56,0,Senior (46-60),Low Income,Inactive (>60d),Bronze Spender,Large Family (>1 Kid),Together,Graduation,New Member,Wines,122,0,Never Accepted,No Acceptance
22554.0,1,1,38,27,0,10,0,0,4,4,2,0,4,5,0,0,0,0,0,0,3,11,0,65,2762,0,1,0,0,0,0,0,0,0,1,37,33,0,Elderly (>60),Low Income,At-Risk (31-60d),Bronze Spender,Large Family (>1 Kid),Married,PhD,Long-term Member,Wines,41,0,Never Accepted,No Acceptance
23536.0,1,0,53,6,0,3,0,0,1,1,0,0,3,3,0,0,0,0,0,0,3,11,0,37,2184,0,1,0,0,0,0,0,0,0,1,9,8,0,Middle-Aged (31-45),Low Income,At-Risk (31-60d),Bronze Spender,Small Family (1 Kid),Married,PhD,New Member,Wines,10,0,Never Accepted,No Acceptance
49413.0,0,1,88,205,7,41,3,2,46,2,4,2,5,5,0,0,0,0,0,0,3,11,0,68,2406,0,1,0,0,0,0,0,1,0,0,258,212,0,Elderly (>60),Medium Income,Inactive (>60d),Silver Spender,Small Family (1 Kid),Married,Graduation,Established,Wines,304,0,Never Accepted,No Acceptance
42231.0,1,1,99,24,0,8,0,1,4,1,1,0,3,5,0,0,0,0,0,0,3,11,0,51,2255,0,1,0,0,0,0,0,1,0,0,33,29,0,Senior (46-60),Medium Income,Inactive (>60d),Bronze Spender,Large Family (>1 Kid),Married,Graduation,New Member,Wines,37,0,Never Accepted,No Acceptance
78789.0,0,0,12,667,50,850,21,83,83,1,4,6,5,2,0,0,0,0,0,0,3,11,1,40,2849,1,0,0,0,0,0,0,0,1,0,1671,1588,0,Middle-Aged (31-45),High Income,Active (0-30d),Gold Spender,No Children,Divorced,Master,Long-term Member,MeatProducts,1754,0,Never Accepted,No Acceptance
56534.0,0,1,35,691,7,61,10,0,46,4,10,4,7,8,0,1,0,0,1,0,3,11,1,52,2500,0,0,0,1,0,0,0,1,0,0,769,723,2,Senior (46-60),Medium Income,At-Risk (31-60d),Gold Spender,Small Family (1 Kid),Together,Graduation,Established,Wines,815,2,Occasional Responder,Campaign 2
58350.0,0,1,5,493,26,206,116,80,80,4,8,3,12,6,0,0,0,0,0,0,3,11,0,49,2700,0,0,1,0,0,0,0,1,0,0,921,841,0,Senior (46-60),Medium Income,Active (0-30d),Gold Spender,Small Family (1 Kid),Single,Graduation,Long-term Member,Wines,1001,0,Never Accepted,No Acceptance
81217.0,0,0,77,493,70,324,146,40,84,1,3,7,11,1,0,0,0,0,0,0,3,11,0,31,2504,0,0,1,0,0,0,0,1,0,0,1073,989,0,Middle-Aged (31-45),High Income,Inactive (>60d),Gold Spender,No Children,Single,Graduation,Established,Wines,1157,0,Never Accepted,No Acceptance
49090.0,0,1,45,494,5,82,7,0,100,3,7,2,9,7,0,0,0,0,0,0,3,11,0,69,2504,0,0,1,0,0,0,0,1,0,0,588,488,0,Elderly (>60),Medium Income,At-Risk (31-60d),Silver Spender,Small Family (1 Kid),Single,Graduation,Established,Wines,688,0,Never Accepted,No Acceptance
61787.0,0,0,71,621,73,414,78,48,85,1,8,4,6,5,0,0,0,0,0,0,3,11,0,33,2517,1,0,0,0,0,0,0,0,1,0,1234,1149,0,Middle-Aged (31-45),Medium Income,Inactive (>60d),Gold Spender,No Children,Divorced,Master,Established,Wines,1319,0,Never Accepted,No Acceptance
18169.0,1,0,40,9,0,5,0,0,7,1,1,0,2,8,0,0,0,0,0,0,3,11,0,35,2654,0,1,0,0,0,0,0,0,0,1,14,7,0,Middle-Aged (31-45),Low Income,At-Risk (31-60d),Bronze Spender,Small Family (1 Kid),Married,PhD,Long-term Member,Wines,21,0,Never Accepted,No Acceptance
24336.0,1,0,82,1,6,2,8,2,12,1,1,0,2,7,0,0,0,0,0,0,3,11,0,39,2830,0,0,1,0,0,1,0,0,0,0,19,7,0,Middle-Aged (31-45),Low Income,Inactive (>60d),Bronze Spender,Small Family (1 Kid),Single,2n Cycle,Long-term Member,GoldProds,31,0,Never Accepted,No Acceptance
18222.0,0,0,70,12,4,19,12,6,14,1,2,0,3,8,0,0,0,0,0,0,3,11,0,30,2704,0,1,0,0,0,0,0,1,0,0,53,39,0,Young Adult (<30),Low Income,Inactive (>60d),Bronze Spender,No Children,Married,Graduation,Long-term Member,MeatProducts,67,0,Never Accepted,No Acceptance
62335.0,0,1,87,243,131,217,85,6,26,2,3,3,13,2,0,0,0,0,0,0,3,11,0,68,2561,1,0,0,0,0,0,0,1,0,0,682,656,0,Elderly (>60),Medium Income,Inactive (>60d),Silver Spender,Small Family (1 Kid),Divorced,Graduation,Established,Wines,708,0,Never Accepted,No Acceptance
42033.0,1,1,95,11,1,4,2,0,7,1,1,0,2,7,0,0,0,0,0,0,3,11,0,49,2807,0,0,0,1,0,1,0,0,0,0,18,11,0,Senior (46-60),Medium Income,Inactive (>60d),Bronze Spender,Large Family (>1 Kid),Together,2n Cycle,Long-term Member,Wines,25,0,Never Accepted,No Acceptance
86580.0,0,0,72,532,21,127,26,20,20,0,4,2,5,1,0,0,1,0,0,0,3,11,0,37,2646,0,1,0,0,0,0,0,0,0,1,726,706,1,Middle-Aged (31-45),High Income,Inactive (>60d),Silver Spender,No Children,Married,PhD,Long-term Member,Wines,746,1,Occasional Responder,Campaign 5
41437.0,1,1,5,29,0,2,0,0,1,1,1,0,3,7,0,0,0,0,0,0,3,11,0,63,2804,1,0,0,0,0,0,0,0,0,1,31,30,0,Elderly (>60),Medium Income,Active (0-30d),Bronze Spender,Large Family (>1 Kid),Divorced,PhD,Long-term Member,Wines,32,0,Never Accepted,No Acceptance
73705.0,0,2,86,612,91,520,258,107,107,2,9,6,8,5,0,0,0,0,0,0,3,11,0,69,2275,0,0,0,0,1,0,0,0,1,0,1588,1481,0,Elderly (>60),High Income,Inactive (>60d),Gold Spender,Large Family (>1 Kid),Widow,Master,New Member,Wines,1695,0,Never Accepted,No Acceptance
61064.0,0,1,80,387,126,342,0,45,180,5,8,4,11,6,0,0,0,0,0,0,3,11,0,44,2826,0,1,0,0,0,0,0,1,0,0,900,720,0,Middle-Aged (31-45),Medium Income,Inactive (>60d),Gold Spender,Small Family (1 Kid),Married,Graduation,Long-term Member,Wines,1080,0,Never Accepted,No Acceptance
38452.0,1,1,62,56,0,14,0,0,2,3,3,0,3,7,0,0,0,0,0,0,3,11,0,65,2250,0,1,0,0,0,0,0,0,1,0,70,68,0,Elderly (>60),Low Income,Inactive (>60d),Bronze Spender,Large Family (>1 Kid),Married,Master,New Member,Wines,72,0,Never Accepted,No Acceptance
18358.0,1,0,49,6,8,19,16,4,4,3,3,0,4,7,0,0,0,0,0,0,3,11,0,31,2380,0,0,1,0,0,0,0,1,0,0,53,49,0,Middle-Aged (31-45),Low Income,At-Risk (31-60d),Bronze Spender,Small Family (1 Kid),Single,Graduation,New Member,MeatProducts,57,0,Never Accepted,No Acceptance
55012.0,0,1,85,582,0,65,0,0,13,6,8,2,9,5,0,0,0,0,0,0,3,11,0,47,2259,0,0,0,1,0,0,0,0,0,1,647,634,0,Senior (46-60),Medium Income,Inactive (>60d),Silver Spender,Small Family (1 Kid),Together,PhD,New Member,Wines,660,0,Never Accepted,No Acceptance
9722.0,1,0,7,6,17,16,6,16,42,4,3,1,3,8,0,0,0,0,0,0,3,11,1,47,2794,0,0,0,1,0,0,1,0,0,0,61,19,0,Senior (46-60),Low Income,Active (0-30d),Bronze Spender,Small Family (1 Kid),Together,Basic,Long-term Member,GoldProds,103,0,Never Accepted,No Acceptance
38175.0,1,0,6,70,6,69,2,3,3,3,3,1,4,7,0,0,0,0,0,0,3,11,0,36,2438,0,1,0,0,0,0,0,0,0,1,150,147,0,Middle-Aged (31-45),Low Income,Active (0-30d),Silver Spender,Small Family (1 Kid),Married,PhD,Established,Wines,153,0,Never Accepted,No Acceptance
58656.0,0,1,25,962,12,194,16,24,12,4,7,8,13,6,0,0,1,0,0,0,3,11,0,64,2806,0,0,0,1,0,0,0,0,1,0,1208,1196,1,Elderly (>60),Medium Income,Active (0-30d),Gold Spender,Small Family (1 Kid),Together,Master,Long-term Member,Wines,1220,1,Occasional Responder,Campaign 5
52117.0,0,1,55,112,10,107,30,0,20,2,5,2,4,7,0,0,0,0,0,0,3,11,0,55,2841,0,0,0,1,0,0,0,1,0,0,259,239,0,Senior (46-60),Medium Income,At-Risk (31-60d),Silver Spender,Small Family (1 Kid),Together,Graduation,Long-term Member,Wines,279,0,Never Accepted,No Acceptance
64813.0,1,0,81,293,0,124,179,97,52,1,7,2,10,5,0,0,0,0,0,0,3,11,0,42,2337,0,1,0,0,0,0,0,1,0,0,693,641,0,Middle-Aged (31-45),High Income,Inactive (>60d),Silver Spender,Small Family (1 Kid),Married,Graduation,New Member,Wines,745,0,Never Accepted,No Acceptance
54222.0,0,1,98,199,12,31,3,12,7,1,3,3,5,3,0,0,0,0,0,0,3,11,0,47,2279,0,1,0,0,0,0,0,0,0,1,257,250,0,Senior (46-60),Medium Income,Inactive (>60d),Silver Spender,Small Family (1 Kid),Married,PhD,New Member,Wines,264,0,Never Accepted,No Acceptance
83512.0,0,0,31,1060,61,835,80,20,101,1,4,7,10,1,1,0,1,1,1,0,3,11,1,34,2171,0,1,0,0,0,0,0,1,0,0,2056,1955,4,Middle-Aged (31-45),High Income,At-Risk (31-60d),Gold Spender,No Children,Married,Graduation,New Member,Wines,2157,4,Campaign Enthusiast,Campaign 1
77520.0,0,1,30,940,44,396,0,88,58,1,8,7,7,4,1,0,1,1,0,0,3,11,1,61,2464,0,1,0,0,0,0,0,0,1,0,1468,1410,3,Elderly (>60),High Income,Active (0-30d),Gold Spender,Small Family (1 Kid),Married,Master,Established,Wines,1526,3,Campaign Enthusiast,Campaign 1
41154.0,0,1,98,44,2,11,2,3,7,1,1,0,4,5,0,0,0,0,0,0,3,11,0,42,2605,0,0,0,1,0,0,0,1,0,0,62,55,0,Middle-Aged (31-45),Medium Income,Inactive (>60d),Bronze Spender,Small Family (1 Kid),Together,Graduation,Established,Wines,69,0,Never Accepted,No Acceptance
80398.0,0,0,92,342,51,936,207,35,26,1,5,8,12,3,0,0,1,0,0,0,3,11,0,54,2755,0,1,0,0,0,0,0,1,0,0,1571,1545,1,Senior (46-60),High Income,Inactive (>60d),Gold Spender,No Children,Married,Graduation,Long-term Member,MeatProducts,1597,1,Occasional Responder,Campaign 5
18746.0,1,0,41,2,10,11,12,9,20,2,3,0,3,6,0,0,0,0,0,0,3,11,0,28,2190,0,0,1,0,0,0,1,0,0,0,44,24,0,Young Adult (<30),Low Income,At-Risk (31-60d),Bronze Spender,Small Family (1 Kid),Single,Basic,New Member,GoldProds,64,0,Never Accepted,No Acceptance
35196.0,1,0,68,75,12,141,43,39,187,6,6,1,5,8,0,0,0,0,0,0,3,11,0,36,2752,0,0,0,1,0,0,0,1,0,0,310,123,0,Middle-Aged (31-45),Low Income,Inactive (>60d),Silver Spender,Small Family (1 Kid),Together,Graduation,Long-term Member,GoldProds,497,0,Never Accepted,No Acceptance
60230.0,0,1,78,520,20,367,39,81,40,2,6,3,6,5,0,0,0,0,0,0,3,11,0,64,2564,0,0,1,0,0,0,0,1,0,0,1027,987,0,Elderly (>60),Medium Income,Inactive (>60d),Gold Spender,Small Family (1 Kid),Single,Graduation,Established,Wines,1067,0,Never Accepted,No Acceptance
22108.0,1,1,46,5,3,9,6,2,6,2,2,0,3,7,0,0,0,0,0,0,3,11,0,43,2211,0,1,0,0,0,0,0,1,0,0,25,19,0,Middle-Aged (31-45),Low Income,At-Risk (31-60d),Bronze Spender,Large Family (>1 Kid),Married,Graduation,New Member,MeatProducts,31,0,Never Accepted,No Acceptance
44392.0,1,1,71,87,5,71,7,12,29,5,4,1,4,7,0,0,0,0,0,0,3,11,0,46,2456,0,0,0,1,0,0,0,1,0,0,182,153,0,Senior (46-60),Medium Income,Inactive (>60d),Silver Spender,Large Family (>1 Kid),Together,Graduation,Established,Wines,211,0,Never Accepted,No Acceptance
55424.0,0,1,6,462,61,184,10,53,107,4,7,5,9,6,1,0,0,0,0,0,3,11,1,44,2740,0,1,0,0,0,0,0,0,0,1,770,663,1,Middle-Aged (31-45),Medium Income,Active (0-30d),Gold Spender,Small Family (1 Kid),Married,PhD,Long-term Member,Wines,877,1,Occasional Responder,Campaign 3
17688.0,1,0,82,2,2,1,3,1,2,1,1,0,2,8,0,0,0,0,0,1,3,11,0,41,2691,0,1,0,0,0,0,0,1,0,0,9,7,0,Middle-Aged (31-45),Low Income,Inactive (>60d),Bronze Spender,Small Family (1 Kid),Married,Graduation,Long-term Member,FishProducts,11,0,Never Accepted,No Acceptance
92491.0,0,0,71,979,44,935,29,25,22,1,7,5,12,3,0,1,1,1,0,0,3,11,1,37,2583,0,1,0,0,0,0,0,0,0,1,2012,1990,3,Middle-Aged (31-45),High Income,Inactive (>60d),Gold Spender,No Children,Married,PhD,Established,Wines,2034,3,Campaign Enthusiast,Campaign 1
90273.0,0,0,32,704,129,853,120,74,111,1,5,6,7,2,0,1,1,1,0,0,3,11,1,29,2356,0,0,1,0,0,0,0,1,0,0,1880,1769,3,Young Adult (<30),High Income,At-Risk (31-60d),Gold Spender,No Children,Single,Graduation,New Member,MeatProducts,1991,3,Campaign Enthusiast,Campaign 1
82571.0,0,0,28,861,31,558,62,95,79,0,6,5,13,2,0,0,1,0,0,0,3,11,0,58,2247,0,0,0,0,1,0,0,0,0,1,1607,1528,1,Senior (46-60),High Income,Active (0-30d),Gold Spender,No Children,Widow,PhD,New Member,Wines,1686,1,Occasional Responder,Campaign 5
38513.0,1,0,20,172,3,115,16,0,18,5,6,1,5,8,0,0,0,0,0,0,3,11,1,38,2311,0,0,1,0,0,0,0,0,0,1,306,288,0,Middle-Aged (31-45),Low Income,Active (0-30d),Silver Spender,Small Family (1 Kid),Single,PhD,New Member,Wines,324,0,Never Accepted,No Acceptance
16653.0,1,0,10,5,7,31,15,4,7,3,2,1,3,6,0,0,0,0,0,0,3,11,1,41,2231,0,0,1,0,0,0,0,0,1,0,62,55,0,Middle-Aged (31-45),Low Income,Active (0-30d),Bronze Spender,Small Family (1 Kid),Single,Master,New Member,MeatProducts,69,0,Never Accepted,No Acceptance
42586.0,1,1,7,194,2,56,0,0,0,5,4,1,6,8,0,0,0,0,0,0,3,11,1,65,2767,0,0,0,1,0,0,0,1,0,0,252,252,0,Elderly (>60),Medium Income,Active (0-30d),Silver Spender,Large Family (>1 Kid),Together,Graduation,Long-term Member,Wines,252,0,Never Accepted,No Acceptance
23529.0,0,1,67,9,7,13,3,2,20,1,1,1,2,6,0,0,0,0,0,0,3,11,0,55,2697,0,0,1,0,0,0,1,0,0,0,34,14,0,Senior (46-60),Low Income,Inactive (>60d),Bronze Spender,Small Family (1 Kid),Single,Basic,Long-term Member,GoldProds,54,0,Never Accepted,No Acceptance
74881.0,1,1,48,505,72,270,36,27,54,4,9,2,12,5,0,0,0,0,0,0,3,11,0,59,2637,0,0,0,1,0,0,0,0,1,0,910,856,0,Senior (46-60),High Income,At-Risk (31-60d),Gold Spender,Large Family (>1 Kid),Together,Master,Long-term Member,Wines,964,0,Never Accepted,No Acceptance
71107.0,0,1,61,533,10,217,198,174,195,2,7,6,13,4,0,0,0,0,0,0,3,11,0,69,2656,0,1,0,0,0,0,0,1,0,0,1132,937,0,Elderly (>60),High Income,Inactive (>60d),Gold Spender,Small Family (1 Kid),Married,Graduation,Long-term Member,Wines,1327,0,Never Accepted,No Acceptance
46910.0,1,1,36,48,0,14,0,0,6,2,2,0,3,6,0,0,0,0,0,0,3,11,0,56,2257,0,0,0,1,0,0,0,0,0,1,62,56,0,Senior (46-60),Medium Income,At-Risk (31-60d),Bronze Spender,Large Family (>1 Kid),Together,PhD,New Member,Wines,68,0,Never Accepted,No Acceptance
18690.0,0,0,77,6,1,7,23,4,19,1,1,1,2,8,0,0,0,0,0,0,3,11,0,61,2707,0,1,0,0,0,0,0,1,0,0,41,22,0,Elderly (>60),Low Income,Inactive (>60d),Bronze Spender,No Children,Married,Graduation,Long-term Member,FishProducts,60,0,Never Accepted,No Acceptance
37244.0,1,1,90,18,2,10,0,0,25,1,1,1,2,7,1,0,0,0,0,0,3,11,0,65,2587,1,0,0,0,0,0,0,1,0,0,30,5,1,Elderly (>60),Low Income,Inactive (>60d),Bronze Spender,Large Family (>1 Kid),Divorced,Graduation,Established,GoldProds,55,1,Occasional Responder,Campaign 3
82427.0,0,0,35,482,147,509,104,107,107,1,3,5,12,1,0,0,1,0,0,0,3,11,0,54,2268,0,0,0,1,0,0,0,1,0,0,1349,1242,1,Senior (46-60),High Income,At-Risk (31-60d),Gold Spender,No Children,Together,Graduation,New Member,MeatProducts,1456,1,Occasional Responder,Campaign 5
75342.0,0,1,38,204,97,97,21,118,26,1,5,2,10,4,0,0,0,0,0,0,3,11,0,62,2578,0,0,1,0,0,1,0,0,0,0,537,511,0,Elderly (>60),High Income,At-Risk (31-60d),Silver Spender,Small Family (1 Kid),Single,2n Cycle,Established,Wines,563,0,Never Accepted,No Acceptance
70044.0,0,1,46,1073,0,250,153,14,14,4,7,10,5,5,0,0,0,0,0,0,3,11,0,66,2655,1,0,0,0,0,0,0,1,0,0,1490,1476,0,Elderly (>60),High Income,At-Risk (31-60d),Gold Spender,Small Family (1 Kid),Divorced,Graduation,Long-term Member,Wines,1504,0,Never Accepted,No Acceptance
79146.0,1,1,33,245,16,223,21,43,16,2,8,1,8,6,0,0,0,0,0,0,3,11,0,53,2225,0,0,1,0,0,0,0,1,0,0,548,532,0,Senior (46-60),High Income,At-Risk (31-60d),Silver Spender,Large Family (>1 Kid),Single,Graduation,New Member,Wines,564,0,Never Accepted,No Acceptance
77437.0,0,0,70,560,21,442,29,44,29,1,4,5,13,1,0,0,1,0,0,0,3,11,0,57,2374,0,1,0,0,0,0,0,1,0,0,1096,1067,1,Senior (46-60),High Income,Inactive (>60d),Gold Spender,No Children,Married,Graduation,New Member,Wines,1125,1,Occasional Responder,Campaign 5
54984.0,0,1,51,173,13,131,32,3,6,4,6,1,6,7,0,0,0,1,0,0,3,11,0,61,2195,0,1,0,0,0,0,0,1,0,0,352,346,1,Elderly (>60),Medium Income,At-Risk (31-60d),Silver Spender,Small Family (1 Kid),Married,Graduation,New Member,Wines,358,1,Occasional Responder,Campaign 1
42403.0,1,0,18,22,1,11,0,5,3,1,1,0,3,8,0,0,0,0,0,0,3,11,0,49,2359,0,1,0,0,0,0,0,0,0,1,39,36,0,Senior (46-60),Medium Income,Active (0-30d),Bronze Spender,Small Family (1 Kid),Married,PhD,New Member,Wines,42,0,Never Accepted,No Acceptance
55761.0,0,1,97,136,1,12,0,3,32,2,4,1,3,6,0,1,0,0,0,0,3,11,0,56,2225,0,0,0,1,0,0,0,1,0,0,152,120,1,Senior (46-60),Medium Income,Inactive (>60d),Silver Spender,Small Family (1 Kid),Together,Graduation,New Member,Wines,184,1,Occasional Responder,Campaign 4
37292.0,1,0,32,275,0,86,10,23,66,5,6,3,5,8,0,0,0,0,0,0,3,11,0,37,2596,0,0,0,1,0,0,0,1,0,0,394,328,0,Middle-Aged (31-45),Low Income,At-Risk (31-60d),Silver Spender,Small Family (1 Kid),Together,Graduation,Established,Wines,460,0,Never Accepted,No Acceptance
45576.0,0,0,9,56,19,29,2,14,25,1,3,1,3,8,0,0,0,0,0,0,3,11,1,75,2191,0,0,1,0,0,0,0,0,0,1,120,95,0,Elderly (>60),Medium Income,Active (0-30d),Silver Spender,No Children,Single,PhD,New Member,Wines,145,0,Never Accepted,No Acceptance
70321.0,0,0,6,303,23,751,82,26,191,1,6,5,13,4,0,0,0,0,0,0,3,11,1,73,2688,0,0,0,1,0,0,0,1,0,0,1185,994,0,Elderly (>60),High Income,Active (0-30d),Gold Spender,No Children,Together,Graduation,Long-term Member,MeatProducts,1376,0,Never Accepted,No Acceptance
58086.0,0,1,80,708,7,62,0,0,15,2,11,3,7,8,0,0,0,0,0,0,3,11,0,51,2684,1,0,0,0,0,0,0,0,0,1,777,762,0,Senior (46-60),Medium Income,Inactive (>60d),Gold Spender,Small Family (1 Kid),Divorced,PhD,Long-term Member,Wines,792,0,Never Accepted,No Acceptance
81795.0,0,0,74,324,132,693,27,118,88,1,4,11,7,2,0,0,0,0,0,0,3,11,0,68,2770,0,1,0,0,0,0,0,1,0,0,1294,1206,0,Elderly (>60),High Income,Inactive (>60d),Gold Spender,No Children,Married,Graduation,Long-term Member,MeatProducts,1382,0,Never Accepted,No Acceptance
28389.0,0,0,49,1,5,3,7,4,8,1,1,0,2,7,0,0,0,0,0,0,3,11,0,73,2745,0,0,0,1,0,0,1,0,0,0,20,12,0,Elderly (>60),Low Income,At-Risk (31-60d),Bronze Spender,No Children,Together,Basic,Long-term Member,GoldProds,28,0,Never Accepted,No Acceptance
66835.0,0,0,21,620,26,195,34,17,141,1,6,4,13,2,0,0,0,0,0,0,3,11,0,74,2433,0,1,0,0,0,0,0,0,1,0,892,751,0,Elderly (>60),High Income,Active (0-30d),Gold Spender,No Children,Married,Master,Established,Wines,1033,0,Never Accepted,No Acceptance
69901.0,0,1,95,312,21,206,102,92,149,3,7,3,10,5,0,0,0,0,0,0,3,11,0,51,2555,1,0,0,0,0,0,0,1,0,0,733,584,0,Senior (46-60),High Income,Inactive (>60d),Silver Spender,Small Family (1 Kid),Divorced,Graduation,Established,Wines,882,0,Never Accepted,No Acceptance
80360.0,0,0,56,1493,86,454,112,43,43,2,4,4,5,2,0,1,1,1,0,0,3,11,0,71,2642,0,1,0,0,0,0,0,0,0,1,2188,2145,3,Elderly (>60),High Income,At-Risk (31-60d),Gold Spender,No Children,Married,PhD,Long-term Member,Wines,2231,3,Campaign Enthusiast,Campaign 1
63342.0,0,1,48,918,21,118,13,10,21,3,8,3,5,6,0,1,0,0,0,0,3,11,1,59,2780,0,0,0,1,0,0,0,0,0,1,1080,1059,1,Senior (46-60),High Income,At-Risk (31-60d),Gold Spender,Small Family (1 Kid),Together,PhD,Long-term Member,Wines,1101,1,Occasional Responder,Campaign 4
44989.0,0,1,26,98,0,106,49,10,106,5,5,1,5,6,0,0,0,0,0,0,3,11,0,46,2814,0,1,0,0,0,0,0,1,0,0,263,157,0,Senior (46-60),Medium Income,Active (0-30d),Silver Spender,Small Family (1 Kid),Married,Graduation,Long-term Member,MeatProducts,369,0,Never Accepted,No Acceptance
31859.0,1,0,3,3,4,7,15,8,11,1,1,0,3,7,0,0,0,0,0,0,3,11,0,40,2281,0,0,1,0,0,1,0,0,0,0,37,26,0,Middle-Aged (31-45),Low Income,Active (0-30d),Bronze Spender,Small Family (1 Kid),Single,2n Cycle,New Member,FishProducts,48,0,Never Accepted,No Acceptance
51569.0,0,1,39,380,0,47,6,0,34,4,7,1,7,8,0,1,0,0,0,0,3,11,1,71,2661,0,0,0,0,1,0,0,0,0,1,433,399,1,Elderly (>60),Medium Income,At-Risk (31-60d),Silver Spender,Small Family (1 Kid),Widow,PhD,Long-term Member,Wines,467,1,Occasional Responder,Campaign 4
30372.0,1,1,33,15,0,12,7,3,7,3,2,0,3,7,0,0,0,0,0,0,3,11,0,49,2710,0,0,0,0,1,0,0,1,0,0,37,30,0,Senior (46-60),Low Income,At-Risk (31-60d),Bronze Spender,Large Family (>1 Kid),Widow,Graduation,Long-term Member,Wines,44,0,Never Accepted,No Acceptance
16014.0,1,1,42,3,9,4,7,8,7,4,1,1,4,3,0,0,0,0,0,0,3,11,0,41,2628,0,0,1,0,0,0,1,0,0,0,31,24,0,Middle-Aged (31-45),Low Income,At-Risk (31-60d),Bronze Spender,Large Family (>1 Kid),Single,Basic,Established,Fruits,38,0,Never Accepted,No Acceptance
41120.0,1,1,80,24,2,23,0,8,24,3,2,1,3,6,0,0,0,0,0,0,3,11,0,52,2394,0,1,0,0,0,0,0,1,0,0,57,33,0,Senior (46-60),Medium Income,Inactive (>60d),Bronze Spender,Large Family (>1 Kid),Married,Graduation,New Member,Wines,81,0,Never Accepted,No Acceptance
39763.0,1,0,9,80,1,60,4,6,16,2,5,1,2,9,0,0,0,0,0,0,3,11,1,49,2488,0,0,1,0,0,0,0,0,1,0,151,135,0,Senior (46-60),Low Income,Active (0-30d),Silver Spender,Small Family (1 Kid),Single,Master,Established,Wines,167,0,Never Accepted,No Acceptance
38725.0,1,1,52,31,0,6,2,1,5,2,1,0,4,4,0,0,0,0,0,0,3,11,0,65,2209,0,1,0,0,0,0,0,0,0,1,40,35,0,Elderly (>60),Low Income,At-Risk (31-60d),Bronze Spender,Large Family (>1 Kid),Married,PhD,New Member,Wines,45,0,Never Accepted,No Acceptance
77981.0,1,0,78,138,120,204,16,126,60,3,7,4,7,5,0,0,0,0,0,0,3,11,0,48,2558,0,1,0,0,0,0,0,1,0,0,604,544,0,Senior (46-60),High Income,Inactive (>60d),Silver Spender,Small Family (1 Kid),Married,Graduation,Established,MeatProducts,664,0,Never Accepted,No Acceptance
62905.0,0,1,68,166,75,96,119,107,59,3,7,2,8,4,0,0,0,0,0,0,3,11,0,56,2451,0,1,0,0,0,1,0,0,0,0,563,504,0,Senior (46-60),High Income,Inactive (>60d),Silver Spender,Small Family (1 Kid),Married,2n Cycle,Established,Wines,622,0,Never Accepted,No Acceptance
13533.0,1,0,45,12,3,8,8,0,17,2,2,0,3,7,0,0,0,0,0,0,3,11,0,41,2635,1,0,0,0,0,1,0,0,0,0,31,14,0,Middle-Aged (31-45),Low Income,At-Risk (31-60d),Bronze Spender,Small Family (1 Kid),Divorced,2n Cycle,Long-term Member,GoldProds,48,0,Never Accepted,No Acceptance
59481.0,0,1,47,178,3,85,71,66,58,2,3,3,8,2,0,0,0,0,0,0,3,11,0,45,2408,0,0,0,1,0,0,0,1,0,0,403,345,0,Middle-Aged (31-45),Medium Income,At-Risk (31-60d),Silver Spender,Small Family (1 Kid),Together,Graduation,Established,Wines,461,0,Never Accepted,No Acceptance
72117.0,0,1,34,707,20,171,65,60,50,1,9,7,9,5,0,0,0,0,0,0,3,11,0,43,2472,0,1,0,0,0,0,0,1,0,0,1023,973,0,Middle-Aged (31-45),High Income,At-Risk (31-60d),Gold Spender,Small Family (1 Kid),Married,Graduation,Established,Wines,1073,0,Never Accepted,No Acceptance
21955.0,1,0,81,5,1,7,17,14,11,2,2,1,3,6,0,0,0,0,0,0,3,11,0,34,2454,0,1,0,0,0,1,0,0,0,0,44,33,0,Middle-Aged (31-45),Low Income,Inactive (>60d),Bronze Spender,Small Family (1 Kid),Married,2n Cycle,Established,FishProducts,55,0,Never Accepted,No Acceptance
67131.0,0,1,72,465,71,250,93,35,62,3,9,2,12,6,0,0,0,0,0,0,3,11,0,64,2619,0,1,0,0,0,0,0,1,0,0,914,852,0,Elderly (>60),High Income,Inactive (>60d),Gold Spender,Small Family (1 Kid),Married,Graduation,Established,Wines,976,0,Never Accepted,No Acceptance
36802.0,1,0,23,16,1,2,0,0,1,1,1,0,3,5,0,0,0,0,0,0,3,11,0,40,2172,0,0,1,0,0,0,0,0,0,1,19,18,0,Middle-Aged (31-45),Low Income,Active (0-30d),Bronze Spender,Small Family (1 Kid),Single,PhD,New Member,Wines,20,0,Never Accepted,No Acceptance
71853.0,0,0,29,358,108,413,141,97,32,1,2,8,6,1,0,0,0,0,0,0,3,11,0,38,2576,0,0,0,1,0,0,0,1,0,0,1117,1085,0,Middle-Aged (31-45),High Income,Active (0-30d),Gold Spender,No Children,Together,Graduation,Established,MeatProducts,1149,0,Never Accepted,No Acceptance
28249.0,0,0,80,1,9,7,2,14,10,1,2,0,3,6,0,0,0,0,0,0,3,11,0,59,2173,0,1,0,0,0,0,1,0,0,0,33,23,0,Senior (46-60),Low Income,Inactive (>60d),Bronze Spender,No Children,Married,Basic,New Member,SweetProducts,43,0,Never Accepted,No Acceptance
47808.0,0,1,30,123,1,26,2,0,72,2,3,2,3,7,1,0,0,0,0,0,3,11,0,45,2411,0,1,0,0,0,0,0,0,1,0,152,80,1,Middle-Aged (31-45),Medium Income,Active (0-30d),Silver Spender,Small Family (1 Kid),Married,Master,Established,Wines,224,1,Occasional Responder,Campaign 3
25509.0,1,0,15,40,3,30,10,7,11,3,3,0,3,9,0,0,0,0,0,0,3,11,1,46,2808,1,0,0,0,0,0,0,0,0,1,90,79,0,Senior (46-60),Low Income,Active (0-30d),Bronze Spender,Small Family (1 Kid),Divorced,PhD,Long-term Member,Wines,101,0,Never Accepted,No Acceptance
51012.0,0,0,86,102,9,63,2,9,24,1,4,1,4,6,0,0,0,0,0,0,3,11,0,74,2596,0,1,0,0,0,0,0,0,0,1,185,161,0,Elderly (>60),Medium Income,Inactive (>60d),Silver Spender,No Children,Married,PhD,Established,Wines,209,0,Never Accepted,No Acceptance
70596.0,0,0,68,347,44,534,17,0,26,1,3,5,12,2,0,0,0,0,0,0,3,11,0,35,2791,0,0,1,0,0,0,0,1,0,0,942,916,0,Middle-Aged (31-45),High Income,Inactive (>60d),Gold Spender,No Children,Single,Graduation,Long-term Member,MeatProducts,968,0,Never Accepted,No Acceptance
85431.0,0,0,54,376,53,462,168,53,53,1,2,7,7,0,0,0,0,0,0,0,3,11,0,68,2545,0,0,0,1,0,0,0,0,0,1,1112,1059,0,Elderly (>60),High Income,At-Risk (31-60d),Gold Spender,No Children,Together,PhD,Established,MeatProducts,1165,0,Never Accepted,No Acceptance
42664.0,0,1,44,21,0,3,0,0,0,1,1,0,3,6,0,0,0,0,0,0,3,11,0,53,2262,0,1,0,0,0,0,0,1,0,0,24,24,0,Senior (46-60),Medium Income,At-Risk (31-60d),Bronze Spender,Small Family (1 Kid),Married,Graduation,New Member,Wines,24,0,Never Accepted,No Acceptance
42586.0,1,1,7,194,2,56,0,0,0,5,4,1,6,8,0,0,0,0,0,0,3,11,1,65,2767,0,0,0,1,0,0,0,1,0,0,252,252,0,Elderly (>60),Medium Income,Active (0-30d),Silver Spender,Large Family (>1 Kid),Together,Graduation,Long-term Member,Wines,252,0,Never Accepted,No Acceptance
29760.0,1,0,87,64,4,68,7,5,17,4,3,1,4,8,0,0,0,0,0,0,3,11,0,35,2828,0,0,1,0,0,0,0,1,0,0,148,131,0,Middle-Aged (31-45),Low Income,Inactive (>60d),Silver Spender,Small Family (1 Kid),Single,Graduation,Long-term Member,MeatProducts,165,0,Never Accepted,No Acceptance
28973.0,0,0,59,206,0,46,3,2,12,2,5,1,5,8,0,0,0,0,0,0,3,11,0,43,2783,0,1,0,0,0,0,0,0,0,1,257,245,0,Middle-Aged (31-45),Low Income,At-Risk (31-60d),Silver Spender,No Children,Married,PhD,Long-term Member,Wines,269,0,Never Accepted,No Acceptance
39435.0,1,0,16,71,0,18,0,0,13,1,3,1,2,7,0,0,0,0,0,0,3,11,0,47,2486,0,0,0,1,0,0,0,0,0,1,89,76,0,Senior (46-60),Low Income,Active (0-30d),Bronze Spender,Small Family (1 Kid),Together,PhD,Established,Wines,102,0,Never Accepted,No Acceptance
65370.0,0,0,1,71,22,112,138,89,29,1,2,3,13,1,0,0,0,0,0,0,3,11,0,36,2491,0,1,0,0,0,1,0,0,0,0,432,403,0,Middle-Aged (31-45),High Income,Active (0-30d),Silver Spender,No Children,Married,2n Cycle,Established,FishProducts,461,0,Never Accepted,No Acceptance
20194.0,1,0,64,0,4,7,11,10,15,2,2,0,3,6,0,0,0,0,0,0,3,11,0,41,2718,0,0,1,0,0,0,1,0,0,0,32,17,0,Middle-Aged (31-45),Low Income,Inactive (>60d),Bronze Spender,Small Family (1 Kid),Single,Basic,Long-term Member,GoldProds,47,0,Never Accepted,No Acceptance
42473.0,1,1,72,93,1,21,0,4,25,3,2,1,4,5,0,0,0,0,0,0,3,11,0,44,2291,0,0,1,0,0,0,0,0,0,1,119,94,0,Middle-Aged (31-45),Medium Income,Inactive (>60d),Silver Spender,Large Family (>1 Kid),Single,PhD,New Member,Wines,144,0,Never Accepted,No Acceptance
64590.0,0,0,98,920,138,168,36,46,30,1,9,4,10,6,0,0,0,0,0,0,3,11,0,52,2782,0,1,0,0,0,0,0,1,0,0,1308,1278,0,Senior (46-60),High Income,Inactive (>60d),Gold Spender,No Children,Married,Graduation,Long-term Member,Wines,1338,0,Never Accepted,No Acceptance
71232.0,0,1,91,653,17,170,34,26,17,2,11,2,10,7,0,0,0,0,0,0,3,11,0,61,2372,0,0,0,1,0,0,0,1,0,0,900,883,0,Elderly (>60),High Income,Inactive (>60d),Gold Spender,Small Family (1 Kid),Together,Graduation,New Member,Wines,917,0,Never Accepted,No Acceptance
34600.0,1,1,8,199,33,60,8,3,15,5,5,2,5,8,0,0,0,0,0,0,3,11,1,49,2703,0,0,0,1,0,0,0,1,0,0,303,288,0,Senior (46-60),Low Income,Active (0-30d),Silver Spender,Large Family (>1 Kid),Together,Graduation,Long-term Member,Wines,318,0,Never Accepted,No Acceptance
46904.0,1,1,20,153,4,56,0,9,31,4,5,1,4,8,0,0,0,0,0,0,3,11,0,53,2762,0,0,1,0,0,0,0,1,0,0,222,191,0,Senior (46-60),Medium Income,Active (0-30d),Silver Spender,Large Family (>1 Kid),Single,Graduation,Long-term Member,Wines,253,0,Never Accepted,No Acceptance
49094.0,0,1,6,376,0,38,11,8,69,5,6,3,6,6,0,0,0,0,0,0,3,11,0,47,2805,0,1,0,0,0,0,0,1,0,0,433,364,0,Senior (46-60),Medium Income,Active (0-30d),Silver Spender,Small Family (1 Kid),Married,Graduation,Long-term Member,Wines,502,0,Never Accepted,No Acceptance
36075.0,1,0,54,46,0,30,12,1,30,1,2,0,4,6,0,0,0,0,0,0,3,11,0,37,2361,0,0,0,1,0,0,0,1,0,0,89,59,0,Middle-Aged (31-45),Low Income,At-Risk (31-60d),Bronze Spender,Small Family (1 Kid),Together,Graduation,New Member,Wines,119,0,Never Accepted,No Acceptance
60839.0,1,1,72,600,21,128,223,150,128,13,2,2,12,8,0,0,0,0,0,0,3,11,0,41,2829,0,0,0,1,0,1,0,0,0,0,1122,994,0,Middle-Aged (31-45),Medium Income,Inactive (>60d),Gold Spender,Large Family (>1 Kid),Together,2n Cycle,Long-term Member,Wines,1250,0,Never Accepted,No Acceptance
77298.0,0,1,46,425,115,292,23,35,79,1,6,6,11,3,0,0,0,0,0,0,3,11,0,41,2398,0,0,0,1,0,0,0,1,0,0,890,811,0,Middle-Aged (31-45),High Income,At-Risk (31-60d),Gold Spender,Small Family (1 Kid),Together,Graduation,New Member,Wines,969,0,Never Accepted,No Acceptance
34026.0,1,1,11,18,6,15,12,8,17,3,2,1,3,5,0,0,0,0,0,0,3,11,0,70,2487,0,0,0,1,0,0,0,1,0,0,59,42,0,Elderly (>60),Low Income,Active (0-30d),Bronze Spender,Large Family (>1 Kid),Together,Graduation,Established,Wines,76,0,Never Accepted,No Acceptance
48918.0,1,1,21,52,0,9,0,0,1,2,1,0,4,4,0,0,0,0,0,0,3,11,0,57,2237,0,0,1,0,0,0,0,0,0,1,61,60,0,Senior (46-60),Medium Income,Active (0-30d),Bronze Spender,Large Family (>1 Kid),Single,PhD,New Member,Wines,62,0,Never Accepted,No Acceptance
82122.0,0,0,89,734,22,350,151,25,100,1,3,9,13,1,0,0,1,0,0,0,3,11,0,58,2477,0,0,0,1,0,1,0,0,0,0,1282,1182,1,Senior (46-60),High Income,Inactive (>60d),Gold Spender,No Children,Together,2n Cycle,Established,Wines,1382,1,Occasional Responder,Campaign 5
37697.0,1,0,82,34,6,21,11,4,8,1,2,1,3,6,0,0,0,0,0,0,3,11,0,44,2301,0,0,1,0,0,0,0,1,0,0,76,68,0,Middle-Aged (31-45),Low Income,Inactive (>60d),Bronze Spender,Small Family (1 Kid),Single,Graduation,New Member,Wines,84,0,Never Accepted,No Acceptance
34074.0,1,1,69,135,1,41,10,1,67,5,3,3,3,6,1,0,0,0,0,0,3,11,0,68,2510,0,0,0,1,0,0,0,1,0,0,188,121,1,Elderly (>60),Low Income,Inactive (>60d),Silver Spender,Large Family (>1 Kid),Together,Graduation,Established,Wines,255,1,Occasional Responder,Campaign 3
28520.0,1,1,55,11,0,10,0,2,20,1,1,1,2,6,0,0,0,0,0,0,3,11,0,60,2539,0,1,0,0,0,0,0,0,1,0,23,3,0,Senior (46-60),Low Income,At-Risk (31-60d),Bronze Spender,Large Family (>1 Kid),Married,Master,Established,GoldProds,43,0,Never Accepted,No Acceptance
62535.0,0,1,13,163,48,90,0,45,52,1,3,2,8,3,0,0,0,0,0,0,3,11,0,65,2428,0,0,1,0,0,0,0,1,0,0,346,294,0,Elderly (>60),Medium Income,Active (0-30d),Silver Spender,Small Family (1 Kid),Single,Graduation,Established,Wines,398,0,Never Accepted,No Acceptance
36273.0,1,0,80,29,3,30,3,2,9,2,3,0,3,6,0,0,0,0,0,0,3,11,0,43,2233,0,0,1,0,0,0,0,0,1,0,67,58,0,Middle-Aged (31-45),Low Income,Inactive (>60d),Bronze Spender,Small Family (1 Kid),Single,Master,New Member,MeatProducts,76,0,Never Accepted,No Acceptance
63404.0,0,2,97,734,26,70,11,44,17,2,6,3,4,4,0,0,0,1,0,0,3,11,0,56,2182,0,0,0,1,0,0,0,1,0,0,885,868,1,Senior (46-60),High Income,Inactive (>60d),Gold Spender,Large Family (>1 Kid),Together,Graduation,New Member,Wines,902,1,Occasional Responder,Campaign 1
75774.0,1,0,27,340,21,134,258,14,56,1,7,5,8,4,0,0,0,0,0,0,3,11,0,39,2217,0,0,0,1,0,1,0,0,0,0,767,711,0,Middle-Aged (31-45),High Income,Active (0-30d),Gold Spender,Small Family (1 Kid),Together,2n Cycle,New Member,Wines,823,0,Never Accepted,No Acceptance
78416.0,0,1,99,453,38,279,188,38,183,2,7,7,10,3,0,0,0,0,0,0,3,11,0,44,2161,0,0,0,1,0,0,0,1,0,0,996,813,0,Middle-Aged (31-45),High Income,Inactive (>60d),Gold Spender,Small Family (1 Kid),Together,Graduation,New Member,Wines,1179,0,Never Accepted,No Acceptance
75702.0,0,1,87,1073,0,629,145,37,37,1,10,5,13,6,0,0,1,0,0,0,3,11,0,46,2782,0,0,0,1,0,0,0,1,0,0,1884,1847,1,Senior (46-60),High Income,Inactive (>60d),Gold Spender,Small Family (1 Kid),Together,Graduation,Long-term Member,Wines,1921,1,Occasional Responder,Campaign 5
59385.0,1,1,85,135,0,10,0,4,36,2,3,1,4,5,0,0,0,0,0,0,3,11,0,69,2586,0,0,0,1,0,0,0,0,1,0,149,113,0,Elderly (>60),Medium Income,Inactive (>60d),Silver Spender,Large Family (>1 Kid),Together,Master,Established,Wines,185,0,Never Accepted,No Acceptance
37070.0,1,1,30,231,7,137,4,15,39,9,5,1,8,7,0,0,0,0,0,0,3,11,1,54,2625,0,0,1,0,0,0,0,1,0,0,394,355,0,Senior (46-60),Low Income,Active (0-30d),Silver Spender,Large Family (>1 Kid),Single,Graduation,Established,Wines,433,0,Never Accepted,No Acceptance
44689.0,1,1,82,18,0,5,0,0,11,2,1,1,2,7,1,0,0,0,0,0,3,11,0,69,2329,0,1,0,0,0,0,0,1,0,0,23,12,1,Elderly (>60),Medium Income,Inactive (>60d),Bronze Spender,Large Family (>1 Kid),Married,Graduation,New Member,Wines,34,1,Occasional Responder,Campaign 3
53977.0,0,1,21,620,16,165,0,24,82,5,5,5,12,5,0,0,0,0,0,0,3,11,0,62,2545,0,0,0,1,0,0,0,1,0,0,825,743,0,Elderly (>60),Medium Income,Active (0-30d),Gold Spender,Small Family (1 Kid),Together,Graduation,Established,Wines,907,0,Never Accepted,No Acceptance
7144.0,0,2,92,81,4,33,5,2,291,0,23,1,1,0,0,0,0,0,0,0,3,11,0,54,2363,0,0,1,0,0,0,0,0,0,1,125,-166,0,Senior (46-60),Low Income,Inactive (>60d),Silver Spender,Large Family (>1 Kid),Single,PhD,New Member,GoldProds,416,0,Never Accepted,No Acceptance
18701.0,1,1,95,12,4,2,10,6,10,4,2,0,4,5,0,0,0,0,0,0,3,11,0,56,2549,0,0,1,0,0,0,0,1,0,0,34,24,0,Senior (46-60),Low Income,Inactive (>60d),Bronze Spender,Large Family (>1 Kid),Single,Graduation,Established,Wines,44,0,Never Accepted,No Acceptance
90369.0,0,0,2,292,51,981,224,23,17,1,4,6,6,1,0,0,0,0,0,0,3,11,1,64,2221,0,1,0,0,0,0,0,1,0,0,1571,1554,0,Elderly (>60),High Income,Active (0-30d),Gold Spender,No Children,Married,Graduation,New Member,MeatProducts,1588,0,Never Accepted,No Acceptance
63159.0,0,0,74,965,34,586,89,86,37,1,3,5,8,3,1,0,0,0,0,0,3,11,0,46,2760,0,0,1,0,0,0,0,0,0,1,1760,1723,1,Senior (46-60),High Income,Inactive (>60d),Gold Spender,No Children,Single,PhD,Long-term Member,Wines,1797,1,Occasional Responder,Campaign 3
37758.0,1,1,49,27,2,10,0,0,1,2,1,0,3,8,0,0,0,0,0,0,3,11,0,54,2792,0,0,0,1,0,0,0,1,0,0,39,38,0,Senior (46-60),Low Income,At-Risk (31-60d),Bronze Spender,Large Family (>1 Kid),Together,Graduation,Long-term Member,Wines,40,0,Never Accepted,No Acceptance
46757.0,0,1,71,777,30,163,0,51,122,6,4,4,7,9,0,0,0,0,0,0,3,11,0,57,2749,0,0,1,0,0,0,0,0,0,1,1021,899,0,Senior (46-60),Medium Income,Inactive (>60d),Gold Spender,Small Family (1 Kid),Single,PhD,Long-term Member,Wines,1143,0,Never Accepted,No Acceptance
79734.0,0,0,72,572,8,232,23,62,17,1,4,3,6,1,0,0,0,1,0,0,3,11,0,51,2160,0,1,0,0,0,0,0,0,1,0,897,880,1,Senior (46-60),High Income,Inactive (>60d),Gold Spender,No Children,Married,Master,New Member,Wines,914,1,Occasional Responder,Campaign 1
63207.0,0,0,68,438,169,565,91,169,70,1,2,3,6,7,0,0,0,1,0,0,3,11,0,28,2684,0,0,0,1,0,0,0,1,0,0,1432,1362,1,Young Adult (<30),High Income,Inactive (>60d),Gold Spender,No Children,Together,Graduation,Long-term Member,MeatProducts,1502,1,Occasional Responder,Campaign 1
72071.0,0,1,4,531,69,300,150,138,150,3,5,4,8,2,0,0,0,0,0,0,3,11,0,66,2659,1,0,0,0,0,0,0,1,0,0,1188,1038,0,Elderly (>60),High Income,Active (0-30d),Gold Spender,Small Family (1 Kid),Divorced,Graduation,Long-term Member,Wines,1338,0,Never Accepted,No Acceptance
21840.0,1,0,80,17,0,9,0,0,1,1,1,0,3,9,0,0,0,0,0,0,3,11,0,37,2502,0,0,0,1,0,0,0,0,0,1,26,25,0,Middle-Aged (31-45),Low Income,Inactive (>60d),Bronze Spender,Small Family (1 Kid),Together,PhD,Established,Wines,27,0,Never Accepted,No Acceptance
58582.0,0,1,15,402,35,106,101,77,42,2,9,2,9,5,0,1,0,0,0,0,3,11,0,38,2433,0,0,0,1,0,1,0,0,0,0,721,679,1,Middle-Aged (31-45),Medium Income,Active (0-30d),Silver Spender,Small Family (1 Kid),Together,2n Cycle,Established,Wines,763,1,Occasional Responder,Campaign 4
72282.0,0,0,70,503,27,419,90,139,153,1,5,7,9,7,0,0,0,0,0,0,3,11,1,69,2504,0,0,1,0,0,0,0,1,0,0,1178,1025,0,Elderly (>60),High Income,Inactive (>60d),Gold Spender,No Children,Single,Graduation,Established,Wines,1331,0,Never Accepted,No Acceptance
50387.0,0,2,91,369,9,87,12,14,34,3,6,2,8,5,0,0,0,0,0,0,3,11,0,64,2461,0,1,0,0,0,0,0,1,0,0,491,457,0,Elderly (>60),Medium Income,Inactive (>60d),Silver Spender,Large Family (>1 Kid),Married,Graduation,Established,Wines,525,0,Never Accepted,No Acceptance
32583.0,1,1,10,5,0,3,0,0,1,1,1,0,2,7,0,0,0,0,0,0,3,11,0,59,2173,0,0,0,1,0,0,0,0,0,1,8,7,0,Senior (46-60),Low Income,Active (0-30d),Bronze Spender,Large Family (>1 Kid),Together,PhD,New Member,Wines,9,0,Never Accepted,No Acceptance
62568.0,0,1,99,362,17,398,80,35,61,3,5,3,5,4,0,0,0,1,0,0,3,11,0,58,2242,0,0,0,1,0,0,0,1,0,0,892,831,1,Senior (46-60),Medium Income,Inactive (>60d),Gold Spender,Small Family (1 Kid),Together,Graduation,New Member,MeatProducts,953,1,Occasional Responder,Campaign 1
44635.0,1,1,25,56,0,9,0,0,3,2,2,0,3,7,0,0,0,0,0,0,3,11,0,49,2420,1,0,0,0,0,0,0,0,1,0,65,62,0,Senior (46-60),Medium Income,Active (0-30d),Bronze Spender,Large Family (>1 Kid),Divorced,Master,Established,Wines,68,0,Never Accepted,No Acceptance
33316.0,1,1,34,79,1,31,4,4,12,3,2,1,4,6,0,0,0,0,0,0,3,11,0,49,2427,0,0,1,0,0,0,0,0,1,0,119,107,0,Senior (46-60),Low Income,At-Risk (31-60d),Silver Spender,Large Family (>1 Kid),Single,Master,Established,Wines,131,0,Never Accepted,No Acceptance
63967.0,0,1,57,387,84,141,73,35,162,3,4,4,12,2,0,0,0,0,0,0,3,11,0,52,2483,0,1,0,0,0,0,0,1,0,0,720,558,0,Senior (46-60),High Income,At-Risk (31-60d),Silver Spender,Small Family (1 Kid),Married,Graduation,Established,Wines,882,0,Never Accepted,No Acceptance
52513.0,0,0,84,367,17,241,104,188,232,2,9,5,9,7,0,0,0,0,0,0,3,11,0,42,2822,0,0,0,1,0,1,0,0,0,0,917,685,0,Middle-Aged (31-45),Medium Income,Inactive (>60d),Gold Spender,No Children,Together,2n Cycle,Long-term Member,Wines,1149,0,Never Accepted,No Acceptance
25293.0,1,0,51,15,0,11,0,2,9,1,1,1,2,8,0,0,0,0,0,0,3,11,0,51,2446,0,1,0,0,0,0,0,1,0,0,28,19,0,Senior (46-60),Low Income,At-Risk (31-60d),Bronze Spender,Small Family (1 Kid),Married,Graduation,Established,Wines,37,0,Never Accepted,No Acceptance
54111.0,0,1,97,267,6,54,8,3,50,2,5,2,6,5,0,0,0,0,0,0,3,11,0,55,2467,0,0,0,0,1,0,0,0,0,1,338,288,0,Senior (46-60),Medium Income,Inactive (>60d),Silver Spender,Small Family (1 Kid),Widow,PhD,Established,Wines,388,0,Never Accepted,No Acceptance
78394.0,0,0,13,298,27,697,216,24,166,1,4,6,5,2,0,0,0,0,0,0,3,11,1,34,2658,0,0,0,1,0,0,0,1,0,0,1262,1096,0,Middle-Aged (31-45),High Income,Active (0-30d),Gold Spender,No Children,Together,Graduation,Long-term Member,MeatProducts,1428,0,Never Accepted,No Acceptance
80739.0,0,0,92,674,92,736,39,0,92,1,3,11,9,1,0,0,0,0,0,0,3,11,0,62,2561,0,1,0,0,0,0,0,0,1,0,1541,1449,0,Elderly (>60),High Income,Inactive (>60d),Gold Spender,No Children,Married,Master,Established,MeatProducts,1633,0,Never Accepted,No Acceptance
22669.0,1,0,30,16,14,36,37,22,48,3,4,1,2,9,0,0,0,0,0,0,3,11,1,45,2562,0,0,0,1,0,0,0,0,1,0,125,77,0,Middle-Aged (31-45),Low Income,Active (0-30d),Silver Spender,Small Family (1 Kid),Together,Master,Established,GoldProds,173,0,Never Accepted,No Acceptance
29236.0,1,0,30,37,4,24,16,9,9,2,4,0,3,9,0,0,0,0,0,0,3,11,0,33,2423,0,0,1,0,0,0,0,1,0,0,90,81,0,Middle-Aged (31-45),Low Income,Active (0-30d),Bronze Spender,Small Family (1 Kid),Single,Graduation,Established,Wines,99,0,Never Accepted,No Acceptance
44911.0,0,1,11,159,0,22,2,1,31,3,4,1,4,7,0,0,0,0,0,0,3,11,0,61,2630,0,0,0,1,0,0,0,1,0,0,184,153,0,Elderly (>60),Medium Income,Active (0-30d),Silver Spender,Small Family (1 Kid),Together,Graduation,Established,Wines,215,0,Never Accepted,No Acceptance
54693.0,0,1,72,686,17,142,23,26,35,8,6,4,13,6,0,0,0,0,0,0,3,11,0,58,2656,0,1,0,0,0,0,0,0,0,1,894,859,0,Senior (46-60),Medium Income,Inactive (>60d),Gold Spender,Small Family (1 Kid),Married,PhD,Long-term Member,Wines,929,0,Never Accepted,No Acceptance
48186.0,1,0,39,97,3,66,12,7,34,3,4,1,4,7,0,0,0,0,0,0,3,11,0,46,2260,0,0,0,1,0,0,0,1,0,0,185,151,0,Senior (46-60),Medium Income,At-Risk (31-60d),Silver Spender,Small Family (1 Kid),Together,Graduation,New Member,Wines,219,0,Never Accepted,No Acceptance
54809.0,1,1,0,63,6,57,13,13,22,4,2,1,5,4,0,0,0,0,0,0,3,11,1,43,2450,0,1,0,0,0,0,0,1,0,0,152,130,0,Middle-Aged (31-45),Medium Income,Active (0-30d),Silver Spender,Large Family (>1 Kid),Married,Graduation,Established,Wines,174,0,Never Accepted,No Acceptance
41580.0,1,1,15,56,5,24,4,0,3,3,2,1,3,5,0,0,0,0,0,0,3,11,0,42,2725,0,0,0,1,0,0,0,1,0,0,89,86,0,Middle-Aged (31-45),Medium Income,Active (0-30d),Bronze Spender,Large Family (>1 Kid),Together,Graduation,Long-term Member,Wines,92,0,Never Accepted,No Acceptance
80336.0,0,0,12,209,19,456,160,142,66,1,2,9,13,1,0,0,0,0,0,0,3,11,0,50,2452,0,1,0,0,0,0,0,0,0,1,986,920,0,Senior (46-60),High Income,Active (0-30d),Gold Spender,No Children,Married,PhD,Established,MeatProducts,1052,0,Never Accepted,No Acceptance
47743.0,0,1,56,198,2,43,0,12,20,3,4,1,6,6,0,1,0,0,0,0,3,11,0,63,2623,0,1,0,0,0,0,0,1,0,0,255,235,1,Elderly (>60),Medium Income,At-Risk (31-60d),Silver Spender,Small Family (1 Kid),Married,Graduation,Established,Wines,275,1,Occasional Responder,Campaign 4
62972.0,0,1,39,313,15,47,20,0,192,2,7,4,3,6,0,0,0,0,0,0,3,11,0,65,2854,0,1,0,0,0,1,0,0,0,0,395,203,0,Elderly (>60),High Income,At-Risk (31-60d),Silver Spender,Small Family (1 Kid),Married,2n Cycle,Long-term Member,Wines,587,0,Never Accepted,No Acceptance
57333.0,0,1,55,941,14,397,76,58,176,11,8,5,9,6,0,0,0,0,0,0,3,11,1,66,2804,1,0,0,0,0,0,0,0,0,1,1486,1310,0,Elderly (>60),Medium Income,At-Risk (31-60d),Gold Spender,Small Family (1 Kid),Divorced,PhD,Long-term Member,Wines,1662,0,Never Accepted,No Acceptance
32313.0,1,0,60,86,4,56,2,4,7,3,4,0,4,9,0,0,0,0,0,0,3,11,0,38,2662,0,0,0,1,0,0,0,0,0,1,152,145,0,Middle-Aged (31-45),Low Income,At-Risk (31-60d),Silver Spender,Small Family (1 Kid),Together,PhD,Long-term Member,Wines,159,0,Never Accepted,No Acceptance
84953.0,0,0,73,167,48,602,63,72,72,1,3,10,4,2,0,1,1,1,0,0,3,11,1,67,2550,0,0,0,0,1,0,0,0,1,0,952,880,3,Elderly (>60),High Income,Inactive (>60d),Gold Spender,No Children,Widow,Master,Established,MeatProducts,1024,3,Campaign Enthusiast,Campaign 1
27071.0,1,0,90,8,3,19,0,2,3,2,2,0,3,6,0,0,0,0,0,0,3,11,0,52,2226,1,0,0,0,0,0,0,0,1,0,32,29,0,Senior (46-60),Low Income,Inactive (>60d),Bronze Spender,Small Family (1 Kid),Divorced,Master,New Member,MeatProducts,35,0,Never Accepted,No Acceptance
68148.0,0,0,86,389,66,408,37,57,85,1,4,4,6,2,0,0,0,0,0,0,3,11,0,63,2461,0,0,0,1,0,0,0,0,1,0,957,872,0,Elderly (>60),High Income,Inactive (>60d),Gold Spender,No Children,Together,Master,Established,MeatProducts,1042,0,Never Accepted,No Acceptance
65735.0,1,1,37,239,7,119,4,15,11,5,6,2,6,7,0,0,0,0,0,0,3,11,0,55,2363,0,0,0,1,0,0,0,0,1,0,384,373,0,Senior (46-60),High Income,At-Risk (31-60d),Silver Spender,Large Family (>1 Kid),Together,Master,New Member,Wines,395,0,Never Accepted,No Acceptance
86836.0,0,0,7,179,21,273,0,21,63,1,6,10,6,5,1,0,1,1,0,0,3,11,1,45,2814,0,1,0,0,0,0,0,0,0,1,494,431,3,Middle-Aged (31-45),High Income,Active (0-30d),Silver Spender,No Children,Married,PhD,Long-term Member,MeatProducts,557,3,Campaign Enthusiast,Campaign 1
4023.0,1,1,29,5,0,1,1,1,1,15,0,0,0,19,0,0,0,0,0,0,3,11,0,57,2165,0,1,0,0,0,0,0,0,0,1,8,7,0,Senior (46-60),Low Income,Active (0-30d),Bronze Spender,Large Family (>1 Kid),Married,PhD,New Member,Wines,9,0,Never Accepted,No Acceptance
30093.0,0,0,19,2,6,28,13,4,16,1,2,0,3,7,0,0,0,0,0,0,3,11,0,30,2515,0,1,0,0,0,0,0,1,0,0,53,37,0,Young Adult (<30),Low Income,Active (0-30d),Bronze Spender,No Children,Married,Graduation,Established,MeatProducts,69,0,Never Accepted,No Acceptance
57705.0,0,1,14,383,0,53,6,4,40,3,8,1,6,6,0,0,0,0,0,0,3,11,0,54,2328,0,1,0,0,0,0,0,0,0,1,446,406,0,Senior (46-60),Medium Income,Active (0-30d),Silver Spender,Small Family (1 Kid),Married,PhD,New Member,Wines,486,0,Never Accepted,No Acceptance
25008.0,1,0,72,2,8,8,6,1,9,2,1,0,3,8,0,0,0,0,0,0,3,11,0,32,2306,0,0,1,0,0,0,0,1,0,0,25,16,0,Middle-Aged (31-45),Low Income,Inactive (>60d),Bronze Spender,Small Family (1 Kid),Single,Graduation,New Member,GoldProds,34,0,Never Accepted,No Acceptance
83257.0,0,0,56,536,27,590,38,107,67,1,5,10,12,6,1,0,1,0,0,1,3,11,1,25,2808,0,0,1,0,0,1,0,0,0,0,1298,1231,2,Young Adult (<30),High Income,At-Risk (31-60d),Gold Spender,No Children,Single,2n Cycle,Long-term Member,MeatProducts,1365,2,Occasional Responder,Campaign 3
22280.0,1,0,85,2,1,4,3,1,2,1,1,0,2,8,0,0,0,0,0,0,3,11,0,45,2565,0,0,0,1,0,0,0,1,0,0,11,9,0,Middle-Aged (31-45),Low Income,Inactive (>60d),Bronze Spender,Small Family (1 Kid),Together,Graduation,Established,MeatProducts,13,0,Never Accepted,No Acceptance
72159.0,0,0,62,322,53,899,34,40,53,1,4,6,10,2,0,0,0,0,0,0,3,11,0,42,2767,0,1,0,0,0,0,0,0,0,1,1348,1295,0,Middle-Aged (31-45),High Income,Inactive (>60d),Gold Spender,No Children,Married,PhD,Long-term Member,MeatProducts,1401,0,Never Accepted,No Acceptance
64260.0,0,0,1,539,169,816,20,0,30,1,4,5,4,3,0,0,0,0,0,0,3,11,1,59,2693,0,0,0,1,0,0,0,1,0,0,1544,1514,0,Senior (46-60),High Income,Active (0-30d),Gold Spender,No Children,Together,Graduation,Long-term Member,MeatProducts,1574,0,Never Accepted,No Acceptance
82733.0,0,0,28,712,50,420,65,38,38,1,8,4,7,4,0,0,0,0,0,0,3,11,1,36,2451,0,0,1,0,0,0,0,0,0,1,1285,1247,0,Middle-Aged (31-45),High Income,Active (0-30d),Gold Spender,No Children,Single,PhD,Established,Wines,1323,0,Never Accepted,No Acceptance
74290.0,0,1,70,1121,0,72,0,12,12,4,10,8,10,6,0,1,0,1,0,0,3,11,0,49,2480,1,0,0,0,0,0,0,0,1,0,1205,1193,2,Senior (46-60),High Income,Inactive (>60d),Gold Spender,Small Family (1 Kid),Divorced,Master,Established,Wines,1217,2,Occasional Responder,Campaign 1
58217.0,2,1,84,68,1,13,3,5,13,1,2,0,4,6,0,0,0,0,0,0,3,11,0,69,2748,0,0,1,0,0,0,0,0,1,0,90,77,0,Elderly (>60),Medium Income,Inactive (>60d),Bronze Spender,Large Family (>1 Kid),Single,Master,Long-term Member,Wines,103,0,Never Accepted,No Acceptance
21024.0,0,0,89,36,4,18,6,2,18,1,2,0,4,7,0,0,0,0,0,0,3,11,0,44,2519,0,0,0,1,0,0,0,0,1,0,66,48,0,Middle-Aged (31-45),Low Income,Inactive (>60d),Bronze Spender,No Children,Together,Master,Established,Wines,84,0,Never Accepted,No Acceptance
70116.0,0,0,73,707,44,603,95,58,29,1,2,8,12,1,0,0,0,0,0,0,3,11,0,48,2678,0,1,0,0,0,0,0,0,0,1,1507,1478,0,Senior (46-60),High Income,Inactive (>60d),Gold Spender,No Children,Married,PhD,Long-term Member,Wines,1536,0,Never Accepted,No Acceptance
54006.0,1,0,42,174,77,203,6,24,97,2,8,1,7,7,0,0,0,0,0,0,3,11,0,35,2808,0,0,0,1,0,0,0,1,0,0,484,387,0,Middle-Aged (31-45),Medium Income,At-Risk (31-60d),Silver Spender,Small Family (1 Kid),Together,Graduation,Long-term Member,MeatProducts,581,0,Never Accepted,No Acceptance
69063.0,0,1,16,666,35,124,69,8,26,1,5,3,5,3,0,0,0,0,0,0,3,11,0,54,2758,0,1,0,0,0,0,0,0,0,1,902,876,0,Senior (46-60),High Income,Active (0-30d),Gold Spender,Small Family (1 Kid),Married,PhD,Long-term Member,Wines,928,0,Never Accepted,No Acceptance
11448.0,0,0,16,0,0,0,6,2,6,1,1,0,2,6,0,0,0,0,0,0,3,11,0,45,2355,1,0,0,0,0,1,0,0,0,0,8,2,0,Middle-Aged (31-45),Low Income,Active (0-30d),Bronze Spender,No Children,Divorced,2n Cycle,New Member,FishProducts,14,0,Never Accepted,No Acceptance
61825.0,0,1,56,162,50,100,55,30,27,1,4,2,8,4,0,0,0,0,0,0,3,11,0,41,2485,0,0,1,0,0,0,0,1,0,0,397,370,0,Middle-Aged (31-45),Medium Income,At-Risk (31-60d),Silver Spender,Small Family (1 Kid),Single,Graduation,Established,Wines,424,0,Never Accepted,No Acceptance
70886.0,1,0,65,407,70,239,103,88,53,1,5,4,4,2,0,0,0,0,0,0,3,11,0,49,2417,0,1,0,0,0,0,0,1,0,0,907,854,0,Senior (46-60),High Income,Inactive (>60d),Gold Spender,Small Family (1 Kid),Married,Graduation,Established,Wines,960,0,Never Accepted,No Acceptance
69109.0,0,0,10,823,25,459,124,29,95,1,6,6,7,4,0,0,1,0,0,0,3,11,1,38,2756,0,1,0,0,0,0,0,1,0,0,1460,1365,1,Middle-Aged (31-45),High Income,Active (0-30d),Gold Spender,No Children,Married,Graduation,Long-term Member,Wines,1555,1,Occasional Responder,Campaign 5
60208.0,1,1,13,488,23,71,15,0,59,11,8,3,7,7,0,1,0,0,0,0,3,11,1,47,2789,0,0,0,0,1,0,0,1,0,0,597,538,1,Senior (46-60),Medium Income,Active (0-30d),Silver Spender,Large Family (>1 Kid),Widow,Graduation,Long-term Member,Wines,656,1,Occasional Responder,Campaign 4
32889.0,1,1,78,28,0,13,4,2,8,3,2,1,3,5,0,0,0,0,0,0,3,11,0,52,2455,0,0,0,1,0,0,0,0,1,0,47,39,0,Senior (46-60),Low Income,Inactive (>60d),Bronze Spender,Large Family (>1 Kid),Together,Master,Established,Wines,55,0,Never Accepted,No Acceptance
34738.0,1,0,51,3,2,10,3,0,2,1,1,0,3,6,0,0,0,0,0,0,3,11,0,36,2208,0,0,1,0,0,0,0,1,0,0,18,16,0,Middle-Aged (31-45),Low Income,At-Risk (31-60d),Bronze Spender,Small Family (1 Kid),Single,Graduation,New Member,MeatProducts,20,0,Never Accepted,No Acceptance
30538.0,1,0,27,284,0,52,8,3,20,4,9,0,4,10,0,0,0,0,0,0,3,11,0,49,2795,0,0,0,1,0,0,0,0,1,0,347,327,0,Senior (46-60),Low Income,Active (0-30d),Silver Spender,Small Family (1 Kid),Together,Master,Long-term Member,Wines,367,0,Never Accepted,No Acceptance
82326.0,0,0,30,938,142,754,159,81,183,1,5,10,6,2,0,1,1,1,0,0,3,11,1,43,2270,0,0,0,1,0,1,0,0,0,0,2074,1891,3,Middle-Aged (31-45),High Income,Active (0-30d),Gold Spender,No Children,Together,2n Cycle,New Member,Wines,2257,3,Campaign Enthusiast,Campaign 1
26642.0,1,0,71,13,2,15,2,2,8,2,2,0,3,6,0,0,0,0,0,0,3,11,0,53,2279,1,0,0,0,0,0,0,0,0,1,34,26,0,Senior (46-60),Low Income,Inactive (>60d),Bronze Spender,Small Family (1 Kid),Divorced,PhD,New Member,MeatProducts,42,0,Never Accepted,No Acceptance
69932.0,0,1,97,412,172,153,150,105,57,2,7,6,11,4,0,0,0,0,0,0,3,11,0,56,2541,1,0,0,0,0,0,0,1,0,0,992,935,0,Senior (46-60),High Income,Inactive (>60d),Gold Spender,Small Family (1 Kid),Divorced,Graduation,Established,Wines,1049,0,Never Accepted,No Acceptance
44503.0,1,1,83,31,1,8,0,0,8,2,2,0,3,6,0,0,0,0,0,0,3,11,0,48,2233,0,0,1,0,0,0,0,1,0,0,40,32,0,Senior (46-60),Medium Income,Inactive (>60d),Bronze Spender,Large Family (>1 Kid),Single,Graduation,New Member,Wines,48,0,Never Accepted,No Acceptance
60200.0,0,1,3,502,19,132,0,6,26,6,6,2,11,6,0,0,0,0,0,0,3,11,0,72,2702,0,0,1,0,0,0,0,0,0,1,659,633,0,Elderly (>60),Medium Income,Active (0-30d),Silver Spender,Small Family (1 Kid),Single,PhD,Long-term Member,Wines,685,0,Never Accepted,No Acceptance
49638.0,0,1,71,18,10,3,3,5,0,1,1,0,3,2,0,0,0,0,0,0,3,11,0,68,2230,1,0,0,0,0,0,0,1,0,0,39,39,0,Elderly (>60),Medium Income,Inactive (>60d),Bronze Spender,Small Family (1 Kid),Divorced,Graduation,New Member,Wines,39,0,Never Accepted,No Acceptance
23830.0,0,0,3,1,8,6,4,8,16,1,1,0,3,7,0,0,0,0,0,0,3,11,0,33,2301,0,0,1,0,0,1,0,0,0,0,27,11,0,Middle-Aged (31-45),Low Income,Active (0-30d),Bronze Spender,No Children,Single,2n Cycle,New Member,GoldProds,43,0,Never Accepted,No Acceptance
33051.0,0,0,15,100,71,243,108,94,219,3,9,1,8,9,0,0,0,0,0,0,3,11,1,61,2841,0,0,0,0,1,0,0,0,1,0,616,397,0,Elderly (>60),Low Income,Active (0-30d),Silver Spender,No Children,Widow,Master,Long-term Member,MeatProducts,835,0,Never Accepted,No Acceptance
72905.0,0,0,52,407,114,445,181,165,203,1,3,7,9,1,0,0,0,1,0,0,3,11,0,62,2318,0,1,0,0,0,0,0,1,0,0,1312,1109,1,Elderly (>60),High Income,At-Risk (31-60d),Gold Spender,No Children,Married,Graduation,New Member,MeatProducts,1515,1,Occasional Responder,Campaign 1
69702.0,0,1,8,664,9,240,50,19,57,2,7,7,10,4,0,0,0,0,0,0,3,11,0,69,2654,0,0,0,1,0,0,0,0,0,1,982,925,0,Elderly (>60),High Income,Active (0-30d),Gold Spender,Small Family (1 Kid),Together,PhD,Long-term Member,Wines,1039,0,Never Accepted,No Acceptance
70300.0,1,0,89,1045,61,338,60,46,46,3,5,5,13,8,0,0,0,0,0,0,3,11,0,45,2508,1,0,0,0,0,0,0,1,0,0,1550,1504,0,Middle-Aged (31-45),High Income,Inactive (>60d),Gold Spender,Small Family (1 Kid),Divorced,Graduation,Established,Wines,1596,0,Never Accepted,No Acceptance
70643.0,0,0,66,1218,107,304,23,143,33,1,5,8,4,6,0,0,0,0,0,0,3,11,1,36,2781,0,1,0,0,0,0,0,0,0,1,1795,1762,0,Middle-Aged (31-45),High Income,Inactive (>60d),Gold Spender,No Children,Married,PhD,Long-term Member,Wines,1828,0,Never Accepted,No Acceptance
30396.0,1,0,22,15,0,6,0,1,12,2,1,1,2,7,1,0,0,0,0,0,3,11,1,51,2219,0,1,0,0,0,0,0,0,0,1,22,10,1,Senior (46-60),Low Income,Active (0-30d),Bronze Spender,Small Family (1 Kid),Married,PhD,New Member,Wines,34,1,Occasional Responder,Campaign 3
50616.0,0,1,56,128,0,16,0,1,4,2,4,0,4,7,0,0,0,0,0,0,3,11,0,52,2231,1,0,0,0,0,0,0,0,0,1,145,141,0,Senior (46-60),Medium Income,At-Risk (31-60d),Silver Spender,Small Family (1 Kid),Divorced,PhD,New Member,Wines,149,0,Never Accepted,No Acceptance
62772.0,0,1,74,581,49,157,43,8,108,1,5,6,11,2,0,1,0,0,0,0,3,11,0,51,2565,0,0,1,0,0,0,0,0,1,0,838,730,1,Senior (46-60),High Income,Inactive (>60d),Gold Spender,Small Family (1 Kid),Single,Master,Established,Wines,946,1,Occasional Responder,Campaign 4
30298.0,0,0,48,6,3,12,6,1,0,1,1,1,3,3,0,0,0,0,0,0,3,11,0,35,2200,0,0,1,0,0,0,0,0,0,1,28,28,0,Middle-Aged (31-45),Low Income,At-Risk (31-60d),Bronze Spender,No Children,Single,PhD,New Member,MeatProducts,28,0,Never Accepted,No Acceptance
52413.0,1,0,67,185,8,133,56,56,12,2,7,1,7,7,0,0,0,0,0,0,3,11,0,36,2762,0,0,1,0,0,0,0,1,0,0,438,426,0,Middle-Aged (31-45),Medium Income,Inactive (>60d),Silver Spender,Small Family (1 Kid),Single,Graduation,Long-term Member,Wines,450,0,Never Accepted,No Acceptance
44155.0,1,1,24,22,1,9,0,0,14,1,1,1,2,4,0,0,0,0,0,0,3,11,0,63,2320,0,1,0,0,0,0,0,0,0,1,32,18,0,Elderly (>60),Medium Income,Active (0-30d),Bronze Spender,Large Family (>1 Kid),Married,PhD,New Member,Wines,46,0,Never Accepted,No Acceptance
86979.0,0,0,67,584,100,835,65,83,35,1,5,5,5,2,1,0,0,0,0,0,3,11,1,49,2393,1,0,0,0,0,0,0,0,0,1,1667,1632,1,Senior (46-60),High Income,Inactive (>60d),Gold Spender,No Children,Divorced,PhD,New Member,MeatProducts,1702,1,Occasional Responder,Campaign 3
76532.0,1,1,38,355,30,177,90,138,30,4,9,5,7,5,0,0,0,0,0,0,3,11,0,45,2452,0,0,0,1,0,0,0,1,0,0,790,760,0,Middle-Aged (31-45),High Income,At-Risk (31-60d),Gold Spender,Large Family (>1 Kid),Together,Graduation,Established,Wines,820,0,Never Accepted,No Acceptance
42081.0,1,0,86,175,10,110,54,6,27,2,6,3,4,6,1,0,0,0,0,0,3,11,0,38,2647,0,1,0,0,0,0,0,1,0,0,355,328,1,Middle-Aged (31-45),Medium Income,Inactive (>60d),Silver Spender,Small Family (1 Kid),Married,Graduation,Long-term Member,Wines,382,1,Occasional Responder,Campaign 3
67546.0,0,0,90,864,134,768,150,38,172,1,4,10,5,3,0,0,0,0,0,0,3,11,0,32,2826,0,1,0,0,0,0,0,0,0,1,1954,1782,0,Middle-Aged (31-45),High Income,Inactive (>60d),Gold Spender,No Children,Married,PhD,Long-term Member,Wines,2126,0,Never Accepted,No Acceptance
88420.0,0,0,87,957,153,612,99,95,153,1,4,7,8,1,1,0,1,1,0,0,3,11,0,31,2217,0,0,0,1,0,0,0,0,1,0,1916,1763,3,Middle-Aged (31-45),High Income,Inactive (>60d),Gold Spender,No Children,Together,Master,New Member,Wines,2069,3,Campaign Enthusiast,Campaign 1
31158.0,1,0,62,25,6,16,20,0,5,2,2,0,3,8,0,0,0,0,0,0,3,11,0,35,2677,0,1,0,0,0,0,0,1,0,0,67,62,0,Middle-Aged (31-45),Low Income,Inactive (>60d),Bronze Spender,Small Family (1 Kid),Married,Graduation,Long-term Member,Wines,72,0,Never Accepted,No Acceptance
61671.0,0,1,23,641,7,56,0,0,28,8,10,4,6,8,0,1,0,1,0,0,3,11,0,52,2185,1,0,0,0,0,0,0,1,0,0,704,676,2,Senior (46-60),Medium Income,Active (0-30d),Silver Spender,Small Family (1 Kid),Divorced,Graduation,New Member,Wines,732,2,Occasional Responder,Campaign 1
69719.0,0,0,99,273,86,208,177,14,43,1,2,3,5,1,0,0,0,0,0,0,3,11,0,46,2193,0,0,1,0,0,0,0,1,0,0,758,715,0,Senior (46-60),High Income,Inactive (>60d),Silver Spender,No Children,Single,Graduation,New Member,Wines,801,0,Never Accepted,No Acceptance
49160.0,0,1,29,122,21,43,25,10,15,2,3,1,6,6,0,0,0,0,0,0,3,11,0,71,2411,1,0,0,0,0,0,0,1,0,0,221,206,0,Elderly (>60),Medium Income,Active (0-30d),Silver Spender,Small Family (1 Kid),Divorced,Graduation,Established,Wines,236,0,Never Accepted,No Acceptance
24882.0,1,0,52,1,4,10,29,0,36,1,1,1,2,6,1,0,0,0,0,0,3,11,0,42,2817,0,0,0,1,0,0,1,0,0,0,44,8,1,Middle-Aged (31-45),Low Income,At-Risk (31-60d),Bronze Spender,Small Family (1 Kid),Together,Basic,Long-term Member,GoldProds,80,1,Occasional Responder,Campaign 3
90933.0,0,0,90,1020,31,430,62,63,79,1,4,6,4,1,0,0,1,0,0,0,3,11,0,66,2249,0,0,1,0,0,0,0,0,0,1,1606,1527,1,Elderly (>60),High Income,Inactive (>60d),Gold Spender,No Children,Single,PhD,New Member,Wines,1685,1,Occasional Responder,Campaign 5
59292.0,0,1,71,378,14,68,19,14,14,2,3,5,8,3,0,0,0,0,0,0,3,11,0,70,2540,0,0,0,1,0,0,0,0,0,1,493,479,0,Elderly (>60),Medium Income,Inactive (>60d),Silver Spender,Small Family (1 Kid),Together,PhD,Established,Wines,507,0,Never Accepted,No Acceptance
45759.0,1,1,13,42,1,18,3,0,4,2,2,0,3,7,0,0,0,0,0,0,3,11,0,56,2650,0,1,0,0,0,0,0,0,0,1,64,60,0,Senior (46-60),Medium Income,Active (0-30d),Bronze Spender,Large Family (>1 Kid),Married,PhD,Long-term Member,Wines,68,0,Never Accepted,No Acceptance
22148.0,0,0,16,15,5,14,0,4,11,1,1,0,3,7,0,0,0,0,0,0,3,11,0,37,2236,0,0,1,0,0,0,0,1,0,0,38,27,0,Middle-Aged (31-45),Low Income,Active (0-30d),Bronze Spender,No Children,Single,Graduation,New Member,Wines,49,0,Never Accepted,No Acceptance
73395.0,0,0,94,272,7,80,20,7,11,1,4,4,6,2,0,0,0,0,0,0,3,11,0,33,2262,0,1,0,0,0,0,0,0,1,0,386,375,0,Middle-Aged (31-45),High Income,Inactive (>60d),Silver Spender,No Children,Married,Master,New Member,Wines,397,0,Never Accepted,No Acceptance
29819.0,1,0,77,9,1,24,2,1,2,3,3,0,3,6,0,0,0,0,0,0,3,11,0,49,2407,1,0,0,0,0,0,0,1,0,0,37,35,0,Senior (46-60),Low Income,Inactive (>60d),Bronze Spender,Small Family (1 Kid),Divorced,Graduation,Established,MeatProducts,39,0,Never Accepted,No Acceptance
45688.0,0,1,20,279,0,18,0,0,9,2,3,1,8,4,0,1,0,0,0,0,3,11,0,52,2314,0,1,0,0,0,0,0,1,0,0,297,288,1,Senior (46-60),Medium Income,Active (0-30d),Silver Spender,Small Family (1 Kid),Married,Graduation,New Member,Wines,306,1,Occasional Responder,Campaign 4
62820.0,0,0,51,398,61,265,138,61,53,1,3,4,6,1,0,0,0,0,0,0,3,11,0,66,2573,0,1,0,0,0,0,0,1,0,0,923,870,0,Elderly (>60),High Income,At-Risk (31-60d),Gold Spender,No Children,Married,Graduation,Established,Wines,976,0,Never Accepted,No Acceptance
60491.0,0,1,81,637,47,237,12,19,76,4,6,11,7,5,0,0,0,0,0,0,3,11,0,49,2455,0,1,0,0,0,0,0,0,0,1,952,876,0,Senior (46-60),Medium Income,Inactive (>60d),Gold Spender,Small Family (1 Kid),Married,PhD,Established,Wines,1028,0,Never Accepted,No Acceptance
33235.0,1,0,71,45,0,16,2,1,6,1,3,0,3,7,0,0,0,0,0,0,3,11,0,34,2303,0,0,0,1,0,0,0,1,0,0,64,58,0,Middle-Aged (31-45),Low Income,Inactive (>60d),Bronze Spender,Small Family (1 Kid),Together,Graduation,New Member,Wines,70,0,Never Accepted,No Acceptance
35701.0,0,0,36,21,1,9,7,3,5,1,1,0,3,6,0,0,0,0,0,0,3,11,0,61,2626,0,1,0,0,0,0,0,1,0,0,41,36,0,Elderly (>60),Low Income,At-Risk (31-60d),Bronze Spender,No Children,Married,Graduation,Established,Wines,46,0,Never Accepted,No Acceptance
31535.0,1,0,95,15,4,13,0,0,19,1,1,1,2,7,1,0,0,0,0,0,3,11,0,40,2435,0,1,0,0,0,0,0,0,1,0,32,13,1,Middle-Aged (31-45),Low Income,Inactive (>60d),Bronze Spender,Small Family (1 Kid),Married,Master,Established,GoldProds,51,1,Occasional Responder,Campaign 3
92556.0,0,0,32,493,183,352,184,23,28,0,3,5,13,0,0,0,0,0,0,0,3,11,0,60,2229,0,0,0,1,0,1,0,0,0,0,1235,1207,0,Senior (46-60),High Income,At-Risk (31-60d),Gold Spender,No Children,Together,2n Cycle,New Member,Wines,1263,0,Never Accepted,No Acceptance
67384.0,0,1,32,957,40,175,158,53,107,2,7,8,5,5,0,1,0,0,0,0,3,11,0,50,2755,0,0,1,0,0,0,0,1,0,0,1383,1276,1,Senior (46-60),High Income,At-Risk (31-60d),Gold Spender,Small Family (1 Kid),Single,Graduation,Long-term Member,Wines,1490,1,Occasional Responder,Campaign 4
80573.0,0,0,85,829,138,430,60,92,15,1,4,6,13,2,0,0,0,0,0,0,3,11,0,49,2782,0,0,0,1,0,0,0,0,1,0,1549,1534,0,Senior (46-60),High Income,Inactive (>60d),Gold Spender,No Children,Together,Master,Long-term Member,Wines,1564,0,Never Accepted,No Acceptance
77870.0,0,1,93,1017,50,500,65,50,133,3,5,5,5,8,0,1,0,1,0,0,3,11,1,53,2835,0,1,0,0,0,0,0,1,0,0,1682,1549,2,Senior (46-60),High Income,Inactive (>60d),Gold Spender,Small Family (1 Kid),Married,Graduation,Long-term Member,Wines,1815,2,Occasional Responder,Campaign 1
52278.0,0,1,24,953,0,71,0,0,174,6,10,5,10,8,0,0,0,0,0,0,3,11,0,57,2679,0,0,0,0,1,0,0,0,0,1,1024,850,0,Senior (46-60),Medium Income,Active (0-30d),Gold Spender,Small Family (1 Kid),Widow,PhD,Long-term Member,Wines,1198,0,Never Accepted,No Acceptance
57107.0,0,1,44,159,0,120,0,0,137,7,4,4,8,8,0,1,0,0,1,0,3,11,1,52,2833,0,0,1,0,0,0,0,1,0,0,279,142,2,Senior (46-60),Medium Income,At-Risk (31-60d),Silver Spender,Small Family (1 Kid),Single,Graduation,Long-term Member,Wines,416,2,Occasional Responder,Campaign 2
18929.0,0,0,15,32,0,8,23,4,18,1,1,0,4,6,0,0,0,0,0,0,3,11,0,30,2657,0,1,0,0,0,0,0,1,0,0,67,49,0,Young Adult (<30),Low Income,Active (0-30d),Bronze Spender,No Children,Married,Graduation,Long-term Member,Wines,85,0,Never Accepted,No Acceptance
36038.0,1,0,82,23,0,15,0,2,7,2,3,0,3,6,0,0,0,0,0,0,3,11,0,39,2553,0,0,1,0,0,0,0,0,0,1,40,33,0,Middle-Aged (31-45),Low Income,Inactive (>60d),Bronze Spender,Small Family (1 Kid),Single,PhD,Established,Wines,47,0,Never Accepted,No Acceptance
20180.0,0,0,27,18,42,24,15,20,18,1,2,1,4,7,0,0,0,0,0,0,3,11,0,44,2653,0,0,1,0,0,0,0,1,0,0,119,101,0,Middle-Aged (31-45),Low Income,Active (0-30d),Silver Spender,No Children,Single,Graduation,Long-term Member,Fruits,137,0,Never Accepted,No Acceptance
34230.0,1,1,72,15,0,4,0,0,2,1,1,0,2,7,0,0,0,0,0,0,3,11,0,55,2709,0,0,0,1,0,0,0,0,0,1,19,17,0,Senior (46-60),Low Income,Inactive (>60d),Bronze Spender,Large Family (>1 Kid),Together,PhD,Long-term Member,Wines,21,0,Never Accepted,No Acceptance
31878.0,0,1,7,23,4,5,10,5,23,1,1,0,4,3,0,0,0,0,0,0,3,11,0,43,2166,0,0,1,0,0,1,0,0,0,0,47,24,0,Middle-Aged (31-45),Low Income,Active (0-30d),Bronze Spender,Small Family (1 Kid),Single,2n Cycle,New Member,Wines,70,0,Never Accepted,No Acceptance
70932.0,0,1,57,200,193,100,46,185,185,2,6,2,12,3,0,0,0,0,0,0,3,11,0,48,2320,0,1,0,0,0,1,0,0,0,0,724,539,0,Senior (46-60),High Income,At-Risk (31-60d),Silver Spender,Small Family (1 Kid),Married,2n Cycle,New Member,Wines,909,0,Never Accepted,No Acceptance
91249.0,0,0,84,1324,27,119,71,108,27,0,7,9,6,4,0,1,1,1,1,0,3,11,1,64,2776,0,0,1,0,0,0,0,1,0,0,1649,1622,4,Elderly (>60),High Income,Inactive (>60d),Gold Spender,No Children,Single,Graduation,Long-term Member,Wines,1676,4,Campaign Enthusiast,Campaign 1
77598.0,0,0,53,1193,33,281,129,66,33,1,7,5,13,3,0,0,1,0,0,0,3,11,0,77,2430,0,0,1,0,0,0,0,0,1,0,1702,1669,1,Elderly (>60),High Income,At-Risk (31-60d),Gold Spender,No Children,Single,Master,Established,Wines,1735,1,Occasional Responder,Campaign 5
80982.0,1,1,48,505,137,401,104,22,22,3,11,5,11,5,0,0,0,0,0,1,3,11,0,61,2696,0,0,1,0,0,0,0,1,0,0,1169,1147,0,Elderly (>60),High Income,At-Risk (31-60d),Gold Spender,Large Family (>1 Kid),Single,Graduation,Long-term Member,Wines,1191,0,Never Accepted,No Acceptance
22701.0,1,0,2,2,4,9,0,4,5,1,1,0,3,5,0,0,0,0,0,0,3,11,0,43,2456,0,1,0,0,0,0,0,0,1,0,19,14,0,Middle-Aged (31-45),Low Income,Active (0-30d),Bronze Spender,Small Family (1 Kid),Married,Master,Established,MeatProducts,24,0,Never Accepted,No Acceptance
55212.0,0,1,65,1103,0,45,0,0,34,3,4,2,11,8,0,1,0,0,1,0,3,11,0,51,2742,0,1,0,0,0,0,0,0,0,1,1148,1114,2,Senior (46-60),Medium Income,Inactive (>60d),Gold Spender,Small Family (1 Kid),Married,PhD,Long-term Member,Wines,1182,2,Occasional Responder,Campaign 2
70617.0,0,0,45,353,61,753,40,46,27,1,3,3,7,2,0,0,0,0,0,0,3,11,0,50,2530,0,1,0,0,0,0,0,1,0,0,1253,1226,0,Senior (46-60),High Income,At-Risk (31-60d),Gold Spender,No Children,Married,Graduation,Established,MeatProducts,1280,0,Never Accepted,No Acceptance
64849.0,0,0,42,652,48,350,94,84,108,1,9,3,6,5,0,0,0,0,0,0,3,11,1,63,2752,0,0,1,0,0,0,0,1,0,0,1228,1120,0,Elderly (>60),High Income,At-Risk (31-60d),Gold Spender,No Children,Single,Graduation,Long-term Member,Wines,1336,0,Never Accepted,No Acceptance
62694.0,1,1,29,379,6,157,25,91,91,5,9,3,7,7,0,0,0,0,0,0,3,11,0,55,2536,0,1,0,0,0,0,0,0,1,0,658,567,0,Senior (46-60),High Income,Active (0-30d),Silver Spender,Large Family (>1 Kid),Married,Master,Established,Wines,749,0,Never Accepted,No Acceptance
61917.0,1,1,83,46,4,36,2,2,1,1,2,0,4,5,0,0,0,0,0,0,3,11,0,46,2380,0,1,0,0,0,0,0,0,0,1,90,89,0,Senior (46-60),Medium Income,Inactive (>60d),Bronze Spender,Large Family (>1 Kid),Married,PhD,New Member,Wines,91,0,Never Accepted,No Acceptance
67472.0,0,1,93,162,31,127,8,17,69,2,4,2,7,3,0,0,0,0,0,0,3,11,0,73,2433,0,1,0,0,0,0,0,0,0,1,345,276,0,Elderly (>60),High Income,Inactive (>60d),Silver Spender,Small Family (1 Kid),Married,PhD,Established,Wines,414,0,Never Accepted,No Acceptance
21059.0,1,0,40,8,3,19,3,3,8,3,3,0,3,6,0,0,0,0,0,0,3,11,0,38,2332,0,1,0,0,0,0,0,0,1,0,36,28,0,Middle-Aged (31-45),Low Income,At-Risk (31-60d),Bronze Spender,Small Family (1 Kid),Married,Master,New Member,MeatProducts,44,0,Never Accepted,No Acceptance
29543.0,2,0,47,17,3,18,3,4,18,2,3,1,2,7,0,0,0,0,0,0,3,11,0,52,2248,0,1,0,0,0,0,0,0,1,0,45,27,0,Senior (46-60),Low Income,At-Risk (31-60d),Bronze Spender,Large Family (>1 Kid),Married,Master,New Member,MeatProducts,63,0,Never Accepted,No Acceptance
75903.0,0,1,50,340,108,185,130,38,100,2,6,6,9,3,0,0,0,0,0,0,3,11,0,69,2606,0,1,0,0,0,0,0,1,0,0,801,701,0,Elderly (>60),High Income,At-Risk (31-60d),Gold Spender,Small Family (1 Kid),Married,Graduation,Established,Wines,901,0,Never Accepted,No Acceptance
34984.0,1,1,40,8,4,15,3,5,3,2,1,0,3,7,0,0,0,0,0,0,3,11,0,45,2820,0,0,0,1,0,1,0,0,0,0,35,32,0,Middle-Aged (31-45),Low Income,At-Risk (31-60d),Bronze Spender,Large Family (>1 Kid),Together,2n Cycle,Long-term Member,MeatProducts,38,0,Never Accepted,No Acceptance
54998.0,0,1,3,154,22,202,39,30,8,5,4,2,9,4,0,0,0,0,0,0,3,11,1,64,2635,0,0,1,0,0,0,0,0,0,1,447,439,0,Elderly (>60),Medium Income,Active (0-30d),Silver Spender,Small Family (1 Kid),Single,PhD,Long-term Member,MeatProducts,455,0,Never Accepted,No Acceptance
54356.0,0,1,62,710,15,30,20,0,0,3,11,2,8,8,0,0,0,0,0,0,3,11,1,71,2746,0,0,0,0,1,0,0,0,0,1,775,775,0,Elderly (>60),Medium Income,Inactive (>60d),Gold Spender,Small Family (1 Kid),Widow,PhD,Long-term Member,Wines,775,0,Never Accepted,No Acceptance
34242.0,0,1,25,8,2,4,0,0,1,1,0,0,3,5,0,0,0,0,0,0,3,11,0,61,2257,0,1,0,0,0,0,0,0,1,0,14,13,0,Elderly (>60),Low Income,Active (0-30d),Bronze Spender,Small Family (1 Kid),Married,Master,New Member,Wines,15,0,Never Accepted,No Acceptance
25410.0,1,0,48,2,2,4,13,13,4,1,1,0,4,4,0,0,0,0,0,0,3,11,0,47,2461,0,1,0,0,0,0,0,1,0,0,34,30,0,Senior (46-60),Low Income,At-Risk (31-60d),Bronze Spender,Small Family (1 Kid),Married,Graduation,Established,FishProducts,38,0,Never Accepted,No Acceptance
73356.0,0,0,56,1050,14,322,0,14,112,1,5,11,5,2,1,0,1,1,0,0,3,11,1,36,2302,0,1,0,0,0,0,0,0,0,1,1400,1288,3,Middle-Aged (31-45),High Income,At-Risk (31-60d),Gold Spender,No Children,Married,PhD,New Member,Wines,1512,3,Campaign Enthusiast,Campaign 1
28320.0,0,1,68,19,1,14,3,2,4,1,1,0,3,8,0,0,0,0,0,0,3,11,0,70,2690,0,0,0,1,0,0,0,1,0,0,39,35,0,Elderly (>60),Low Income,Inactive (>60d),Bronze Spender,Small Family (1 Kid),Together,Graduation,Long-term Member,Wines,43,0,Never Accepted,No Acceptance
23763.0,1,0,64,22,0,6,6,2,6,1,1,0,3,7,0,0,0,0,0,0,3,11,0,43,2850,0,0,1,0,0,0,0,1,0,0,36,30,0,Middle-Aged (31-45),Low Income,Inactive (>60d),Bronze Spender,Small Family (1 Kid),Single,Graduation,Long-term Member,Wines,42,0,Never Accepted,No Acceptance
72570.0,0,0,67,274,83,216,151,141,224,1,4,6,12,1,0,0,0,0,0,0,3,11,0,36,2224,0,1,0,0,0,0,0,1,0,0,865,641,0,Middle-Aged (31-45),High Income,Inactive (>60d),Gold Spender,No Children,Married,Graduation,New Member,Wines,1089,0,Never Accepted,No Acceptance
34529.0,1,0,94,68,6,38,3,6,41,2,2,2,3,7,0,0,0,0,0,0,3,11,0,44,2812,0,1,0,0,0,0,0,0,1,0,121,80,0,Middle-Aged (31-45),Low Income,Inactive (>60d),Silver Spender,Small Family (1 Kid),Married,Master,Long-term Member,Wines,162,0,Never Accepted,No Acceptance
70792.0,0,0,82,344,45,654,104,11,114,2,3,4,10,3,0,0,0,0,0,0,3,11,0,69,2667,0,0,0,0,1,0,0,1,0,0,1158,1044,0,Elderly (>60),High Income,Inactive (>60d),Gold Spender,No Children,Widow,Graduation,Long-term Member,MeatProducts,1272,0,Never Accepted,No Acceptance
63211.0,0,0,3,145,193,459,205,26,145,2,3,8,7,2,0,0,0,0,0,0,3,11,1,38,2763,0,1,0,0,0,0,0,1,0,0,1028,883,0,Middle-Aged (31-45),High Income,Active (0-30d),Gold Spender,No Children,Married,Graduation,Long-term Member,MeatProducts,1173,0,Never Accepted,No Acceptance
83891.0,0,1,24,217,38,350,111,85,15,1,4,7,10,1,0,0,0,0,0,0,3,11,0,46,2168,0,1,0,0,0,0,0,0,1,0,801,786,0,Senior (46-60),High Income,Active (0-30d),Gold Spender,Small Family (1 Kid),Married,Master,New Member,MeatProducts,816,0,Never Accepted,No Acceptance
36065.0,1,1,54,18,7,34,10,2,3,3,3,0,3,8,0,0,0,0,0,0,3,11,0,52,2614,0,0,1,0,0,0,0,1,0,0,71,68,0,Senior (46-60),Low Income,At-Risk (31-60d),Bronze Spender,Large Family (>1 Kid),Single,Graduation,Established,MeatProducts,74,0,Never Accepted,No Acceptance
39898.0,0,1,20,69,8,26,12,7,12,2,3,0,4,7,0,0,0,0,0,0,3,11,0,66,2661,0,0,0,1,0,0,0,1,0,0,122,110,0,Elderly (>60),Low Income,Active (0-30d),Silver Spender,Small Family (1 Kid),Together,Graduation,Long-term Member,Wines,134,0,Never Accepted,No Acceptance
51141.0,0,0,96,144,0,7,0,0,6,1,3,1,4,5,0,0,0,0,0,0,3,11,0,80,2515,0,0,1,0,0,0,0,0,0,1,151,145,0,Elderly (>60),Medium Income,Inactive (>60d),Silver Spender,No Children,Single,PhD,Established,Wines,157,0,Never Accepted,No Acceptance
56939.0,0,1,19,256,34,103,90,29,49,2,3,3,10,3,0,0,0,0,0,0,3,11,0,44,2443,0,1,0,0,0,0,0,1,0,0,512,463,0,Middle-Aged (31-45),Medium Income,Active (0-30d),Silver Spender,Small Family (1 Kid),Married,Graduation,Established,Wines,561,0,Never Accepted,No Acceptance
80872.0,0,0,60,483,72,567,94,12,108,1,4,4,10,1,0,0,0,0,0,0,3,11,0,69,2207,0,0,1,0,0,0,0,1,0,0,1228,1120,0,Elderly (>60),High Income,At-Risk (31-60d),Gold Spender,No Children,Single,Graduation,New Member,MeatProducts,1336,0,Never Accepted,No Acceptance
72335.0,0,0,2,1285,105,653,28,21,0,1,10,4,8,8,0,0,0,0,0,0,3,11,1,44,2844,0,0,0,1,0,0,0,0,0,1,2092,2092,0,Middle-Aged (31-45),High Income,Active (0-30d),Gold Spender,No Children,Together,PhD,Long-term Member,Wines,2092,0,Never Accepted,No Acceptance
61798.0,0,0,13,338,4,89,11,8,13,1,4,2,9,4,0,0,0,0,0,0,3,11,0,56,2377,0,0,1,0,0,0,0,0,0,1,450,437,0,Senior (46-60),Medium Income,Active (0-30d),Silver Spender,No Children,Single,PhD,New Member,Wines,463,0,Never Accepted,No Acceptance
76842.0,0,0,37,605,10,345,84,54,32,1,1,8,7,0,0,0,0,0,0,0,3,11,0,70,2216,0,0,0,0,1,0,0,0,0,1,1098,1066,0,Elderly (>60),High Income,At-Risk (31-60d),Gold Spender,No Children,Widow,PhD,New Member,Wines,1130,0,Never Accepted,No Acceptance
29478.0,1,0,59,8,0,7,3,1,1,1,1,0,3,6,0,0,0,0,0,0,3,11,0,44,2322,0,0,0,1,0,0,0,1,0,0,19,18,0,Middle-Aged (31-45),Low Income,At-Risk (31-60d),Bronze Spender,Small Family (1 Kid),Together,Graduation,New Member,Wines,20,0,Never Accepted,No Acceptance
46998.0,0,1,55,172,41,86,45,6,27,5,5,3,5,7,1,0,0,0,0,0,3,11,0,64,2774,0,0,1,0,0,0,0,1,0,0,350,323,1,Elderly (>60),Medium Income,At-Risk (31-60d),Silver Spender,Small Family (1 Kid),Single,Graduation,Long-term Member,Wines,377,1,Occasional Responder,Campaign 3
56551.0,1,1,48,67,4,32,17,2,16,3,2,1,4,4,0,0,0,0,0,0,3,11,0,70,2212,0,0,0,0,1,0,0,0,0,1,122,106,0,Elderly (>60),Medium Income,At-Risk (31-60d),Silver Spender,Large Family (>1 Kid),Widow,PhD,New Member,Wines,138,0,Never Accepted,No Acceptance
70053.0,0,1,38,512,53,98,81,179,89,3,8,5,10,5,0,0,0,0,0,0,3,11,0,55,2520,0,1,0,0,0,0,0,0,1,0,923,834,0,Senior (46-60),High Income,At-Risk (31-60d),Gold Spender,Small Family (1 Kid),Married,Master,Established,Wines,1012,0,Never Accepted,No Acceptance
71670.0,0,0,8,1462,16,128,0,0,160,1,5,3,6,6,0,1,1,0,1,0,3,11,1,58,2514,0,0,0,0,1,0,0,0,0,1,1606,1446,3,Senior (46-60),High Income,Active (0-30d),Gold Spender,No Children,Widow,PhD,Established,Wines,1766,3,Campaign Enthusiast,Campaign 2
44359.0,1,1,19,20,0,14,7,3,1,3,2,0,4,3,0,0,0,0,0,0,3,11,0,42,2171,0,1,0,0,0,0,0,1,0,0,44,43,0,Middle-Aged (31-45),Medium Income,Active (0-30d),Bronze Spender,Large Family (>1 Kid),Married,Graduation,New Member,Wines,45,0,Never Accepted,No Acceptance
40887.0,1,1,32,50,4,44,10,10,43,3,3,1,3,9,0,0,0,0,0,0,3,11,1,68,2578,0,0,1,0,0,0,0,1,0,0,118,75,0,Elderly (>60),Medium Income,At-Risk (31-60d),Silver Spender,Large Family (>1 Kid),Single,Graduation,Established,Wines,161,0,Never Accepted,No Acceptance
48877.0,0,1,27,102,1,15,2,0,24,1,3,0,4,7,0,0,0,0,0,0,3,11,0,54,2334,1,0,0,0,0,0,0,1,0,0,120,96,0,Senior (46-60),Medium Income,Active (0-30d),Silver Spender,Small Family (1 Kid),Divorced,Graduation,New Member,Wines,144,0,Never Accepted,No Acceptance
74485.0,0,0,58,499,149,815,173,49,49,1,6,7,12,3,0,0,0,0,0,0,3,11,0,73,2468,0,0,0,1,0,0,0,1,0,0,1685,1636,0,Elderly (>60),High Income,At-Risk (31-60d),Gold Spender,No Children,Together,Graduation,Established,MeatProducts,1734,0,Never Accepted,No Acceptance
64474.0,0,1,59,381,35,172,56,86,93,2,8,2,10,5,0,0,0,0,0,0,3,11,0,48,2409,0,0,0,1,0,0,0,1,0,0,730,637,0,Senior (46-60),High Income,At-Risk (31-60d),Silver Spender,Small Family (1 Kid),Together,Graduation,Established,Wines,823,0,Never Accepted,No Acceptance
77226.0,0,1,29,631,43,239,128,76,21,2,6,8,12,3,0,0,0,0,0,0,3,11,0,57,2280,0,0,0,1,0,0,0,1,0,0,1117,1096,0,Senior (46-60),High Income,Active (0-30d),Gold Spender,Small Family (1 Kid),Together,Graduation,New Member,Wines,1138,0,Never Accepted,No Acceptance
72643.0,0,0,60,526,80,553,123,94,53,1,3,10,7,2,0,0,0,1,0,0,3,11,1,71,2646,0,0,0,0,1,0,0,1,0,0,1376,1323,1,Elderly (>60),High Income,At-Risk (31-60d),Gold Spender,No Children,Widow,Graduation,Long-term Member,MeatProducts,1429,1,Occasional Responder,Campaign 1
85738.0,0,0,41,913,26,376,17,26,13,1,3,6,11,1,0,1,1,0,0,0,3,11,0,42,2316,0,0,0,1,0,0,0,0,1,0,1358,1345,2,Middle-Aged (31-45),High Income,At-Risk (31-60d),Gold Spender,No Children,Together,Master,New Member,Wines,1371,2,Occasional Responder,Campaign 4
55686.0,0,1,27,673,0,199,37,47,26,2,6,3,5,4,1,0,0,0,0,0,3,11,0,54,2659,1,0,0,0,0,0,0,1,0,0,956,930,1,Senior (46-60),Medium Income,Active (0-30d),Gold Spender,Small Family (1 Kid),Divorced,Graduation,Long-term Member,Wines,982,1,Occasional Responder,Campaign 3
39062.0,1,0,28,23,0,9,0,0,12,1,1,0,3,4,1,0,0,0,0,0,3,11,0,37,2255,0,0,1,0,0,0,0,1,0,0,32,20,1,Middle-Aged (31-45),Low Income,Active (0-30d),Bronze Spender,Small Family (1 Kid),Single,Graduation,New Member,Wines,44,1,Occasional Responder,Campaign 3
34600.0,1,1,8,199,33,60,8,3,15,5,5,2,5,8,0,0,0,0,0,0,3,11,1,49,2703,0,0,0,1,0,0,0,1,0,0,303,288,0,Senior (46-60),Low Income,Active (0-30d),Silver Spender,Large Family (>1 Kid),Together,Graduation,Long-term Member,Wines,318,0,Never Accepted,No Acceptance
40794.0,0,1,18,261,23,73,4,23,50,2,6,3,5,7,0,0,0,0,0,0,3,11,0,45,2607,0,1,0,0,0,0,0,1,0,0,384,334,0,Middle-Aged (31-45),Medium Income,Active (0-30d),Silver Spender,Small Family (1 Kid),Married,Graduation,Established,Wines,434,0,Never Accepted,No Acceptance
54690.0,1,1,76,111,16,37,7,9,18,3,3,1,5,3,0,0,0,0,0,0,3,11,0,49,2393,0,1,0,0,0,1,0,0,0,0,180,162,0,Senior (46-60),Medium Income,Inactive (>60d),Silver Spender,Large Family (>1 Kid),Married,2n Cycle,New Member,Wines,198,0,Never Accepted,No Acceptance
4428.0,0,1,0,16,4,12,2,4,321,0,25,0,0,1,0,0,0,0,0,0,3,11,0,51,2426,0,1,0,0,0,0,0,1,0,0,38,-283,0,Senior (46-60),Low Income,Active (0-30d),Bronze Spender,Small Family (1 Kid),Married,Graduation,Established,GoldProds,359,0,Never Accepted,No Acceptance
32632.0,0,0,32,63,151,137,153,19,53,2,4,4,8,5,0,0,0,0,0,0,3,11,0,57,2855,0,1,0,0,0,1,0,0,0,0,523,470,0,Senior (46-60),Low Income,At-Risk (31-60d),Silver Spender,No Children,Married,2n Cycle,Long-term Member,FishProducts,576,0,Never Accepted,No Acceptance
38236.0,1,1,2,58,0,18,2,0,10,4,3,0,4,7,0,0,0,0,0,0,3,11,0,52,2441,0,0,1,0,0,0,0,0,0,1,78,68,0,Senior (46-60),Low Income,Active (0-30d),Bronze Spender,Large Family (>1 Kid),Single,PhD,Established,Wines,88,0,Never Accepted,No Acceptance
36781.0,1,0,16,29,1,17,0,3,13,1,2,1,2,8,0,0,0,0,0,0,3,11,1,41,2239,0,1,0,0,0,0,0,1,0,0,50,37,0,Middle-Aged (31-45),Low Income,Active (0-30d),Bronze Spender,Small Family (1 Kid),Married,Graduation,New Member,Wines,63,0,Never Accepted,No Acceptance
31385.0,1,0,56,3,2,12,0,1,9,1,1,0,2,8,1,0,0,0,0,0,3,11,1,36,2730,0,0,1,0,0,0,0,0,1,0,18,9,1,Middle-Aged (31-45),Low Income,At-Risk (31-60d),Bronze Spender,Small Family (1 Kid),Single,Master,Long-term Member,MeatProducts,27,1,Occasional Responder,Campaign 3
24570.0,1,0,97,28,34,62,11,14,44,3,4,0,4,9,0,0,0,0,0,0,3,11,0,36,2646,0,1,0,0,0,0,0,1,0,0,149,105,0,Middle-Aged (31-45),Low Income,Inactive (>60d),Silver Spender,Small Family (1 Kid),Married,Graduation,Long-term Member,MeatProducts,193,0,Never Accepted,No Acceptance
25509.0,1,0,15,40,3,30,10,7,11,3,3,0,3,9,0,0,0,0,0,0,3,11,1,46,2808,1,0,0,0,0,0,0,0,0,1,90,79,0,Senior (46-60),Low Income,Active (0-30d),Bronze Spender,Small Family (1 Kid),Divorced,PhD,Long-term Member,Wines,101,0,Never Accepted,No Acceptance
58646.0,0,1,3,62,1,44,6,5,22,1,2,1,4,4,0,0,0,0,0,0,3,11,0,58,2543,0,1,0,0,0,0,0,0,1,0,118,96,0,Senior (46-60),Medium Income,Active (0-30d),Silver Spender,Small Family (1 Kid),Married,Master,Established,Wines,140,0,Never Accepted,No Acceptance
53201.0,1,1,49,280,7,81,20,0,27,8,6,3,5,7,0,0,0,0,0,0,3,11,0,45,2661,0,0,1,0,0,0,0,1,0,0,388,361,0,Middle-Aged (31-45),Medium Income,At-Risk (31-60d),Silver Spender,Large Family (>1 Kid),Single,Graduation,Long-term Member,Wines,415,0,Never Accepted,No Acceptance
21994.0,0,1,4,9,0,6,3,1,3,1,0,0,3,5,0,0,0,0,0,0,3,11,0,63,2711,0,0,0,1,0,0,0,1,0,0,19,16,0,Elderly (>60),Low Income,Active (0-30d),Bronze Spender,Small Family (1 Kid),Together,Graduation,Long-term Member,Wines,22,0,Never Accepted,No Acceptance
57113.0,1,1,45,182,4,33,0,2,42,6,4,1,5,7,0,0,0,0,0,0,3,11,0,42,2667,0,1,0,0,0,0,0,1,0,0,221,179,0,Middle-Aged (31-45),Medium Income,At-Risk (31-60d),Silver Spender,Large Family (>1 Kid),Married,Graduation,Long-term Member,Wines,263,0,Never Accepted,No Acceptance
51373.0,0,0,37,83,2,101,64,26,117,1,3,5,3,4,0,0,0,0,0,0,3,11,0,29,2531,0,1,0,0,0,0,0,1,0,0,276,159,0,Young Adult (<30),Medium Income,At-Risk (31-60d),Silver Spender,No Children,Married,Graduation,Established,GoldProds,393,0,Never Accepted,No Acceptance
23477.0,1,0,39,38,15,54,3,8,29,3,3,0,4,8,0,0,0,0,0,0,3,11,0,34,2410,0,1,0,0,0,0,0,1,0,0,118,89,0,Middle-Aged (31-45),Low Income,At-Risk (31-60d),Silver Spender,Small Family (1 Kid),Married,Graduation,Established,MeatProducts,147,0,Never Accepted,No Acceptance
58116.0,0,1,38,228,19,130,4,11,51,2,3,3,8,2,0,0,0,0,0,0,3,11,0,64,2236,0,1,0,0,0,0,0,1,0,0,392,341,0,Elderly (>60),Medium Income,At-Risk (31-60d),Silver Spender,Small Family (1 Kid),Married,Graduation,New Member,Wines,443,0,Never Accepted,No Acceptance
72968.0,0,0,8,1092,37,592,145,37,55,1,5,5,8,3,0,0,0,1,0,0,3,11,1,57,2354,1,0,0,0,0,0,0,0,0,1,1903,1848,1,Senior (46-60),High Income,Active (0-30d),Gold Spender,No Children,Divorced,PhD,New Member,Wines,1958,1,Occasional Responder,Campaign 1
39791.0,0,1,89,85,15,27,13,13,21,2,3,1,4,7,0,0,0,0,0,0,3,11,0,49,2617,0,1,0,0,0,0,0,0,1,0,153,132,0,Senior (46-60),Low Income,Inactive (>60d),Silver Spender,Small Family (1 Kid),Married,Master,Established,Wines,174,0,Never Accepted,No Acceptance
91712.0,0,0,47,1276,24,746,94,29,48,0,9,7,11,3,0,0,1,0,0,0,3,11,1,73,2414,0,0,1,0,0,0,0,0,1,0,2169,2121,1,Elderly (>60),High Income,At-Risk (31-60d),Gold Spender,No Children,Single,Master,Established,Wines,2217,1,Occasional Responder,Campaign 5
13672.0,1,1,86,6,2,9,2,1,5,2,1,0,3,8,0,0,0,0,0,0,3,11,0,60,2597,0,0,0,1,0,0,0,1,0,0,20,15,0,Senior (46-60),Low Income,Inactive (>60d),Bronze Spender,Large Family (>1 Kid),Together,Graduation,Established,MeatProducts,25,0,Never Accepted,No Acceptance
79205.0,0,0,73,504,23,117,179,28,44,1,6,5,4,4,0,0,0,1,0,0,3,11,1,45,2828,0,1,0,0,0,0,0,1,0,0,851,807,1,Middle-Aged (31-45),High Income,Inactive (>60d),Gold Spender,No Children,Married,Graduation,Long-term Member,Wines,895,1,Occasional Responder,Campaign 1
56559.0,0,1,46,226,22,133,41,31,31,3,4,3,8,4,0,0,0,0,0,0,3,11,0,45,2710,0,0,0,1,0,0,0,0,0,1,453,422,0,Middle-Aged (31-45),Medium Income,At-Risk (31-60d),Silver Spender,Small Family (1 Kid),Together,PhD,Long-term Member,Wines,484,0,Never Accepted,No Acceptance
32644.0,1,0,38,239,3,141,0,7,23,4,7,1,6,8,1,0,0,0,0,0,3,11,0,47,2688,0,1,0,0,0,0,0,0,0,1,390,367,1,Senior (46-60),Low Income,At-Risk (31-60d),Silver Spender,Small Family (1 Kid),Married,PhD,Long-term Member,Wines,413,1,Occasional Responder,Campaign 3
67506.0,0,1,73,90,38,67,33,36,67,1,4,1,6,3,0,0,0,0,0,0,3,11,0,40,2337,0,0,1,0,0,1,0,0,0,0,264,197,0,Middle-Aged (31-45),High Income,Inactive (>60d),Silver Spender,Small Family (1 Kid),Single,2n Cycle,New Member,Wines,331,0,Never Accepted,No Acceptance
24206.0,1,0,66,7,2,8,3,2,3,1,1,0,3,6,0,0,0,0,0,0,3,11,0,50,2637,0,0,1,0,0,0,0,1,0,0,22,19,0,Senior (46-60),Low Income,Inactive (>60d),Bronze Spender,Small Family (1 Kid),Single,Graduation,Long-term Member,MeatProducts,25,0,Never Accepted,No Acceptance
28420.0,1,0,36,4,2,5,2,0,0,1,1,0,2,6,0,0,0,0,0,0,3,11,0,53,2346,1,0,0,0,0,0,0,0,0,1,13,13,0,Senior (46-60),Low Income,At-Risk (31-60d),Bronze Spender,Small Family (1 Kid),Divorced,PhD,New Member,MeatProducts,13,0,Never Accepted,No Acceptance
22979.0,1,0,29,16,17,19,20,21,22,3,3,2,2,8,0,0,0,0,0,0,3,11,1,50,2820,0,1,0,0,0,0,0,1,0,0,93,71,0,Senior (46-60),Low Income,Active (0-30d),Silver Spender,Small Family (1 Kid),Married,Graduation,Long-term Member,GoldProds,115,0,Never Accepted,No Acceptance
33279.0,0,0,29,10,3,3,0,0,0,1,0,0,3,3,0,0,0,0,0,0,3,11,0,54,2176,0,0,1,0,0,0,0,1,0,0,16,16,0,Senior (46-60),Low Income,Active (0-30d),Bronze Spender,No Children,Single,Graduation,New Member,Wines,16,0,Never Accepted,No Acceptance
46423.0,1,1,6,68,0,16,0,0,8,3,2,0,4,7,0,0,0,0,0,0,3,11,0,48,2443,0,0,1,0,0,0,0,0,1,0,84,76,0,Senior (46-60),Medium Income,Active (0-30d),Bronze Spender,Large Family (>1 Kid),Single,Master,Established,Wines,92,0,Never Accepted,No Acceptance
30368.0,0,1,97,35,0,13,2,0,2,2,2,0,3,8,0,0,0,0,0,0,3,11,0,43,2393,0,1,0,0,0,0,0,1,0,0,50,48,0,Middle-Aged (31-45),Low Income,Inactive (>60d),Bronze Spender,Small Family (1 Kid),Married,Graduation,New Member,Wines,52,0,Never Accepted,No Acceptance
63684.0,0,1,61,575,80,428,208,93,80,3,8,4,8,5,0,0,0,0,0,0,3,11,0,50,2739,0,1,0,0,0,0,0,1,0,0,1384,1304,0,Senior (46-60),High Income,Inactive (>60d),Gold Spender,Small Family (1 Kid),Married,Graduation,Long-term Member,Wines,1464,0,Never Accepted,No Acceptance
41638.0,0,1,68,315,0,31,4,0,91,4,5,5,3,8,1,0,0,0,0,0,3,11,0,56,2660,1,0,0,0,0,0,0,1,0,0,350,259,1,Senior (46-60),Medium Income,Inactive (>60d),Silver Spender,Small Family (1 Kid),Divorced,Graduation,Long-term Member,Wines,441,1,Occasional Responder,Campaign 3
68805.0,0,1,73,182,2,49,17,13,20,1,3,1,7,2,0,0,0,0,0,0,3,11,0,61,2444,1,0,0,0,0,0,0,0,0,1,263,243,0,Elderly (>60),High Income,Inactive (>60d),Silver Spender,Small Family (1 Kid),Divorced,PhD,Established,Wines,283,0,Never Accepted,No Acceptance
65814.0,0,1,90,561,14,113,10,14,35,3,8,2,10,5,0,0,0,0,0,0,3,11,0,54,2278,0,0,0,1,0,0,0,0,0,1,712,677,0,Senior (46-60),High Income,Inactive (>60d),Silver Spender,Small Family (1 Kid),Together,PhD,New Member,Wines,747,0,Never Accepted,No Acceptance
71964.0,0,0,81,587,51,932,180,34,86,1,5,6,5,3,0,0,0,0,0,0,3,11,0,62,2564,1,0,0,0,0,0,0,1,0,0,1784,1698,0,Elderly (>60),High Income,Inactive (>60d),Gold Spender,No Children,Divorced,Graduation,Established,MeatProducts,1870,0,Never Accepted,No Acceptance
39146.0,1,0,1,94,1,33,13,12,12,3,4,0,4,8,0,0,0,0,0,0,3,11,0,34,2659,0,0,1,0,0,0,0,1,0,0,153,141,0,Middle-Aged (31-45),Low Income,Active (0-30d),Silver Spender,Small Family (1 Kid),Single,Graduation,Long-term Member,Wines,165,0,Never Accepted,No Acceptance
34445.0,0,0,92,228,122,122,208,129,30,6,11,2,8,9,0,0,0,0,0,0,3,11,0,39,2677,0,1,0,0,0,0,1,0,0,0,809,779,0,Middle-Aged (31-45),Low Income,Inactive (>60d),Gold Spender,No Children,Married,Basic,Long-term Member,Wines,839,0,Never Accepted,No Acceptance
68281.0,0,0,31,995,112,417,42,48,41,1,2,9,13,5,0,0,0,0,0,0,3,11,1,62,2850,0,0,1,0,0,0,0,1,0,0,1614,1573,0,Elderly (>60),High Income,At-Risk (31-60d),Gold Spender,No Children,Single,Graduation,Long-term Member,Wines,1655,0,Never Accepted,No Acceptance
37284.0,1,1,46,11,1,2,2,1,6,1,0,0,3,6,0,0,0,0,0,0,3,11,0,45,2616,0,1,0,0,0,1,0,0,0,0,17,11,0,Middle-Aged (31-45),Low Income,At-Risk (31-60d),Bronze Spender,Large Family (>1 Kid),Married,2n Cycle,Established,Wines,23,0,Never Accepted,No Acceptance
36790.0,0,0,14,3,3,14,15,21,10,1,2,1,2,9,0,0,0,0,0,0,3,11,1,37,2644,0,1,0,0,0,0,0,1,0,0,56,46,0,Middle-Aged (31-45),Low Income,Active (0-30d),Bronze Spender,No Children,Married,Graduation,Long-term Member,SweetProducts,66,0,Never Accepted,No Acceptance
27943.0,1,1,89,12,1,16,4,1,3,3,2,0,3,8,0,0,0,0,0,0,3,11,0,53,2599,0,0,0,1,0,0,0,1,0,0,34,31,0,Senior (46-60),Low Income,Inactive (>60d),Bronze Spender,Large Family (>1 Kid),Together,Graduation,Established,MeatProducts,37,0,Never Accepted,No Acceptance
22263.0,1,1,31,17,0,2,0,0,2,2,1,0,3,6,0,0,0,0,0,1,3,11,0,69,2250,1,0,0,0,0,0,0,1,0,0,19,17,0,Elderly (>60),Low Income,At-Risk (31-60d),Bronze Spender,Large Family (>1 Kid),Divorced,Graduation,New Member,Wines,21,0,Never Accepted,No Acceptance
30261.0,1,2,75,8,0,5,0,3,6,1,0,0,3,8,0,0,0,0,0,0,3,11,0,48,2801,0,0,0,1,0,0,0,1,0,0,16,10,0,Senior (46-60),Low Income,Inactive (>60d),Bronze Spender,Large Family (>1 Kid),Together,Graduation,Long-term Member,Wines,22,0,Never Accepted,No Acceptance
28587.0,1,0,42,22,4,17,12,10,13,3,2,0,4,6,0,0,0,0,0,0,3,11,0,42,2296,0,0,0,1,0,0,0,1,0,0,65,52,0,Middle-Aged (31-45),Low Income,At-Risk (31-60d),Bronze Spender,Small Family (1 Kid),Together,Graduation,New Member,Wines,78,0,Never Accepted,No Acceptance
43815.0,1,0,53,14,10,29,4,7,15,1,2,0,3,6,0,0,0,0,0,0,3,11,0,38,2609,0,1,0,0,0,0,0,0,1,0,64,49,0,Middle-Aged (31-45),Medium Income,At-Risk (31-60d),Bronze Spender,Small Family (1 Kid),Married,Master,Established,MeatProducts,79,0,Never Accepted,No Acceptance
48195.0,1,1,53,106,27,68,52,7,5,6,4,2,5,6,0,0,0,0,0,0,3,11,0,64,2318,0,1,0,0,0,0,0,1,0,0,260,255,0,Elderly (>60),Medium Income,At-Risk (31-60d),Silver Spender,Large Family (>1 Kid),Married,Graduation,New Member,Wines,265,0,Never Accepted,No Acceptance
77027.0,0,1,23,820,57,242,45,0,11,2,8,3,6,4,0,0,0,0,0,0,3,11,0,68,2303,0,1,0,0,0,0,0,0,1,0,1164,1153,0,Elderly (>60),High Income,Active (0-30d),Gold Spender,Small Family (1 Kid),Married,Master,New Member,Wines,1175,0,Never Accepted,No Acceptance
71322.0,0,1,57,753,43,226,69,10,204,2,8,5,13,4,0,0,0,0,0,0,3,11,0,55,2657,0,1,0,0,0,0,0,0,0,1,1101,897,0,Senior (46-60),High Income,At-Risk (31-60d),Gold Spender,Small Family (1 Kid),Married,PhD,Long-term Member,Wines,1305,0,Never Accepted,No Acceptance
32765.0,1,0,49,13,3,17,7,3,3,2,2,0,4,5,0,0,0,0,0,0,3,11,0,41,2285,0,1,0,0,0,0,0,0,1,0,43,40,0,Middle-Aged (31-45),Low Income,At-Risk (31-60d),Bronze Spender,Small Family (1 Kid),Married,Master,New Member,MeatProducts,46,0,Never Accepted,No Acceptance
29672.0,1,1,6,9,1,3,0,4,8,1,0,0,3,6,0,0,0,0,0,0,3,11,0,55,2633,0,0,0,1,0,0,0,1,0,0,17,9,0,Senior (46-60),Low Income,Active (0-30d),Bronze Spender,Large Family (>1 Kid),Together,Graduation,Long-term Member,Wines,25,0,Never Accepted,No Acceptance
23272.0,0,0,29,19,3,6,4,2,12,1,1,0,3,4,0,0,0,0,0,0,3,11,0,67,2414,1,0,0,0,0,0,0,1,0,0,34,22,0,Elderly (>60),Low Income,Active (0-30d),Bronze Spender,No Children,Divorced,Graduation,Established,Wines,46,0,Never Accepted,No Acceptance
49912.0,0,1,5,520,8,223,32,49,42,4,10,5,7,8,1,0,0,0,0,0,3,11,1,71,2819,0,0,0,1,0,0,0,0,1,0,832,790,1,Elderly (>60),Medium Income,Active (0-30d),Gold Spender,Small Family (1 Kid),Together,Master,Long-term Member,Wines,874,1,Occasional Responder,Campaign 3
7500.0,1,0,98,5,17,17,13,14,34,4,2,1,3,9,0,0,0,0,0,0,3,11,0,35,2856,0,0,0,1,0,1,0,0,0,0,66,32,0,Middle-Aged (31-45),Low Income,Inactive (>60d),Bronze Spender,Small Family (1 Kid),Together,2n Cycle,Long-term Member,GoldProds,100,0,Never Accepted,No Acceptance
68117.0,0,1,80,618,44,215,0,17,36,2,11,8,4,6,1,0,0,0,0,0,3,11,1,73,2635,0,0,0,0,1,0,0,0,0,1,894,858,1,Elderly (>60),High Income,Inactive (>60d),Gold Spender,Small Family (1 Kid),Widow,PhD,Long-term Member,Wines,930,1,Occasional Responder,Campaign 3
67225.0,0,1,4,315,35,322,46,7,143,3,7,2,11,5,0,0,0,0,0,0,3,11,0,65,2374,0,1,0,0,0,0,0,1,0,0,725,582,0,Elderly (>60),High Income,Active (0-30d),Silver Spender,Small Family (1 Kid),Married,Graduation,New Member,MeatProducts,868,0,Never Accepted,No Acceptance
17649.0,1,0,70,15,1,23,0,5,1,3,3,0,3,8,0,0,0,0,0,0,3,11,0,44,2388,0,1,0,0,0,0,0,1,0,0,44,43,0,Middle-Aged (31-45),Low Income,Inactive (>60d),Bronze Spender,Small Family (1 Kid),Married,Graduation,New Member,MeatProducts,45,0,Never Accepted,No Acceptance
55914.0,0,1,32,384,60,364,119,101,232,4,11,6,8,7,0,0,0,0,0,0,3,11,0,45,2585,0,0,0,1,0,0,0,1,0,0,1028,796,0,Middle-Aged (31-45),Medium Income,At-Risk (31-60d),Gold Spender,Small Family (1 Kid),Together,Graduation,Established,Wines,1260,0,Never Accepted,No Acceptance
40059.0,1,0,82,110,29,92,28,10,145,1,6,2,3,8,1,0,0,0,0,0,3,11,0,36,2433,0,1,0,0,0,0,0,1,0,0,269,124,1,Middle-Aged (31-45),Medium Income,Inactive (>60d),Silver Spender,Small Family (1 Kid),Married,Graduation,Established,GoldProds,414,1,Occasional Responder,Campaign 3
60905.0,0,1,27,208,17,76,36,17,38,2,3,3,7,2,0,0,0,0,0,0,3,11,0,70,2365,0,0,0,1,0,0,0,1,0,0,354,316,0,Elderly (>60),Medium Income,Active (0-30d),Silver Spender,Small Family (1 Kid),Together,Graduation,New Member,Wines,392,0,Never Accepted,No Acceptance
75330.0,1,1,94,555,82,257,93,61,61,4,10,3,12,6,0,0,0,0,0,0,3,11,0,43,2792,0,1,0,0,0,0,0,1,0,0,1048,987,0,Middle-Aged (31-45),High Income,Inactive (>60d),Gold Spender,Large Family (>1 Kid),Married,Graduation,Long-term Member,Wines,1109,0,Never Accepted,No Acceptance
60689.0,0,1,23,240,90,216,63,6,24,4,4,4,10,3,0,0,0,0,0,0,3,11,0,69,2552,0,0,1,0,0,0,0,1,0,0,615,591,0,Elderly (>60),Medium Income,Active (0-30d),Silver Spender,Small Family (1 Kid),Single,Graduation,Established,Wines,639,0,Never Accepted,No Acceptance
38680.0,1,0,97,11,0,36,15,5,12,1,2,0,3,7,0,0,0,0,0,0,3,11,0,36,2617,0,1,0,0,0,0,0,1,0,0,67,55,0,Middle-Aged (31-45),Low Income,Inactive (>60d),Bronze Spender,Small Family (1 Kid),Married,Graduation,Established,MeatProducts,79,0,Never Accepted,No Acceptance
61416.0,0,0,25,848,154,323,201,61,78,1,10,3,10,6,1,0,0,0,0,0,3,11,0,38,2665,0,0,0,1,0,0,0,1,0,0,1587,1509,1,Middle-Aged (31-45),Medium Income,Active (0-30d),Gold Spender,No Children,Together,Graduation,Long-term Member,Wines,1665,1,Occasional Responder,Campaign 3
49767.0,0,0,92,202,47,197,55,42,149,1,5,4,8,4,0,0,0,0,0,0,3,11,0,29,2582,0,0,1,0,0,0,0,1,0,0,543,394,0,Young Adult (<30),Medium Income,Inactive (>60d),Silver Spender,No Children,Single,Graduation,Established,Wines,692,0,Never Accepted,No Acceptance
83273.0,1,2,98,433,89,650,16,102,102,10,4,6,9,7,0,0,0,0,0,0,3,11,0,50,2801,0,0,1,0,0,0,0,1,0,0,1290,1188,0,Senior (46-60),High Income,Inactive (>60d),Gold Spender,Large Family (>1 Kid),Single,Graduation,Long-term Member,MeatProducts,1392,0,Never Accepted,No Acceptance
29009.0,1,0,19,6,6,15,10,5,2,2,2,0,3,6,0,0,0,0,0,0,3,11,0,39,2371,0,1,0,0,0,0,0,1,0,0,42,40,0,Middle-Aged (31-45),Low Income,Active (0-30d),Bronze Spender,Small Family (1 Kid),Married,Graduation,New Member,MeatProducts,44,0,Never Accepted,No Acceptance
45057.0,1,0,80,37,0,7,3,0,3,1,2,0,3,5,0,0,0,0,0,0,3,11,0,41,2369,0,1,0,0,0,0,0,0,1,0,47,44,0,Middle-Aged (31-45),Medium Income,Inactive (>60d),Bronze Spender,Small Family (1 Kid),Married,Master,New Member,Wines,50,0,Never Accepted,No Acceptance
37150.0,1,0,80,167,37,64,49,34,116,8,4,3,6,7,0,0,0,0,0,0,3,11,0,49,2815,0,1,0,0,0,0,0,1,0,0,351,235,0,Senior (46-60),Low Income,Inactive (>60d),Silver Spender,Small Family (1 Kid),Married,Graduation,Long-term Member,Wines,467,0,Never Accepted,No Acceptance
43020.0,1,0,79,45,7,99,4,25,43,3,4,1,4,6,0,0,0,0,0,0,3,11,0,50,2370,0,0,1,0,0,0,0,1,0,0,180,137,0,Senior (46-60),Medium Income,Inactive (>60d),Silver Spender,Small Family (1 Kid),Single,Graduation,New Member,MeatProducts,223,0,Never Accepted,No Acceptance
53154.0,0,1,50,129,0,21,0,1,7,1,3,1,4,4,0,0,0,0,0,0,3,11,0,61,2179,0,1,0,0,0,0,0,1,0,0,151,144,0,Elderly (>60),Medium Income,At-Risk (31-60d),Silver Spender,Small Family (1 Kid),Married,Graduation,New Member,Wines,158,0,Never Accepted,No Acceptance
65308.0,0,0,60,713,0,264,120,80,34,1,7,8,12,4,0,0,1,1,0,0,3,11,0,47,2450,0,1,0,0,0,0,0,1,0,0,1177,1143,2,Senior (46-60),High Income,At-Risk (31-60d),Gold Spender,No Children,Married,Graduation,Established,Wines,1211,2,Occasional Responder,Campaign 1
76467.0,1,0,44,676,161,426,210,44,58,2,2,5,5,6,0,0,0,0,0,0,3,11,1,50,2840,0,0,1,0,0,0,0,1,0,0,1517,1459,0,Senior (46-60),High Income,At-Risk (31-60d),Gold Spender,Small Family (1 Kid),Single,Graduation,Long-term Member,Wines,1575,0,Never Accepted,No Acceptance
81044.0,0,0,0,450,26,535,73,98,26,1,5,6,10,1,0,0,0,0,0,0,3,11,0,73,2343,0,1,0,0,0,1,0,0,0,0,1182,1156,0,Elderly (>60),High Income,Active (0-30d),Gold Spender,No Children,Married,2n Cycle,New Member,MeatProducts,1208,0,Never Accepted,No Acceptance
32871.0,1,1,28,22,2,12,0,2,5,1,1,0,3,4,0,0,0,0,0,0,3,11,0,69,2636,0,1,0,0,0,0,0,1,0,0,38,33,0,Elderly (>60),Low Income,Active (0-30d),Bronze Spender,Large Family (>1 Kid),Married,Graduation,Long-term Member,Wines,43,0,Never Accepted,No Acceptance
55801.0,1,1,35,367,4,51,6,4,95,6,7,2,6,7,0,0,0,1,0,0,3,11,0,45,2439,0,0,1,0,0,0,0,1,0,0,432,337,1,Middle-Aged (31-45),Medium Income,At-Risk (31-60d),Silver Spender,Large Family (>1 Kid),Single,Graduation,Established,Wines,527,1,Occasional Responder,Campaign 1
76320.0,0,1,49,526,35,214,69,53,35,2,6,3,4,2,0,0,0,0,0,0,3,11,0,61,2166,0,0,0,0,1,0,0,1,0,0,897,862,0,Elderly (>60),High Income,At-Risk (31-60d),Gold Spender,Small Family (1 Kid),Widow,Graduation,New Member,Wines,932,0,Never Accepted,No Acceptance
36927.0,1,1,46,51,0,16,0,0,4,2,3,0,3,8,0,0,0,0,0,0,3,11,0,65,2186,0,0,1,0,0,0,0,0,1,0,67,63,0,Elderly (>60),Low Income,At-Risk (31-60d),Bronze Spender,Large Family (>1 Kid),Single,Master,New Member,Wines,71,0,Never Accepted,No Acceptance
48794.0,1,1,97,25,0,11,3,0,15,1,1,0,3,4,0,0,0,0,0,0,3,11,0,67,2162,0,0,0,1,0,0,0,1,0,0,39,24,0,Elderly (>60),Medium Income,Inactive (>60d),Bronze Spender,Large Family (>1 Kid),Together,Graduation,New Member,Wines,54,0,Never Accepted,No Acceptance
23478.0,0,0,51,28,6,27,12,17,39,1,3,0,3,8,0,0,0,0,0,0,3,11,0,55,2626,0,0,1,0,0,0,0,1,0,0,90,51,0,Senior (46-60),Low Income,At-Risk (31-60d),Bronze Spender,No Children,Single,Graduation,Established,GoldProds,129,0,Never Accepted,No Acceptance
71128.0,1,0,80,958,159,447,20,0,31,3,2,10,12,7,0,0,0,0,0,0,3,11,0,47,2790,1,0,0,0,0,0,0,1,0,0,1584,1553,0,Senior (46-60),High Income,Inactive (>60d),Gold Spender,Small Family (1 Kid),Divorced,Graduation,Long-term Member,Wines,1615,0,Never Accepted,No Acceptance
70179.0,0,1,10,532,88,168,69,44,133,3,7,3,13,5,0,0,0,0,0,0,3,11,0,44,2502,1,0,0,0,0,0,0,0,0,1,901,768,0,Middle-Aged (31-45),High Income,Active (0-30d),Gold Spender,Small Family (1 Kid),Divorced,PhD,Established,Wines,1034,0,Never Accepted,No Acceptance
59462.0,0,1,29,724,17,143,0,8,196,2,9,2,12,7,0,0,0,0,0,0,3,11,0,70,2699,0,1,0,0,0,0,0,1,0,0,892,696,0,Elderly (>60),Medium Income,Active (0-30d),Gold Spender,Small Family (1 Kid),Married,Graduation,Long-term Member,Wines,1088,0,Never Accepted,No Acceptance
38361.0,1,0,74,39,0,56,20,8,14,3,3,1,3,7,0,0,0,0,0,0,3,11,0,51,2343,0,0,0,1,0,0,0,1,0,0,123,109,0,Senior (46-60),Low Income,Inactive (>60d),Silver Spender,Small Family (1 Kid),Together,Graduation,New Member,MeatProducts,137,0,Never Accepted,No Acceptance
70038.0,0,0,54,587,54,348,71,54,130,1,4,4,8,2,0,0,0,0,0,0,3,11,0,38,2406,0,0,0,1,0,0,0,0,0,1,1114,984,0,Middle-Aged (31-45),High Income,At-Risk (31-60d),Gold Spender,No Children,Together,PhD,Established,Wines,1244,0,Never Accepted,No Acceptance
42554.0,1,1,93,29,1,11,0,0,0,2,2,0,3,4,0,0,0,0,0,0,3,11,0,42,2692,0,0,0,1,0,0,0,1,0,0,41,41,0,Middle-Aged (31-45),Medium Income,Inactive (>60d),Bronze Spender,Large Family (>1 Kid),Together,Graduation,Long-term Member,Wines,41,0,Never Accepted,No Acceptance
67445.0,0,1,63,757,80,217,29,80,11,5,9,6,12,6,0,0,0,0,0,0,3,11,0,46,2845,0,1,0,0,0,0,0,1,0,0,1163,1152,0,Senior (46-60),High Income,Inactive (>60d),Gold Spender,Small Family (1 Kid),Married,Graduation,Long-term Member,Wines,1174,0,Never Accepted,No Acceptance
67046.0,0,1,92,544,35,133,23,151,107,2,4,5,4,2,0,0,0,0,0,0,3,11,0,69,2698,0,0,0,0,1,0,0,1,0,0,886,779,0,Elderly (>60),High Income,Inactive (>60d),Gold Spender,Small Family (1 Kid),Widow,Graduation,Long-term Member,Wines,993,0,Never Accepted,No Acceptance
42192.0,0,0,40,40,15,15,17,6,7,1,2,1,3,4,0,0,0,0,0,0,3,11,0,72,2455,0,1,0,0,0,0,0,1,0,0,93,86,0,Elderly (>60),Medium Income,At-Risk (31-60d),Silver Spender,No Children,Married,Graduation,Established,Wines,100,0,Never Accepted,No Acceptance
77610.0,0,1,70,1245,33,332,21,33,16,2,4,7,4,7,0,0,0,0,0,0,3,11,0,68,2767,0,1,0,0,0,0,0,0,0,1,1664,1648,0,Elderly (>60),High Income,Inactive (>60d),Gold Spender,Small Family (1 Kid),Married,PhD,Long-term Member,Wines,1680,0,Never Accepted,No Acceptance
31761.0,1,0,96,19,1,20,16,14,28,2,3,0,4,5,0,0,0,0,0,0,3,11,0,36,2244,0,1,0,0,0,0,0,1,0,0,70,42,0,Middle-Aged (31-45),Low Income,Inactive (>60d),Bronze Spender,Small Family (1 Kid),Married,Graduation,New Member,GoldProds,98,0,Never Accepted,No Acceptance
34350.0,1,0,81,16,3,15,2,1,11,1,1,0,3,7,0,0,0,0,0,0,3,11,0,41,2412,0,0,0,1,0,0,0,1,0,0,37,26,0,Middle-Aged (31-45),Low Income,Inactive (>60d),Bronze Spender,Small Family (1 Kid),Together,Graduation,Established,Wines,48,0,Never Accepted,No Acceptance
54591.0,0,1,63,376,4,94,12,9,24,3,6,2,8,5,0,0,0,0,0,0,3,11,0,71,2487,0,0,0,1,0,0,0,1,0,0,495,471,0,Elderly (>60),Medium Income,Inactive (>60d),Silver Spender,Small Family (1 Kid),Together,Graduation,Established,Wines,519,0,Never Accepted,No Acceptance
71866.0,0,1,85,184,178,178,103,39,33,1,6,3,10,3,0,0,0,0,0,0,3,11,0,64,2345,0,1,0,0,0,0,0,1,0,0,682,649,0,Elderly (>60),High Income,Inactive (>60d),Silver Spender,Small Family (1 Kid),Married,Graduation,New Member,Wines,715,0,Never Accepted,No Acceptance
25293.0,1,0,51,15,0,11,0,2,9,1,1,1,2,8,0,0,0,0,0,0,3,11,0,51,2446,0,1,0,0,0,0,0,1,0,0,28,19,0,Senior (46-60),Low Income,At-Risk (31-60d),Bronze Spender,Small Family (1 Kid),Married,Graduation,Established,Wines,37,0,Never Accepted,No Acceptance
42000.0,0,0,23,124,83,267,85,59,35,2,5,2,11,5,0,0,0,0,0,0,3,11,1,33,2694,0,0,1,0,0,0,0,0,0,1,618,583,0,Middle-Aged (31-45),Medium Income,Active (0-30d),Silver Spender,No Children,Single,PhD,Long-term Member,MeatProducts,653,0,Never Accepted,No Acceptance
69520.0,0,0,95,627,120,414,121,80,93,1,9,6,5,5,0,0,0,0,0,0,3,11,0,37,2516,0,1,0,0,0,0,0,1,0,0,1362,1269,0,Middle-Aged (31-45),High Income,Inactive (>60d),Gold Spender,No Children,Married,Graduation,Established,Wines,1455,0,Never Accepted,No Acceptance
64713.0,1,0,11,180,60,241,13,54,54,2,5,5,7,4,0,0,0,0,0,0,3,11,1,50,2301,1,0,0,0,0,0,0,1,0,0,548,494,0,Senior (46-60),High Income,Active (0-30d),Silver Spender,Small Family (1 Kid),Divorced,Graduation,New Member,MeatProducts,602,0,Never Accepted,No Acceptance
27889.0,1,0,42,14,0,4,0,0,8,1,1,1,2,6,0,0,0,0,0,0,3,11,0,43,2518,0,1,0,0,0,0,0,0,1,0,18,10,0,Middle-Aged (31-45),Low Income,At-Risk (31-60d),Bronze Spender,Small Family (1 Kid),Married,Master,Established,Wines,26,0,Never Accepted,No Acceptance
22123.0,0,0,77,3,3,24,34,7,31,1,2,1,3,5,0,0,0,0,0,0,3,11,0,60,2253,0,0,0,0,1,0,1,0,0,0,71,40,0,Senior (46-60),Low Income,Inactive (>60d),Bronze Spender,No Children,Widow,Basic,New Member,FishProducts,102,0,Never Accepted,No Acceptance
27803.0,1,0,40,8,26,46,38,9,49,2,3,0,4,8,0,0,0,0,0,0,3,11,0,47,2831,0,1,0,0,0,0,0,1,0,0,127,78,0,Senior (46-60),Low Income,At-Risk (31-60d),Silver Spender,Small Family (1 Kid),Married,Graduation,Long-term Member,GoldProds,176,0,Never Accepted,No Acceptance
51651.0,0,1,32,293,6,23,13,6,92,4,6,2,5,8,0,0,0,0,0,0,3,11,0,60,2758,0,1,0,0,0,0,0,1,0,0,341,249,0,Senior (46-60),Medium Income,At-Risk (31-60d),Silver Spender,Small Family (1 Kid),Married,Graduation,Long-term Member,Wines,433,0,Never Accepted,No Acceptance
68487.0,0,0,48,758,12,385,33,89,89,1,9,7,13,4,0,0,0,0,0,0,3,11,0,32,2691,0,1,0,0,0,0,0,1,0,0,1277,1188,0,Middle-Aged (31-45),High Income,At-Risk (31-60d),Gold Spender,No Children,Married,Graduation,Long-term Member,Wines,1366,0,Never Accepted,No Acceptance
56796.0,0,1,24,656,38,161,62,47,37,3,8,9,7,7,0,0,0,0,0,0,3,11,0,51,2657,0,1,0,0,0,0,0,1,0,0,964,927,0,Senior (46-60),Medium Income,Active (0-30d),Gold Spender,Small Family (1 Kid),Married,Graduation,Long-term Member,Wines,1001,0,Never Accepted,No Acceptance
87000.0,0,0,61,196,25,607,67,17,49,1,4,6,7,2,0,0,0,0,0,0,3,11,0,28,2720,0,1,0,0,0,1,0,0,0,0,912,863,0,Young Adult (<30),High Income,Inactive (>60d),Gold Spender,No Children,Married,2n Cycle,Long-term Member,MeatProducts,961,0,Never Accepted,No Acceptance
79823.0,0,1,6,835,73,380,114,73,43,1,6,9,7,2,0,1,0,0,0,0,3,11,0,61,2249,0,1,0,0,0,0,0,1,0,0,1475,1432,1,Elderly (>60),High Income,Active (0-30d),Gold Spender,Small Family (1 Kid),Married,Graduation,New Member,Wines,1518,1,Occasional Responder,Campaign 4
30828.0,1,0,16,16,11,15,2,0,12,2,1,1,4,3,0,0,0,0,0,0,3,11,0,40,2427,0,0,1,0,0,0,0,1,0,0,44,32,0,Middle-Aged (31-45),Low Income,Active (0-30d),Bronze Spender,Small Family (1 Kid),Single,Graduation,Established,Wines,56,0,Never Accepted,No Acceptance
34109.0,0,1,39,9,1,5,2,1,4,1,0,0,3,4,0,0,0,0,0,0,3,11,0,49,2394,0,1,0,0,0,0,0,0,1,0,18,14,0,Senior (46-60),Low Income,At-Risk (31-60d),Bronze Spender,Small Family (1 Kid),Married,Master,New Member,Wines,22,0,Never Accepted,No Acceptance
53367.0,1,1,2,229,7,140,10,3,11,7,5,1,8,7,0,0,0,0,0,0,3,11,1,46,2461,1,0,0,0,0,0,0,0,1,0,389,378,0,Senior (46-60),Medium Income,Active (0-30d),Silver Spender,Large Family (>1 Kid),Divorced,Master,Established,Wines,400,0,Never Accepted,No Acceptance
22390.0,0,0,49,0,1,4,15,1,5,1,1,0,2,7,0,0,0,0,0,0,3,11,0,51,2410,0,0,0,1,0,0,1,0,0,0,21,16,0,Senior (46-60),Low Income,At-Risk (31-60d),Bronze Spender,No Children,Together,Basic,Established,FishProducts,26,0,Never Accepted,No Acceptance
71322.0,0,1,31,121,24,124,24,15,42,1,4,1,7,2,0,0,0,0,0,0,3,11,0,44,2217,0,0,0,1,0,0,0,1,0,0,308,266,0,Middle-Aged (31-45),High Income,At-Risk (31-60d),Silver Spender,Small Family (1 Kid),Together,Graduation,New Member,MeatProducts,350,0,Never Accepted,No Acceptance
79244.0,0,0,58,471,102,125,212,61,245,1,4,10,7,1,0,0,1,1,0,0,3,11,1,27,2716,0,0,1,0,0,0,0,1,0,0,971,726,2,Young Adult (<30),High Income,At-Risk (31-60d),Gold Spender,No Children,Single,Graduation,Long-term Member,Wines,1216,2,Occasional Responder,Campaign 1
49912.0,0,1,5,520,8,223,32,49,42,4,10,5,7,8,1,0,0,0,0,0,3,11,1,71,2819,0,0,0,1,0,0,0,0,1,0,832,790,1,Elderly (>60),Medium Income,Active (0-30d),Gold Spender,Small Family (1 Kid),Together,Master,Long-term Member,Wines,874,1,Occasional Responder,Campaign 3
48699.0,1,1,90,26,1,10,2,0,1,1,1,0,3,5,0,0,0,0,0,0,3,11,0,70,2563,0,1,0,0,0,0,0,0,0,1,39,38,0,Elderly (>60),Medium Income,Inactive (>60d),Bronze Spender,Large Family (>1 Kid),Married,PhD,Established,Wines,40,0,Never Accepted,No Acceptance
80144.0,0,0,47,240,132,445,250,192,108,1,3,7,8,1,0,0,0,0,0,0,3,11,0,45,2431,0,0,0,1,0,0,0,1,0,0,1259,1151,0,Middle-Aged (31-45),High Income,At-Risk (31-60d),Gold Spender,No Children,Together,Graduation,Established,MeatProducts,1367,0,Never Accepted,No Acceptance
54252.0,1,1,25,178,4,26,8,4,44,5,4,1,5,6,0,0,0,0,0,0,3,11,0,64,2556,0,0,1,0,0,0,0,1,0,0,220,176,0,Elderly (>60),Medium Income,Active (0-30d),Silver Spender,Large Family (>1 Kid),Single,Graduation,Established,Wines,264,0,Never Accepted,No Acceptance
81929.0,1,0,60,1486,55,278,49,0,185,2,4,4,10,6,1,0,1,0,0,0,3,11,1,44,2797,0,1,0,0,0,0,0,0,1,0,1868,1683,2,Middle-Aged (31-45),High Income,At-Risk (31-60d),Gold Spender,Small Family (1 Kid),Married,Master,Long-term Member,Wines,2053,2,Occasional Responder,Campaign 3
76068.0,0,1,67,1115,12,128,33,12,76,1,2,3,4,6,0,1,0,0,1,0,3,11,0,45,2736,0,1,0,0,0,0,0,1,0,0,1300,1224,2,Middle-Aged (31-45),High Income,Inactive (>60d),Gold Spender,Small Family (1 Kid),Married,Graduation,Long-term Member,Wines,1376,2,Occasional Responder,Campaign 2
53204.0,1,1,40,29,0,8,2,0,6,1,1,0,3,4,0,0,0,0,0,0,3,11,0,44,2260,0,1,0,0,0,0,0,0,1,0,39,33,0,Middle-Aged (31-45),Medium Income,At-Risk (31-60d),Bronze Spender,Large Family (>1 Kid),Married,Master,New Member,Wines,45,0,Never Accepted,No Acceptance
67911.0,0,1,63,529,0,356,63,28,0,3,6,7,11,3,0,0,0,0,0,0,3,11,0,71,2197,0,0,0,1,0,0,0,0,0,1,976,976,0,Elderly (>60),High Income,Inactive (>60d),Gold Spender,Small Family (1 Kid),Together,PhD,New Member,Wines,976,0,Never Accepted,No Acceptance
14796.0,1,0,1,13,3,8,7,4,16,2,1,0,3,9,0,0,0,0,0,0,3,11,1,36,2809,0,1,0,0,0,1,0,0,0,0,35,19,0,Middle-Aged (31-45),Low Income,Active (0-30d),Bronze Spender,Small Family (1 Kid),Married,2n Cycle,Long-term Member,GoldProds,51,0,Never Accepted,No Acceptance
78128.0,0,1,89,934,24,230,16,24,36,2,8,4,6,3,0,1,1,0,0,0,3,11,0,46,2289,0,1,0,0,0,0,0,0,0,1,1228,1192,2,Senior (46-60),High Income,Inactive (>60d),Gold Spender,Small Family (1 Kid),Married,PhD,New Member,Wines,1264,2,Occasional Responder,Campaign 4
14188.0,0,0,40,2,7,11,16,12,27,1,2,0,4,6,0,0,0,0,0,0,3,11,0,48,2645,0,1,0,0,0,0,1,0,0,0,48,21,0,Senior (46-60),Low Income,At-Risk (31-60d),Bronze Spender,No Children,Married,Basic,Long-term Member,GoldProds,75,0,Never Accepted,No Acceptance
20425.0,1,0,5,4,12,5,3,16,17,2,2,0,3,7,0,0,0,0,0,0,3,11,0,34,2767,0,1,0,0,0,0,1,0,0,0,40,23,0,Middle-Aged (31-45),Low Income,Active (0-30d),Bronze Spender,Small Family (1 Kid),Married,Basic,Long-term Member,GoldProds,57,0,Never Accepted,No Acceptance
58646.0,0,1,3,62,1,44,6,5,22,1,2,1,4,4,0,0,0,0,0,0,3,11,0,58,2543,0,1,0,0,0,0,0,0,1,0,118,96,0,Senior (46-60),Medium Income,Active (0-30d),Silver Spender,Small Family (1 Kid),Married,Master,Established,Wines,140,0,Never Accepted,No Acceptance
72967.0,0,1,1,158,35,179,0,0,125,2,7,2,8,5,1,0,0,0,0,0,3,11,1,50,2720,1,0,0,0,0,0,0,1,0,0,372,247,1,Senior (46-60),High Income,Active (0-30d),Silver Spender,Small Family (1 Kid),Divorced,Graduation,Long-term Member,MeatProducts,497,1,Occasional Responder,Campaign 3
48150.0,0,1,24,173,2,39,3,2,47,3,5,1,4,7,0,0,0,0,0,0,3,11,0,71,2545,0,1,0,0,0,0,0,0,1,0,219,172,0,Elderly (>60),Medium Income,Active (0-30d),Silver Spender,Small Family (1 Kid),Married,Master,Established,Wines,266,0,Never Accepted,No Acceptance
82332.0,0,0,89,830,59,968,51,79,19,1,5,3,12,2,0,0,1,0,0,0,3,11,1,59,2809,0,0,1,0,0,0,0,1,0,0,1987,1968,1,Senior (46-60),High Income,Inactive (>60d),Gold Spender,No Children,Single,Graduation,Long-term Member,MeatProducts,2006,1,Occasional Responder,Campaign 5
58275.0,1,1,48,189,10,253,56,43,64,6,8,2,7,7,0,0,0,0,0,0,3,11,0,65,2551,0,0,0,0,1,0,0,1,0,0,551,487,0,Elderly (>60),Medium Income,At-Risk (31-60d),Silver Spender,Large Family (>1 Kid),Widow,Graduation,Established,MeatProducts,615,0,Never Accepted,No Acceptance
44953.0,0,0,31,728,17,133,11,8,124,1,7,3,13,6,1,0,0,0,0,0,3,11,0,39,2714,0,0,0,1,0,0,0,0,0,1,897,773,1,Middle-Aged (31-45),Medium Income,At-Risk (31-60d),Gold Spender,No Children,Together,PhD,Long-term Member,Wines,1021,1,Occasional Responder,Campaign 3
34587.0,1,1,68,7,2,9,2,0,2,2,1,0,3,4,0,0,0,0,0,0,3,11,0,67,2203,0,0,0,1,0,0,0,1,0,0,20,18,0,Elderly (>60),Low Income,Inactive (>60d),Bronze Spender,Large Family (>1 Kid),Together,Graduation,New Member,MeatProducts,22,0,Never Accepted,No Acceptance
43018.0,0,1,46,35,4,17,7,6,64,1,2,2,2,5,0,0,0,0,0,0,3,11,0,46,2399,0,0,0,1,0,0,0,0,1,0,69,5,0,Senior (46-60),Medium Income,At-Risk (31-60d),Bronze Spender,Small Family (1 Kid),Together,Master,New Member,GoldProds,133,0,Never Accepted,No Acceptance
45736.0,0,1,92,188,3,180,20,3,43,5,7,1,6,7,0,0,0,0,0,0,3,11,0,66,2499,0,1,0,0,0,0,0,0,1,0,394,351,0,Elderly (>60),Medium Income,Inactive (>60d),Silver Spender,Small Family (1 Kid),Married,Master,Established,Wines,437,0,Never Accepted,No Acceptance
66476.0,0,1,80,742,28,152,25,9,57,2,6,8,10,4,0,0,0,0,0,0,3,11,0,51,2366,0,0,0,1,0,0,0,0,1,0,956,899,0,Senior (46-60),High Income,Inactive (>60d),Gold Spender,Small Family (1 Kid),Together,Master,New Member,Wines,1013,0,Never Accepted,No Acceptance
27733.0,1,0,16,0,7,5,26,2,17,2,2,0,3,7,0,0,0,0,0,0,3,11,0,39,2466,0,1,0,0,0,1,0,0,0,0,40,23,0,Middle-Aged (31-45),Low Income,Active (0-30d),Bronze Spender,Small Family (1 Kid),Married,2n Cycle,Established,FishProducts,57,0,Never Accepted,No Acceptance
69805.0,0,1,50,750,71,174,13,10,20,2,6,8,11,2,0,0,0,0,0,0,3,11,0,68,2318,0,0,0,1,0,0,0,0,0,1,1018,998,0,Elderly (>60),High Income,At-Risk (31-60d),Gold Spender,Small Family (1 Kid),Together,PhD,New Member,Wines,1038,0,Never Accepted,No Acceptance
72217.0,0,0,93,816,42,450,55,56,154,1,3,10,8,2,0,0,0,0,0,0,3,11,0,58,2604,0,0,1,0,0,0,0,0,1,0,1419,1265,0,Senior (46-60),High Income,Inactive (>60d),Gold Spender,No Children,Single,Master,Established,Wines,1573,0,Never Accepted,No Acceptance
25818.0,1,0,51,5,2,8,2,2,9,1,0,1,2,7,0,0,0,0,0,0,3,11,0,49,2778,1,0,0,0,0,0,0,1,0,0,19,10,0,Senior (46-60),Low Income,At-Risk (31-60d),Bronze Spender,Small Family (1 Kid),Divorced,Graduation,Long-term Member,GoldProds,28,0,Never Accepted,No Acceptance
37509.0,1,0,24,37,5,56,12,8,5,2,3,0,4,7,0,0,0,0,0,0,3,11,0,44,2814,0,0,0,1,0,0,0,0,1,0,118,113,0,Middle-Aged (31-45),Low Income,Active (0-30d),Silver Spender,Small Family (1 Kid),Together,Master,Long-term Member,MeatProducts,123,0,Never Accepted,No Acceptance
25176.0,1,1,79,4,0,4,0,0,5,1,1,0,2,7,0,0,0,0,0,0,3,11,0,44,2482,0,0,0,1,0,1,0,0,0,0,8,3,0,Middle-Aged (31-45),Low Income,Inactive (>60d),Bronze Spender,Large Family (>1 Kid),Together,2n Cycle,Established,GoldProds,13,0,Never Accepted,No Acceptance
43586.0,0,1,26,99,2,11,4,0,16,3,3,0,4,8,0,0,0,0,0,0,3,11,0,40,2827,0,1,0,0,0,0,0,1,0,0,116,100,0,Middle-Aged (31-45),Medium Income,Active (0-30d),Silver Spender,Small Family (1 Kid),Married,Graduation,Long-term Member,Wines,132,0,Never Accepted,No Acceptance
53230.0,0,1,86,176,72,98,136,21,229,4,5,2,12,5,0,0,0,0,0,0,3,11,0,64,2854,0,1,0,0,0,1,0,0,0,0,503,274,0,Elderly (>60),Medium Income,Inactive (>60d),Silver Spender,Small Family (1 Kid),Married,2n Cycle,Long-term Member,GoldProds,732,0,Never Accepted,No Acceptance
50116.0,1,1,68,54,0,10,0,0,2,2,1,0,4,5,0,1,0,0,0,0,3,11,0,63,2168,0,0,0,1,0,0,0,1,0,0,64,62,1,Elderly (>60),Medium Income,Inactive (>60d),Bronze Spender,Large Family (>1 Kid),Together,Graduation,New Member,Wines,66,1,Occasional Responder,Campaign 4
84906.0,0,0,98,997,15,414,99,30,76,1,5,6,12,2,0,1,1,0,1,0,3,11,0,48,2427,0,0,0,1,0,0,0,1,0,0,1555,1479,3,Senior (46-60),High Income,Inactive (>60d),Gold Spender,No Children,Together,Graduation,Established,Wines,1631,3,Campaign Enthusiast,Campaign 2
61286.0,0,1,34,356,0,107,19,9,117,2,7,1,8,5,0,0,0,0,0,0,3,11,0,54,2490,0,1,0,0,0,0,0,1,0,0,491,374,0,Senior (46-60),Medium Income,At-Risk (31-60d),Silver Spender,Small Family (1 Kid),Married,Graduation,Established,Wines,608,0,Never Accepted,No Acceptance
82333.0,0,0,60,1311,0,359,46,89,17,1,4,3,10,2,0,0,1,0,0,0,3,11,1,34,2615,0,1,0,0,0,0,0,0,0,1,1805,1788,1,Middle-Aged (31-45),High Income,At-Risk (31-60d),Gold Spender,No Children,Married,PhD,Established,Wines,1822,1,Occasional Responder,Campaign 5
65220.0,0,0,3,890,63,292,0,25,12,4,8,4,7,6,0,0,0,0,0,0,3,11,1,55,2823,0,0,0,1,0,0,0,0,0,1,1270,1258,0,Senior (46-60),High Income,Active (0-30d),Gold Spender,No Children,Together,PhD,Long-term Member,Wines,1282,0,Never Accepted,No Acceptance
33590.0,2,1,65,4,0,2,0,0,2,1,1,0,2,7,0,0,0,0,0,0,3,11,0,46,2397,0,0,0,1,0,0,0,1,0,0,6,4,0,Senior (46-60),Low Income,Inactive (>60d),Bronze Spender,Large Family (>1 Kid),Together,Graduation,New Member,Wines,8,0,Never Accepted,No Acceptance
30992.0,1,0,83,17,0,14,7,3,2,1,1,0,3,7,0,0,0,0,0,0,3,11,0,44,2592,1,0,0,0,0,0,0,1,0,0,41,39,0,Middle-Aged (31-45),Low Income,Inactive (>60d),Bronze Spender,Small Family (1 Kid),Divorced,Graduation,Established,Wines,43,0,Never Accepted,No Acceptance
72309.0,0,0,64,960,0,883,50,38,0,1,5,6,8,3,0,0,0,1,0,0,3,11,1,44,2634,0,0,1,0,0,0,0,0,1,0,1931,1931,1,Middle-Aged (31-45),High Income,Inactive (>60d),Gold Spender,No Children,Single,Master,Long-term Member,Wines,1931,1,Occasional Responder,Campaign 1
16005.0,1,0,69,1,3,2,20,30,47,3,2,1,2,8,0,0,0,0,0,0,3,11,0,40,2843,0,1,0,0,0,0,1,0,0,0,56,9,0,Middle-Aged (31-45),Low Income,Inactive (>60d),Bronze Spender,Small Family (1 Kid),Married,Basic,Long-term Member,GoldProds,103,0,Never Accepted,No Acceptance
65487.0,0,0,48,240,67,500,199,0,163,3,3,5,6,2,0,0,0,0,0,0,3,11,0,63,2329,0,0,1,0,0,0,0,0,1,0,1006,843,0,Elderly (>60),High Income,At-Risk (31-60d),Gold Spender,No Children,Single,Master,New Member,MeatProducts,1169,0,Never Accepted,No Acceptance
58692.0,0,1,21,301,11,61,4,7,11,1,8,2,4,7,0,0,0,0,0,0,3,11,0,55,2243,0,1,0,0,0,0,0,1,0,0,384,373,0,Senior (46-60),Medium Income,Active (0-30d),Silver Spender,Small Family (1 Kid),Married,Graduation,New Member,Wines,395,0,Never Accepted,No Acceptance
40590.0,1,1,30,154,0,50,6,11,37,5,3,4,3,6,1,0,0,0,0,0,3,11,0,51,2429,0,0,0,0,1,0,0,1,0,0,221,184,1,Senior (46-60),Medium Income,Active (0-30d),Silver Spender,Large Family (>1 Kid),Widow,Graduation,Established,Wines,258,1,Occasional Responder,Campaign 3
20587.0,1,0,39,2,3,6,4,1,9,1,1,1,2,7,0,0,0,0,0,0,3,11,0,50,2208,0,0,1,0,0,0,0,1,0,0,16,7,0,Senior (46-60),Low Income,At-Risk (31-60d),Bronze Spender,Small Family (1 Kid),Single,Graduation,New Member,GoldProds,25,0,Never Accepted,No Acceptance
62637.0,0,1,76,104,12,48,4,12,5,1,2,2,5,2,0,0,0,0,0,0,3,11,0,66,2279,1,0,0,0,0,0,0,0,1,0,180,175,0,Elderly (>60),High Income,Inactive (>60d),Silver Spender,Small Family (1 Kid),Divorced,Master,New Member,Wines,185,0,Never Accepted,No Acceptance
29435.0,1,1,11,70,3,37,4,2,64,4,3,2,2,9,0,0,0,0,0,0,3,11,1,54,2851,1,0,0,0,0,0,0,0,1,0,116,52,0,Senior (46-60),Low Income,Active (0-30d),Silver Spender,Large Family (>1 Kid),Divorced,Master,Long-term Member,Wines,180,0,Never Accepted,No Acceptance
19346.0,1,0,26,2,0,9,3,6,2,1,1,0,3,8,0,0,0,0,0,0,3,11,0,46,2309,1,0,0,0,0,0,0,1,0,0,20,18,0,Senior (46-60),Low Income,Active (0-30d),Bronze Spender,Small Family (1 Kid),Divorced,Graduation,New Member,MeatProducts,22,0,Never Accepted,No Acceptance
35788.0,1,1,34,23,2,11,3,1,4,2,2,0,3,6,0,0,0,0,0,0,3,11,0,49,2316,0,1,0,0,0,0,0,1,0,0,40,36,0,Senior (46-60),Low Income,At-Risk (31-60d),Bronze Spender,Large Family (>1 Kid),Married,Graduation,New Member,Wines,44,0,Never Accepted,No Acceptance
36997.0,1,1,72,43,4,12,8,0,27,5,2,1,4,5,0,0,0,0,0,0,3,11,0,52,2672,1,0,0,0,0,0,0,1,0,0,67,40,0,Senior (46-60),Low Income,Inactive (>60d),Bronze Spender,Large Family (>1 Kid),Divorced,Graduation,Long-term Member,Wines,94,0,Never Accepted,No Acceptance
23539.0,0,0,13,4,24,11,16,1,25,1,2,0,4,6,0,0,0,0,0,0,3,11,0,63,2280,0,1,0,0,0,0,0,1,0,0,56,31,0,Elderly (>60),Low Income,Active (0-30d),Bronze Spender,No Children,Married,Graduation,New Member,GoldProds,81,0,Never Accepted,No Acceptance
65333.0,0,1,58,654,7,92,0,15,30,7,9,4,8,6,0,1,1,0,0,0,3,11,0,47,2322,0,0,1,0,0,0,0,1,0,0,768,738,2,Senior (46-60),High Income,At-Risk (31-60d),Gold Spender,Small Family (1 Kid),Single,Graduation,New Member,Wines,798,2,Occasional Responder,Campaign 4
78499.0,0,0,12,912,72,170,47,36,97,1,11,3,4,4,0,0,1,0,0,0,3,11,1,63,2377,0,0,1,0,0,0,0,1,0,0,1237,1140,1,Elderly (>60),High Income,Active (0-30d),Gold Spender,No Children,Single,Graduation,New Member,Wines,1334,1,Occasional Responder,Campaign 5
29732.0,1,0,23,25,0,8,0,1,4,1,2,0,2,9,0,0,0,0,0,0,3,11,0,49,2255,0,0,0,1,0,0,0,0,0,1,34,30,0,Senior (46-60),Low Income,Active (0-30d),Bronze Spender,Small Family (1 Kid),Together,PhD,New Member,Wines,38,0,Never Accepted,No Acceptance
41275.0,1,2,33,24,4,22,0,2,9,4,3,1,3,5,0,0,0,0,0,0,3,11,0,60,2256,0,0,0,1,0,0,0,0,1,0,52,43,0,Senior (46-60),Medium Income,At-Risk (31-60d),Bronze Spender,Large Family (>1 Kid),Together,Master,New Member,Wines,61,0,Never Accepted,No Acceptance
63516.0,1,1,30,141,11,114,15,14,5,4,4,1,7,5,0,0,0,0,0,0,3,11,0,47,2517,0,0,0,1,0,0,0,0,0,1,295,290,0,Senior (46-60),High Income,Active (0-30d),Silver Spender,Large Family (>1 Kid),Together,PhD,Established,Wines,300,0,Never Accepted,No Acceptance
42769.0,0,1,15,71,0,13,3,1,0,2,1,1,4,4,0,0,0,0,0,0,3,11,0,58,2419,0,1,0,0,0,0,0,0,0,1,88,88,0,Senior (46-60),Medium Income,Active (0-30d),Bronze Spender,Small Family (1 Kid),Married,PhD,Established,Wines,88,0,Never Accepted,No Acceptance
49572.0,1,1,25,35,1,16,0,1,1,2,2,0,3,7,0,0,0,0,0,0,3,11,0,62,2355,0,1,0,0,0,0,0,0,1,0,53,52,0,Elderly (>60),Medium Income,Active (0-30d),Bronze Spender,Large Family (>1 Kid),Married,Master,New Member,Wines,54,0,Never Accepted,No Acceptance
69209.0,0,0,4,496,32,849,229,48,128,2,5,3,6,4,0,0,0,1,0,0,3,11,0,48,2809,0,1,0,0,0,0,0,1,0,0,1654,1526,1,Senior (46-60),High Income,Active (0-30d),Gold Spender,No Children,Married,Graduation,Long-term Member,MeatProducts,1782,1,Occasional Responder,Campaign 1
17148.0,1,0,80,9,9,11,13,10,16,4,3,1,3,8,0,0,0,0,0,0,3,11,0,44,2311,0,1,0,0,0,0,0,1,0,0,52,36,0,Middle-Aged (31-45),Low Income,Inactive (>60d),Bronze Spender,Small Family (1 Kid),Married,Graduation,New Member,GoldProds,68,0,Never Accepted,No Acceptance
40590.0,1,1,30,154,0,50,6,11,37,5,3,4,3,6,1,0,0,0,0,0,3,11,0,51,2429,0,0,0,0,1,0,0,1,0,0,221,184,1,Senior (46-60),Medium Income,Active (0-30d),Silver Spender,Large Family (>1 Kid),Widow,Graduation,Established,Wines,258,1,Occasional Responder,Campaign 3
30560.0,1,0,6,9,1,5,4,5,7,1,1,0,3,7,0,0,0,0,0,0,3,11,0,44,2526,0,0,0,1,0,0,0,0,1,0,24,17,0,Middle-Aged (31-45),Low Income,Active (0-30d),Bronze Spender,Small Family (1 Kid),Together,Master,Established,Wines,31,0,Never Accepted,No Acceptance
32146.0,1,0,16,26,3,23,4,7,3,2,2,0,4,6,0,0,0,0,0,0,3,11,0,37,2207,0,1,0,0,0,1,0,0,0,0,63,60,0,Middle-Aged (31-45),Low Income,Active (0-30d),Bronze Spender,Small Family (1 Kid),Married,2n Cycle,New Member,Wines,66,0,Never Accepted,No Acceptance
41713.0,1,1,57,77,8,44,10,10,25,5,3,1,4,6,0,0,0,0,0,0,3,11,0,56,2220,1,0,0,0,0,1,0,0,0,0,149,124,0,Senior (46-60),Medium Income,At-Risk (31-60d),Silver Spender,Large Family (>1 Kid),Divorced,2n Cycle,New Member,Wines,174,0,Never Accepted,No Acceptance
34176.0,0,1,9,11,2,7,4,2,2,1,1,0,3,3,0,0,0,0,0,0,3,11,0,45,2317,0,0,0,1,0,0,0,0,1,0,26,24,0,Middle-Aged (31-45),Low Income,Active (0-30d),Bronze Spender,Small Family (1 Kid),Together,Master,New Member,Wines,28,0,Never Accepted,No Acceptance
58482.0,0,1,59,576,7,115,19,7,7,2,7,4,9,6,0,1,0,0,0,0,3,11,0,65,2268,0,1,0,0,0,0,0,0,0,1,724,717,1,Elderly (>60),Medium Income,At-Risk (31-60d),Silver Spender,Small Family (1 Kid),Married,PhD,New Member,Wines,731,1,Occasional Responder,Campaign 4
59686.0,0,1,78,89,15,89,34,42,5,1,4,1,6,4,0,0,0,0,0,0,3,11,0,55,2314,0,0,1,0,0,0,0,1,0,0,269,264,0,Senior (46-60),Medium Income,Inactive (>60d),Silver Spender,Small Family (1 Kid),Single,Graduation,New Member,Wines,274,0,Never Accepted,No Acceptance
60896.0,0,1,90,1013,30,399,60,46,153,3,9,10,4,6,0,0,0,0,0,0,3,11,1,56,2785,0,1,0,0,0,0,0,0,0,1,1548,1395,0,Senior (46-60),Medium Income,Inactive (>60d),Gold Spender,Small Family (1 Kid),Married,PhD,Long-term Member,Wines,1701,0,Never Accepted,No Acceptance
62994.0,1,0,74,224,12,48,4,12,12,1,6,2,4,6,0,0,0,0,0,0,3,11,0,40,2276,0,0,0,1,0,0,0,1,0,0,300,288,0,Middle-Aged (31-45),High Income,Inactive (>60d),Silver Spender,Small Family (1 Kid),Together,Graduation,New Member,Wines,312,0,Never Accepted,No Acceptance
47320.0,0,1,10,200,19,111,50,15,19,6,5,1,8,6,0,0,0,0,0,0,3,11,0,63,2491,0,0,0,1,0,0,0,1,0,0,395,376,0,Elderly (>60),Medium Income,Active (0-30d),Silver Spender,Small Family (1 Kid),Together,Graduation,Established,Wines,414,0,Never Accepted,No Acceptance
74859.0,0,0,63,570,73,614,133,102,73,1,6,5,11,3,0,0,0,1,0,0,3,11,0,71,2550,0,0,0,0,1,1,0,0,0,0,1492,1419,1,Elderly (>60),High Income,Inactive (>60d),Gold Spender,No Children,Widow,2n Cycle,Established,MeatProducts,1565,1,Occasional Responder,Campaign 1
15253.0,1,0,13,1,3,3,8,1,13,2,1,0,3,7,0,0,0,0,0,0,3,11,0,28,2403,0,0,1,0,0,0,1,0,0,0,16,3,0,Young Adult (<30),Low Income,Active (0-30d),Bronze Spender,Small Family (1 Kid),Single,Basic,New Member,GoldProds,29,0,Never Accepted,No Acceptance
31560.0,1,0,98,62,1,20,4,0,7,2,2,1,3,8,0,0,0,0,0,0,3,11,0,46,2529,0,0,1,0,0,0,0,0,0,1,87,80,0,Senior (46-60),Low Income,Inactive (>60d),Bronze Spender,Small Family (1 Kid),Single,PhD,Established,Wines,94,0,Never Accepted,No Acceptance
72071.0,0,1,4,531,69,300,150,138,150,3,5,4,8,2,0,0,0,0,0,0,3,11,0,66,2659,1,0,0,0,0,0,0,1,0,0,1188,1038,0,Elderly (>60),High Income,Active (0-30d),Gold Spender,Small Family (1 Kid),Divorced,Graduation,Long-term Member,Wines,1338,0,Never Accepted,No Acceptance
91172.0,0,0,94,162,28,818,0,28,56,0,4,3,7,3,1,0,1,1,1,0,3,11,1,30,2618,0,0,1,0,0,0,0,0,1,0,1036,980,4,Young Adult (<30),High Income,Inactive (>60d),Gold Spender,No Children,Single,Master,Established,MeatProducts,1092,4,Campaign Enthusiast,Campaign 1
90000.0,0,0,91,675,144,133,94,192,241,1,4,8,5,1,1,0,1,1,0,0,3,11,0,36,2347,0,1,0,0,0,0,0,1,0,0,1238,997,3,Middle-Aged (31-45),High Income,Inactive (>60d),Gold Spender,No Children,Married,Graduation,New Member,Wines,1479,3,Campaign Enthusiast,Campaign 1
41967.0,1,1,66,23,4,10,0,2,15,1,1,0,3,4,0,0,0,0,0,0,3,11,0,39,2377,0,0,1,0,0,0,0,1,0,0,39,24,0,Middle-Aged (31-45),Medium Income,Inactive (>60d),Bronze Spender,Large Family (>1 Kid),Single,Graduation,New Member,Wines,54,0,Never Accepted,No Acceptance
69263.0,0,1,14,492,5,32,13,5,21,1,9,1,7,6,0,1,0,0,0,0,3,11,0,55,2275,0,0,1,0,0,0,0,1,0,0,547,526,1,Senior (46-60),High Income,Active (0-30d),Silver Spender,Small Family (1 Kid),Single,Graduation,New Member,Wines,568,1,Occasional Responder,Campaign 4
65706.0,0,0,77,918,10,129,13,0,129,1,11,3,12,7,0,1,1,0,1,0,3,11,1,50,2525,1,0,0,0,0,1,0,0,0,0,1070,941,3,Senior (46-60),High Income,Inactive (>60d),Gold Spender,No Children,Divorced,2n Cycle,Established,Wines,1199,3,Campaign Enthusiast,Campaign 2
60934.0,0,1,41,224,155,155,192,93,54,2,6,4,11,4,0,0,0,0,0,0,3,11,0,45,2322,0,0,0,1,0,0,0,1,0,0,819,765,0,Middle-Aged (31-45),Medium Income,At-Risk (31-60d),Gold Spender,Small Family (1 Kid),Together,Graduation,New Member,Wines,873,0,Never Accepted,No Acceptance
71965.0,0,1,21,572,19,286,50,38,248,3,6,3,5,3,0,0,0,0,0,0,3,11,0,69,2494,0,1,0,0,0,0,0,1,0,0,965,717,0,Elderly (>60),High Income,Active (0-30d),Gold Spender,Small Family (1 Kid),Married,Graduation,Established,Wines,1213,0,Never Accepted,No Acceptance
65210.0,0,1,25,626,0,70,0,7,28,2,9,3,8,6,0,1,0,1,0,0,3,11,0,65,2270,0,1,0,0,0,0,0,1,0,0,703,675,2,Elderly (>60),High Income,Active (0-30d),Silver Spender,Small Family (1 Kid),Married,Graduation,New Member,Wines,731,2,Occasional Responder,Campaign 1
79174.0,0,0,2,1074,37,518,193,92,129,1,5,6,7,2,0,0,1,1,0,0,3,11,1,45,2693,0,1,0,0,0,0,0,0,0,1,1914,1785,2,Middle-Aged (31-45),High Income,Active (0-30d),Gold Spender,No Children,Married,PhD,Long-term Member,Wines,2043,2,Occasional Responder,Campaign 1
81380.0,0,0,51,741,68,689,224,68,103,1,4,2,10,2,0,0,0,0,0,0,3,11,0,53,2713,1,0,0,0,0,0,0,0,1,0,1790,1687,0,Senior (46-60),High Income,At-Risk (31-60d),Gold Spender,No Children,Divorced,Master,Long-term Member,Wines,1893,0,Never Accepted,No Acceptance
48432.0,0,1,3,322,3,50,4,3,42,5,7,1,6,8,0,0,0,0,0,0,3,11,0,47,2778,0,0,1,0,0,0,0,0,0,1,382,340,0,Senior (46-60),Medium Income,Active (0-30d),Silver Spender,Small Family (1 Kid),Single,PhD,Long-term Member,Wines,424,0,Never Accepted,No Acceptance
52914.0,0,1,32,254,10,44,30,10,227,2,7,3,3,7,1,0,0,0,0,0,3,11,0,49,2697,0,1,0,0,0,0,0,1,0,0,348,121,1,Senior (46-60),Medium Income,At-Risk (31-60d),Silver Spender,Small Family (1 Kid),Married,Graduation,Long-term Member,Wines,575,1,Occasional Responder,Campaign 3
38946.0,0,1,84,116,6,82,6,6,41,2,3,1,6,5,0,0,0,0,0,0,3,11,0,65,2407,0,0,0,1,0,0,0,1,0,0,216,175,0,Elderly (>60),Low Income,Inactive (>60d),Silver Spender,Small Family (1 Kid),Together,Graduation,Established,Wines,257,0,Never Accepted,No Acceptance
26067.0,1,0,49,22,2,18,0,2,12,3,3,0,3,8,0,0,0,0,0,0,3,11,0,46,2396,0,1,0,0,0,0,0,1,0,0,44,32,0,Senior (46-60),Low Income,At-Risk (31-60d),Bronze Spender,Small Family (1 Kid),Married,Graduation,New Member,Wines,56,0,Never Accepted,No Acceptance
44325.0,0,1,69,516,0,21,0,0,5,4,8,2,7,8,0,1,0,0,0,0,3,11,0,48,2638,0,1,0,0,0,0,0,0,0,1,537,532,1,Senior (46-60),Medium Income,Inactive (>60d),Silver Spender,Small Family (1 Kid),Married,PhD,Long-term Member,Wines,542,1,Occasional Responder,Campaign 4
42523.0,0,0,96,14,36,11,3,26,35,1,1,1,4,2,0,0,0,0,0,0,3,11,0,56,2226,0,1,0,0,0,0,0,1,0,0,90,55,0,Senior (46-60),Medium Income,Inactive (>60d),Bronze Spender,No Children,Married,Graduation,New Member,Fruits,125,0,Never Accepted,No Acceptance
26487.0,1,0,23,2,8,10,12,14,23,3,2,1,3,5,0,0,0,0,0,0,3,11,0,42,2564,0,0,1,0,0,0,1,0,0,0,46,23,0,Middle-Aged (31-45),Low Income,Active (0-30d),Bronze Spender,Small Family (1 Kid),Single,Basic,Established,GoldProds,69,0,Never Accepted,No Acceptance
53233.0,0,1,18,28,0,9,3,0,0,1,1,0,3,4,0,0,0,0,0,0,3,11,0,63,2262,0,1,0,0,0,1,0,0,0,0,40,40,0,Elderly (>60),Medium Income,Active (0-30d),Bronze Spender,Small Family (1 Kid),Married,2n Cycle,New Member,Wines,40,0,Never Accepted,No Acceptance
67716.0,0,1,8,530,142,217,62,9,56,4,7,4,13,5,0,1,0,0,0,0,3,11,0,60,2694,0,1,0,0,0,0,0,1,0,0,960,904,1,Senior (46-60),High Income,Active (0-30d),Gold Spender,Small Family (1 Kid),Married,Graduation,Long-term Member,Wines,1016,1,Occasional Responder,Campaign 4
76234.0,0,1,21,519,50,167,130,0,41,1,8,3,11,3,0,1,0,0,0,0,3,11,0,48,2302,0,1,0,0,0,0,0,0,1,0,866,825,1,Senior (46-60),High Income,Active (0-30d),Gold Spender,Small Family (1 Kid),Married,Master,New Member,Wines,907,1,Occasional Responder,Campaign 4
84117.0,0,0,60,611,76,749,59,45,26,1,7,10,6,2,0,0,1,0,0,0,3,11,0,64,2208,0,1,0,0,0,0,0,0,0,1,1540,1514,1,Elderly (>60),High Income,At-Risk (31-60d),Gold Spender,No Children,Married,PhD,New Member,MeatProducts,1566,1,Occasional Responder,Campaign 5
65487.0,0,0,48,240,67,500,199,0,163,3,3,5,6,2,0,0,0,0,0,0,3,11,0,63,2329,0,0,0,1,0,0,0,0,1,0,1006,843,0,Elderly (>60),High Income,At-Risk (31-60d),Gold Spender,No Children,Together,Master,New Member,MeatProducts,1169,0,Never Accepted,No Acceptance
25224.0,1,0,36,4,9,12,11,2,8,2,1,1,3,3,0,0,0,0,0,0,3,11,0,48,2264,0,1,0,0,0,0,1,0,0,0,38,30,0,Senior (46-60),Low Income,At-Risk (31-60d),Bronze Spender,Small Family (1 Kid),Married,Basic,New Member,MeatProducts,46,0,Never Accepted,No Acceptance
89616.0,0,0,36,671,47,655,145,111,15,1,7,5,12,2,0,0,0,0,0,0,3,11,1,37,2648,0,0,1,0,0,0,0,0,1,0,1629,1614,0,Middle-Aged (31-45),High Income,At-Risk (31-60d),Gold Spender,No Children,Single,Master,Long-term Member,Wines,1644,0,Never Accepted,No Acceptance
40851.0,1,1,63,23,1,7,0,4,24,1,1,1,2,7,0,0,0,0,0,0,3,11,0,49,2652,1,0,0,0,0,0,0,1,0,0,35,11,0,Senior (46-60),Medium Income,Inactive (>60d),Bronze Spender,Large Family (>1 Kid),Divorced,Graduation,Long-term Member,GoldProds,59,0,Never Accepted,No Acceptance
27469.0,0,0,2,9,1,2,3,2,0,1,0,0,3,6,0,0,0,0,0,0,3,11,0,73,2855,0,1,0,0,0,0,0,1,0,0,17,17,0,Elderly (>60),Low Income,Active (0-30d),Bronze Spender,No Children,Married,Graduation,Long-term Member,Wines,17,0,Never Accepted,No Acceptance
82347.0,0,0,38,556,54,845,202,133,63,1,7,7,10,3,1,0,0,1,0,0,3,11,1,63,2759,0,1,0,0,0,1,0,0,0,0,1790,1727,2,Elderly (>60),High Income,At-Risk (31-60d),Gold Spender,No Children,Married,2n Cycle,Long-term Member,MeatProducts,1853,2,Occasional Responder,Campaign 1
73803.0,0,1,61,833,80,363,52,26,174,2,9,5,6,6,1,0,0,0,0,0,3,11,1,63,2856,0,1,0,0,0,0,0,1,0,0,1354,1180,1,Elderly (>60),High Income,Inactive (>60d),Gold Spender,Small Family (1 Kid),Married,Graduation,Long-term Member,Wines,1528,1,Occasional Responder,Campaign 3
8820.0,1,1,52,12,0,13,4,2,4,4,3,0,3,8,0,0,0,0,0,0,3,11,0,68,2623,0,0,1,0,0,0,0,0,1,0,31,27,0,Elderly (>60),Low Income,At-Risk (31-60d),Bronze Spender,Large Family (>1 Kid),Single,Master,Established,MeatProducts,35,0,Never Accepted,No Acceptance
43322.0,0,0,25,56,7,48,10,2,18,1,3,0,4,7,0,0,0,0,0,0,3,11,0,46,2228,0,0,1,0,0,0,0,1,0,0,123,105,0,Senior (46-60),Medium Income,Active (0-30d),Silver Spender,No Children,Single,Graduation,New Member,Wines,141,0,Never Accepted,No Acceptance
55593.0,0,1,63,293,8,124,11,4,106,2,6,6,3,6,1,0,0,0,0,0,3,11,0,47,2471,0,0,0,1,0,0,0,1,0,0,440,334,1,Senior (46-60),Medium Income,Inactive (>60d),Silver Spender,Small Family (1 Kid),Together,Graduation,Established,Wines,546,1,Occasional Responder,Campaign 3
50501.0,1,1,10,297,0,38,13,0,152,7,5,4,4,6,1,0,0,0,0,0,3,11,1,66,2535,0,1,0,0,0,0,0,1,0,0,348,196,1,Elderly (>60),Medium Income,Active (0-30d),Silver Spender,Large Family (>1 Kid),Married,Graduation,Established,Wines,500,1,Occasional Responder,Campaign 3
37085.0,1,1,65,39,1,16,2,0,3,4,3,0,3,8,0,0,0,0,0,0,3,11,0,45,2162,0,1,0,0,0,0,0,1,0,0,58,55,0,Middle-Aged (31-45),Low Income,Inactive (>60d),Bronze Spender,Large Family (>1 Kid),Married,Graduation,New Member,Wines,61,0,Never Accepted,No Acceptance
16185.0,1,0,71,5,11,16,21,8,45,2,2,2,2,8,0,0,0,0,0,0,3,11,0,30,2487,0,0,1,0,0,0,1,0,0,0,61,16,0,Young Adult (<30),Low Income,Inactive (>60d),Bronze Spender,Small Family (1 Kid),Single,Basic,Established,GoldProds,106,0,Never Accepted,No Acceptance
57731.0,0,1,0,266,21,300,65,8,44,4,8,8,6,6,0,0,0,0,0,0,3,11,0,51,2742,0,0,1,0,0,0,0,1,0,0,660,616,0,Senior (46-60),Medium Income,Active (0-30d),Silver Spender,Small Family (1 Kid),Single,Graduation,Long-term Member,MeatProducts,704,0,Never Accepted,No Acceptance
48432.0,0,1,3,322,3,50,4,3,42,5,7,1,6,8,0,0,0,0,0,0,3,11,1,47,2778,0,0,1,0,0,0,0,0,0,1,382,340,0,Senior (46-60),Medium Income,Active (0-30d),Silver Spender,Small Family (1 Kid),Single,PhD,Long-term Member,Wines,424,0,Never Accepted,No Acceptance
73807.0,0,1,88,366,124,156,71,78,54,2,5,5,11,2,0,0,0,0,0,0,3,11,0,42,2702,0,1,0,0,0,0,0,1,0,0,795,741,0,Middle-Aged (31-45),High Income,Inactive (>60d),Gold Spender,Small Family (1 Kid),Married,Graduation,Long-term Member,Wines,849,0,Never Accepted,No Acceptance
18929.0,0,0,15,32,0,8,23,4,18,1,1,0,4,6,0,0,0,0,0,0,3,11,0,30,2657,0,1,0,0,0,0,0,1,0,0,67,49,0,Young Adult (<30),Low Income,Active (0-30d),Bronze Spender,No Children,Married,Graduation,Long-term Member,Wines,85,0,Never Accepted,No Acceptance
35893.0,1,1,80,158,0,23,0,0,18,6,3,1,5,8,0,0,0,0,0,0,3,11,0,52,2781,0,0,1,0,0,0,0,1,0,0,181,163,0,Senior (46-60),Low Income,Inactive (>60d),Silver Spender,Large Family (>1 Kid),Single,Graduation,Long-term Member,Wines,199,0,Never Accepted,No Acceptance
61014.0,0,1,17,269,129,495,182,43,29,4,9,3,4,7,0,0,0,0,0,0,3,11,0,40,2846,0,1,0,0,0,0,0,1,0,0,1118,1089,0,Middle-Aged (31-45),Medium Income,Active (0-30d),Gold Spender,Small Family (1 Kid),Married,Graduation,Long-term Member,MeatProducts,1147,0,Never Accepted,No Acceptance
32144.0,1,1,76,41,0,10,0,0,3,4,2,1,3,7,0,1,0,0,0,0,3,11,0,66,2257,0,0,0,1,0,0,0,1,0,0,51,48,1,Elderly (>60),Low Income,Inactive (>60d),Bronze Spender,Large Family (>1 Kid),Together,Graduation,New Member,Wines,54,1,Occasional Responder,Campaign 4
14918.0,0,1,52,3,3,3,15,4,15,1,1,0,3,6,0,0,0,0,0,0,3,11,0,57,2728,0,0,0,1,0,0,1,0,0,0,28,13,0,Senior (46-60),Low Income,At-Risk (31-60d),Bronze Spender,Small Family (1 Kid),Together,Basic,Long-term Member,FishProducts,43,0,Never Accepted,No Acceptance
45146.0,1,1,28,33,0,5,0,0,15,2,1,1,2,4,0,0,0,0,0,0,3,11,0,57,2508,1,0,0,0,0,0,0,1,0,0,38,23,0,Senior (46-60),Medium Income,Active (0-30d),Bronze Spender,Large Family (>1 Kid),Divorced,Graduation,Established,Wines,53,0,Never Accepted,No Acceptance
41769.0,0,1,31,302,29,131,32,0,27,6,8,1,7,8,0,0,0,0,0,0,3,11,0,65,2660,1,0,0,0,0,1,0,0,0,0,494,467,0,Elderly (>60),Medium Income,At-Risk (31-60d),Silver Spender,Small Family (1 Kid),Divorced,2n Cycle,Long-term Member,Wines,521,0,Never Accepted,No Acceptance
88325.0,0,0,42,519,71,860,93,27,53,1,6,2,9,2,0,0,0,0,0,0,3,11,0,39,2303,0,0,0,1,0,0,0,1,0,0,1570,1517,0,Middle-Aged (31-45),High Income,At-Risk (31-60d),Gold Spender,No Children,Together,Graduation,New Member,MeatProducts,1623,0,Never Accepted,No Acceptance
38054.0,1,1,24,23,2,17,2,1,0,2,2,0,3,7,0,0,0,0,0,0,3,11,0,70,2218,1,0,0,0,0,0,0,0,1,0,45,45,0,Elderly (>60),Low Income,Active (0-30d),Bronze Spender,Large Family (>1 Kid),Divorced,Master,New Member,Wines,45,0,Never Accepted,No Acceptance
80617.0,0,0,42,594,51,631,72,55,32,1,4,6,8,2,0,0,0,0,0,0,3,11,0,25,2784,0,0,1,0,0,1,0,0,0,0,1403,1371,0,Young Adult (<30),High Income,At-Risk (31-60d),Gold Spender,No Children,Single,2n Cycle,Long-term Member,MeatProducts,1435,0,Never Accepted,No Acceptance
5305.0,0,1,12,12,4,7,1,3,5,0,1,0,0,13,0,0,0,0,0,0,3,11,0,44,2493,0,1,0,0,0,0,0,1,0,0,27,22,0,Middle-Aged (31-45),Low Income,Active (0-30d),Bronze Spender,Small Family (1 Kid),Married,Graduation,Established,Wines,32,0,Never Accepted,No Acceptance
36807.0,1,1,88,4,2,5,0,0,5,1,1,0,2,6,0,0,0,0,0,0,3,11,0,66,2715,0,0,0,1,0,0,0,1,0,0,11,6,0,Elderly (>60),Low Income,Inactive (>60d),Bronze Spender,Large Family (>1 Kid),Together,Graduation,Long-term Member,MeatProducts,16,0,Never Accepted,No Acceptance
28427.0,1,0,67,18,3,19,3,3,6,2,2,0,3,8,0,0,0,0,0,0,3,11,0,37,2624,0,0,0,1,0,0,0,1,0,0,46,40,0,Middle-Aged (31-45),Low Income,Inactive (>60d),Bronze Spender,Small Family (1 Kid),Together,Graduation,Established,MeatProducts,52,0,Never Accepted,No Acceptance
82032.0,0,0,54,332,194,377,149,125,57,0,4,6,7,1,0,0,0,0,0,0,3,11,0,72,2244,0,0,0,0,1,0,0,0,0,1,1177,1120,0,Elderly (>60),High Income,At-Risk (31-60d),Gold Spender,No Children,Widow,PhD,New Member,MeatProducts,1234,0,Never Accepted,No Acceptance
22775.0,1,0,40,5,1,8,0,0,1,1,1,0,2,8,0,0,0,0,0,0,3,11,0,42,2534,0,0,0,1,0,0,0,1,0,0,14,13,0,Middle-Aged (31-45),Low Income,At-Risk (31-60d),Bronze Spender,Small Family (1 Kid),Together,Graduation,Established,MeatProducts,15,0,Never Accepted,No Acceptance
40101.0,1,0,73,171,3,129,26,24,62,4,6,1,6,7,0,0,0,0,0,0,3,11,0,35,2782,0,0,0,1,0,0,0,0,1,0,353,291,0,Middle-Aged (31-45),Medium Income,Inactive (>60d),Silver Spender,Small Family (1 Kid),Together,Master,Long-term Member,Wines,415,0,Never Accepted,No Acceptance
58025.0,0,1,81,270,31,88,11,48,22,3,3,2,10,4,0,0,0,0,0,0,3,11,0,41,2374,0,1,0,0,0,0,0,1,0,0,448,426,0,Middle-Aged (31-45),Medium Income,Inactive (>60d),Silver Spender,Small Family (1 Kid),Married,Graduation,New Member,Wines,470,0,Never Accepted,No Acceptance
75777.0,0,0,12,712,26,538,69,13,80,1,3,6,11,1,0,1,1,0,0,0,3,11,1,38,2519,0,0,1,0,0,0,0,0,1,0,1358,1278,2,Middle-Aged (31-45),High Income,Active (0-30d),Gold Spender,No Children,Single,Master,Established,Wines,1438,2,Occasional Responder,Campaign 4
7500.0,1,0,7,2,8,11,3,8,21,4,3,2,2,7,0,0,0,0,0,0,3,11,0,41,2577,0,0,0,1,0,1,0,0,0,0,32,11,0,Middle-Aged (31-45),Low Income,Active (0-30d),Bronze Spender,Small Family (1 Kid),Together,2n Cycle,Established,GoldProds,53,0,Never Accepted,No Acceptance
33562.0,1,2,33,21,12,12,0,3,3,3,2,0,4,4,0,0,0,0,0,0,3,11,0,57,2163,0,1,0,0,0,0,0,0,1,0,48,45,0,Senior (46-60),Low Income,At-Risk (31-60d),Bronze Spender,Large Family (>1 Kid),Married,Master,New Member,Wines,51,0,Never Accepted,No Acceptance
57642.0,0,1,24,580,6,58,8,0,27,3,7,6,6,4,1,0,0,0,0,0,3,11,0,50,2330,0,0,1,0,0,0,0,0,0,1,652,625,1,Senior (46-60),Medium Income,Active (0-30d),Silver Spender,Small Family (1 Kid),Single,PhD,New Member,Wines,679,1,Occasional Responder,Campaign 3
58554.0,1,1,55,368,24,68,38,0,88,6,8,2,6,7,0,0,0,0,0,0,3,11,0,52,2800,0,0,0,1,0,0,0,1,0,0,498,410,0,Senior (46-60),Medium Income,At-Risk (31-60d),Silver Spender,Large Family (>1 Kid),Together,Graduation,Long-term Member,Wines,586,0,Never Accepted,No Acceptance
63777.0,1,1,87,457,5,106,15,17,53,8,11,1,6,8,0,0,0,0,0,0,3,11,0,41,2621,0,1,0,0,0,0,0,1,0,0,600,547,0,Middle-Aged (31-45),High Income,Inactive (>60d),Silver Spender,Large Family (>1 Kid),Married,Graduation,Established,Wines,653,0,Never Accepted,No Acceptance
57967.0,0,1,39,229,7,137,4,0,91,5,4,2,8,5,0,0,0,0,0,0,3,11,0,58,2642,0,0,1,0,0,0,0,1,0,0,377,286,0,Senior (46-60),Medium Income,At-Risk (31-60d),Silver Spender,Small Family (1 Kid),Single,Graduation,Long-term Member,Wines,468,0,Never Accepted,No Acceptance
24434.0,2,0,9,3,2,8,20,0,17,2,2,1,2,7,0,0,0,0,0,0,3,11,0,48,2201,0,1,0,0,0,0,0,1,0,0,33,16,0,Senior (46-60),Low Income,Active (0-30d),Bronze Spender,Large Family (>1 Kid),Married,Graduation,New Member,FishProducts,50,0,Never Accepted,No Acceptance
11012.0,1,0,82,24,3,26,7,1,23,3,3,1,2,9,1,0,0,0,0,0,3,11,0,36,2629,0,0,1,0,0,0,0,1,0,0,61,38,1,Middle-Aged (31-45),Low Income,Inactive (>60d),Bronze Spender,Small Family (1 Kid),Single,Graduation,Established,MeatProducts,84,1,Occasional Responder,Campaign 3
44802.0,0,0,71,853,10,143,13,10,20,2,9,4,12,8,0,0,0,0,0,0,3,11,0,50,2836,0,0,1,0,0,0,0,0,1,0,1029,1009,0,Senior (46-60),Medium Income,Inactive (>60d),Gold Spender,No Children,Single,Master,Long-term Member,Wines,1049,0,Never Accepted,No Acceptance
26816.0,0,0,50,5,1,6,3,4,3,1,0,0,3,4,0,0,0,0,0,0,3,11,0,34,2840,0,0,1,0,0,0,0,1,0,0,19,16,0,Middle-Aged (31-45),Low Income,At-Risk (31-60d),Bronze Spender,No Children,Single,Graduation,Long-term Member,MeatProducts,22,0,Never Accepted,No Acceptance
34421.0,1,0,81,3,3,7,6,2,9,1,1,0,2,7,0,0,0,0,0,0,3,11,0,46,2522,0,1,0,0,0,0,0,1,0,0,21,12,0,Senior (46-60),Low Income,Inactive (>60d),Bronze Spender,Small Family (1 Kid),Married,Graduation,Established,GoldProds,30,0,Never Accepted,No Acceptance
61223.0,0,1,46,709,43,182,42,118,247,2,9,3,4,5,0,0,0,0,0,0,3,11,0,53,2540,0,1,0,0,0,0,0,1,0,0,1094,847,0,Senior (46-60),Medium Income,At-Risk (31-60d),Gold Spender,Small Family (1 Kid),Married,Graduation,Established,Wines,1341,0,Never Accepted,No Acceptance
64014.0,2,1,56,406,0,30,0,0,8,7,8,2,5,7,0,0,0,1,0,0,3,11,0,74,2178,0,0,0,1,0,0,0,0,0,1,436,428,1,Elderly (>60),High Income,At-Risk (31-60d),Silver Spender,Large Family (>1 Kid),Together,PhD,New Member,Wines,444,1,Occasional Responder,Campaign 1
56981.0,0,0,91,908,48,217,32,12,24,1,2,3,13,6,0,1,0,0,0,0,3,11,0,39,2314,1,0,0,0,0,0,0,1,0,0,1217,1193,1,Middle-Aged (31-45),Medium Income,Inactive (>60d),Gold Spender,No Children,Divorced,Graduation,New Member,Wines,1241,1,Occasional Responder,Campaign 4
69245.0,0,1,8,428,30,214,80,30,61,2,6,5,10,3,0,0,0,0,0,0,3,11,0,64,2315,0,0,0,1,0,0,0,0,1,0,782,721,0,Elderly (>60),High Income,Active (0-30d),Gold Spender,Small Family (1 Kid),Together,Master,New Member,Wines,843,0,Never Accepted,No Acceptance
52869.0,1,1,40,84,3,61,2,1,21,3,3,1,4,7,0,0,0,0,0,0,3,11,1,66,2781,0,1,0,0,0,0,0,0,0,1,151,130,0,Elderly (>60),Medium Income,At-Risk (31-60d),Silver Spender,Large Family (>1 Kid),Married,PhD,Long-term Member,Wines,172,0,Never Accepted,No Acceptance
