Income,Kidhome,Teenhome,Recency,MntWines,MntFruits,MntMeatProducts,MntFishProducts,MntSweetProducts,MntGoldProds,NumDealsPurchases,NumWebPurchases,NumCatalogPurchases,NumStorePurchases,NumWebVisitsMonth,AcceptedCmp3,AcceptedCmp4,AcceptedCmp5,AcceptedCmp1,AcceptedCmp2,Complain,Z_CostContact,Z_Revenue,Response,Age,Customer_Days,marital_Divorced,marital_Married,marital_Single,marital_Together,marital_Widow,education_2n Cycle,education_Basic,education_Graduation,education_Master,education_PhD,MntTotal,MntRegularProds,AcceptedCmpOverall,education_category,prob_response
58138.0,0,0,58,635,88,546,172,88,88,3,8,10,4,7,0,0,0,0,0,0,3,11,1,63,2822,0,0,1,0,0,0,0,1,0,0,1529.0,1441,0,Graduation,0.32580116416034427
46344.0,1,1,38,11,1,6,2,1,6,2,1,1,2,5,0,0,0,0,0,0,3,11,0,66,2272,0,0,1,0,0,0,0,1,0,0,21.0,15,0,Graduation,0.07218058723506354
71613.0,0,0,26,426,49,127,111,21,42,1,8,2,10,4,0,0,0,0,0,0,3,11,0,55,2471,0,0,0,1,0,0,0,1,0,0,734.0,692,0,Graduation,0.1401320940278339
26646.0,1,0,26,11,4,20,10,3,5,2,2,0,4,6,0,0,0,0,0,0,3,11,0,36,2298,0,0,0,1,0,0,0,1,0,0,48.0,43,0,Graduation,0.14874075325520347
58293.0,1,0,94,173,43,118,46,27,15,5,5,3,6,5,0,0,0,0,0,0,3,11,0,39,2320,0,1,0,0,0,0,0,0,0,1,407.0,392,0,PhD,0.034821204459161696
62513.0,0,1,16,520,42,98,0,42,14,2,6,4,10,6,0,0,0,0,0,0,3,11,0,53,2452,0,0,0,1,0,0,0,0,1,0,702.0,688,0,Master,0.1903594887924658
55635.0,0,1,34,235,65,164,50,49,27,4,7,3,7,6,0,0,0,0,0,0,3,11,0,49,2752,1,0,0,0,0,0,0,1,0,0,563.0,536,0,Graduation,0.11624347189633197
33454.0,1,0,32,76,10,56,3,1,23,2,4,0,4,8,0,0,0,0,0,0,3,11,0,35,2576,0,1,0,0,0,0,0,0,0,1,146.0,123,0,PhD,0.13877057477339086
30351.0,1,0,19,14,0,24,3,3,2,1,3,0,2,9,0,0,0,0,0,0,3,11,1,46,2547,0,0,0,1,0,0,0,0,0,1,44.0,42,0,PhD,0.15758244946437983
5648.0,1,1,68,28,0,6,1,1,13,1,1,0,0,20,1,0,0,0,0,0,3,11,0,70,2267,0,0,0,1,0,0,0,0,0,1,36.0,23,1,PhD,0.07879726656017552
7500.0,0,0,59,6,16,11,11,1,16,1,2,0,3,8,0,0,0,0,0,0,3,11,0,44,2752,0,1,0,0,0,0,1,0,0,0,45.0,29,0,Basic,0.0611772642164747
63033.0,0,0,82,194,61,480,225,112,30,1,3,4,8,2,0,0,0,0,0,0,3,11,0,61,2385,1,0,0,0,0,0,0,1,0,0,1072.0,1042,0,Graduation,0.08753428331947287
59354.0,1,1,53,233,2,53,3,5,14,3,6,1,5,6,0,0,0,0,0,0,3,11,0,68,2385,1,0,0,0,0,0,0,0,1,0,296.0,282,0,Master,0.0675494739845295
17323.0,0,0,38,3,14,17,6,1,5,1,1,0,3,8,0,0,0,0,0,0,3,11,0,33,2786,0,1,0,0,0,0,0,1,0,0,41.0,36,0,Graduation,0.08364130110723118
82800.0,0,0,23,1006,22,115,59,68,45,1,7,6,12,3,0,0,1,1,0,0,3,11,1,74,2741,0,0,1,0,0,0,0,0,0,1,1270.0,1225,2,PhD,0.28684728531695713
41850.0,1,1,51,53,5,19,2,13,4,3,3,0,3,8,0,0,0,0,0,0,3,11,0,40,2711,0,1,0,0,0,0,0,1,0,0,92.0,88,0,Graduation,0.07032596120275324
37760.0,0,0,20,84,5,38,150,12,28,2,4,1,6,7,0,0,0,0,0,0,3,11,0,74,2826,0,0,0,1,0,0,0,1,0,0,289.0,261,0,Graduation,0.12539747121513176
76995.0,0,1,91,1012,80,498,0,16,176,2,11,4,9,5,0,0,0,1,0,0,3,11,0,71,2617,0,1,0,0,0,0,0,0,1,0,1606.0,1430,1,Master,0.1448583318391264
33812.0,1,0,86,4,17,19,30,24,39,2,2,1,3,6,0,0,0,0,0,0,3,11,0,35,2762,0,0,1,0,0,1,0,0,0,0,94.0,55,0,2n Cycle,0.03670077929532614
37040.0,0,0,41,86,2,73,69,38,48,1,4,2,5,8,0,0,0,0,0,0,3,11,0,38,2849,0,1,0,0,0,0,0,1,0,0,268.0,220,0,Graduation,0.08254872914659946
2447.0,1,0,42,1,1,1725,1,1,1,15,0,28,0,1,0,0,0,0,0,0,3,11,0,41,2698,0,1,0,0,0,0,0,1,0,0,1729.0,1728,0,Graduation,0.8539210167793693
58607.0,0,1,63,867,0,86,0,0,19,3,2,3,9,8,0,1,0,0,0,0,3,11,0,71,2712,0,1,0,0,0,0,0,0,0,1,953.0,934,1,PhD,0.11370811682407764
65324.0,0,1,0,384,0,102,21,32,5,3,6,2,9,4,0,0,0,0,0,0,3,11,0,66,2328,0,1,0,0,0,0,0,0,0,1,539.0,534,0,PhD,0.18671461001675554
40689.0,0,1,69,270,3,27,39,6,99,7,7,1,5,8,0,0,0,0,0,0,3,11,0,69,2627,0,0,0,1,0,0,0,1,0,0,345.0,246,0,Graduation,0.04389863811589967
18589.0,0,0,89,6,4,25,15,12,13,2,2,1,3,7,0,0,0,0,0,0,3,11,0,51,2702,0,0,1,0,0,0,0,1,0,0,62.0,49,0,Graduation,0.024824732227518645
53359.0,1,1,4,173,4,30,3,6,41,4,5,1,4,7,0,0,0,0,0,0,3,11,0,44,2557,0,1,0,0,0,0,0,1,0,0,216.0,175,0,Graduation,0.19619454772790457
38360.0,1,0,26,36,2,42,20,21,10,2,2,1,4,3,0,0,0,0,0,0,3,11,0,31,2553,0,1,0,0,0,0,0,1,0,0,121.0,111,0,Graduation,0.13968186533609744
84618.0,0,0,96,684,100,801,21,66,0,1,6,9,10,2,0,0,1,0,0,0,3,11,0,55,2378,0,1,0,0,0,0,0,0,0,1,1672.0,1672,1,PhD,0.1323347662446545
10979.0,0,0,34,8,4,10,2,2,4,2,3,0,3,5,0,0,0,0,0,0,3,11,0,31,2197,1,0,0,0,0,0,0,0,1,0,26.0,22,0,Master,0.10018134125188538
38620.0,0,0,56,112,17,44,34,22,89,1,2,5,3,3,0,0,0,0,0,0,3,11,0,57,2573,0,0,0,1,0,0,0,0,1,0,229.0,140,0,Master,0.050676312701830255
40548.0,0,1,31,110,0,5,2,0,3,2,2,1,4,5,0,1,0,0,0,0,3,11,0,50,2786,0,0,0,1,0,0,0,1,0,0,117.0,114,1,Graduation,0.07130216790941142
46610.0,0,2,8,96,12,96,33,22,43,6,4,1,6,6,0,0,0,0,0,0,3,11,1,68,2767,1,0,0,0,0,0,0,0,0,1,259.0,216,0,PhD,0.13337240466566302
68657.0,0,0,4,482,34,471,119,68,22,1,3,5,9,7,0,0,0,0,0,0,3,11,0,74,2653,0,1,0,0,0,0,0,0,1,0,1174.0,1152,0,Master,0.41160274746490194
49389.0,1,1,55,40,0,19,2,1,3,1,2,0,3,7,0,0,0,0,0,0,3,11,0,69,2463,0,0,1,0,0,0,0,0,1,0,62.0,59,0,Master,0.049474822789484806
67353.0,0,1,37,702,17,151,0,8,35,5,5,6,12,2,0,0,0,0,0,0,3,11,0,50,2339,0,1,0,0,0,0,0,0,0,1,878.0,843,0,PhD,0.1551351690458887
23718.0,1,0,76,6,3,14,15,7,36,3,3,1,2,7,0,0,0,0,0,0,3,11,0,44,2459,0,1,0,0,0,1,0,0,0,0,45.0,9,0,2n Cycle,0.050202468830021385
42429.0,0,1,99,55,0,6,2,0,4,2,1,1,3,5,0,0,0,0,0,0,3,11,0,47,2297,0,0,0,0,1,0,0,1,0,0,63.0,59,0,Graduation,0.0123558004403766
48948.0,0,0,53,437,8,206,160,49,42,2,7,10,5,6,1,0,0,0,0,0,3,11,1,77,2672,1,0,0,0,0,0,0,0,0,1,860.0,818,1,PhD,0.1396815329478656
80011.0,0,1,3,421,76,536,82,178,102,2,8,6,5,4,0,0,0,0,0,0,3,11,0,40,2585,0,1,0,0,0,0,0,1,0,0,1293.0,1191,0,Graduation,0.4400009277091072
20559.0,1,0,88,13,1,29,3,0,7,2,2,0,3,8,0,0,0,0,0,0,3,11,0,35,2633,0,1,0,0,0,0,0,0,1,0,46.0,39,0,Master,0.04106720717776668
21994.0,0,1,4,9,0,6,3,1,3,1,0,0,3,5,0,0,0,0,0,0,3,11,0,63,2711,0,0,0,1,0,0,0,1,0,0,19.0,16,0,Graduation,0.146613997399704
7500.0,1,0,19,3,1,10,3,2,12,3,2,0,3,5,0,0,0,0,0,0,3,11,0,45,2429,0,1,0,0,0,0,0,0,1,0,19.0,7,0,Master,0.2193139266033051
79941.0,0,0,72,123,164,266,227,30,174,1,2,4,9,1,0,0,0,0,0,0,3,11,0,44,2160,0,0,1,0,0,0,0,1,0,0,810.0,636,0,Graduation,0.050563518558881665
7500.0,0,0,24,3,18,14,15,22,50,3,3,1,3,9,0,0,0,0,0,0,3,11,1,24,2756,0,1,0,0,0,1,0,0,0,0,72.0,22,0,2n Cycle,0.14548619251252423
41728.0,1,0,92,13,6,15,3,5,13,1,2,0,2,10,0,0,0,0,0,0,3,11,0,52,2560,0,0,0,1,0,0,0,1,0,0,42.0,29,0,Graduation,0.023738470010446308
72550.0,1,1,39,826,50,317,50,38,38,9,5,2,12,8,0,0,0,0,0,0,3,11,0,66,2757,0,1,0,0,0,0,0,0,0,1,1281.0,1243,0,PhD,0.37103444307501754
65486.0,0,1,29,245,19,125,37,67,14,1,4,2,10,2,0,0,0,0,0,0,3,11,0,63,2207,0,0,0,0,1,0,0,1,0,0,493.0,479,0,Graduation,0.0931626502986323
79143.0,0,0,2,650,37,780,27,167,32,1,6,9,13,3,0,0,0,0,0,0,3,11,0,56,2846,0,1,0,0,0,0,0,0,1,0,1661.0,1629,0,Master,0.6264316031931123
35790.0,1,0,54,12,6,20,30,1,3,2,2,0,3,7,0,0,0,0,0,0,3,11,0,43,2702,0,0,1,0,0,0,0,1,0,0,69.0,66,0,Graduation,0.06989604168490769
82582.0,0,0,54,510,120,550,156,40,241,1,4,9,7,1,1,0,0,1,0,0,3,11,1,43,2181,1,0,0,0,0,0,0,1,0,0,1376.0,1135,2,Graduation,0.20029900020499197
66373.0,1,1,57,328,9,124,12,24,109,7,4,2,10,3,0,0,0,0,0,0,3,11,0,42,2541,0,1,0,0,0,0,0,1,0,0,497.0,388,0,Graduation,0.08351094315575193
82384.0,0,0,55,984,51,432,180,120,190,1,3,10,13,1,0,0,1,0,0,0,3,11,1,65,2746,0,0,0,1,0,0,0,0,1,0,1767.0,1577,1,Master,0.34182956082021837
70287.0,0,0,30,295,35,482,121,120,40,1,5,5,10,3,0,0,0,0,0,0,3,11,1,54,2612,1,0,0,0,0,0,0,1,0,0,1053.0,1013,0,Graduation,0.22572753242819255
27938.0,1,0,31,13,0,8,2,1,5,1,1,0,4,3,0,0,0,0,0,0,3,11,0,32,2221,0,0,1,0,0,0,0,1,0,0,24.0,19,0,Graduation,0.12636495707286238
55954.0,0,1,63,447,0,28,0,0,43,3,8,2,6,7,0,0,0,0,0,0,3,11,0,52,2277,0,1,0,0,0,0,0,0,0,1,475.0,432,0,PhD,0.05046357892549619
75777.0,0,0,12,712,26,538,69,13,80,1,3,6,11,1,0,1,1,0,0,0,3,11,1,38,2519,0,0,1,0,0,0,0,0,1,0,1358.0,1278,2,Master,0.44002105527040214
66653.0,1,1,18,452,18,102,16,18,6,4,4,2,12,3,0,0,0,0,0,0,3,11,0,45,2819,0,0,0,1,0,0,0,1,0,0,606.0,600,0,Graduation,0.22695826164637803
61823.0,0,1,26,523,7,134,37,14,169,4,8,2,10,7,0,0,0,0,0,0,3,11,0,68,2655,0,0,1,0,0,0,0,1,0,0,715.0,546,0,Graduation,0.1562388813850572
67680.0,0,1,8,546,0,48,0,6,6,1,7,3,8,5,0,0,0,0,0,0,3,11,0,69,2542,0,0,0,0,1,0,0,0,0,1,600.0,594,0,PhD,0.16835083929820033
70666.0,0,0,29,398,40,367,119,122,30,1,7,4,4,4,0,0,0,0,0,0,3,11,0,72,2364,0,0,0,1,0,0,0,1,0,0,1046.0,1016,0,Graduation,0.21934323657334107
25721.0,1,0,75,1,3,6,3,6,15,1,1,1,2,7,0,0,0,0,0,0,3,11,1,49,2563,0,1,0,0,0,0,0,1,0,0,19.0,4,0,Graduation,0.04654762067574741
32474.0,1,1,0,10,0,1,0,0,0,1,1,0,2,7,0,0,0,0,0,0,3,11,0,53,2208,0,0,0,1,0,0,0,1,0,0,11.0,11,0,Graduation,0.20850750450180566
88194.0,0,1,19,688,14,309,201,24,38,1,11,10,10,5,1,0,0,1,0,0,3,11,1,41,2261,0,0,1,0,0,1,0,0,0,0,1236.0,1198,2,2n Cycle,0.28565893406003284
69096.0,0,1,4,247,49,159,7,82,109,1,5,2,10,4,0,0,0,0,0,0,3,11,0,62,2434,0,0,0,1,0,0,0,1,0,0,544.0,435,0,Graduation,0.16436665583692386
74854.0,1,2,90,856,59,487,58,29,73,7,2,5,5,5,0,0,0,0,0,0,3,11,0,50,2606,0,0,0,1,0,0,0,1,0,0,1489.0,1416,0,Graduation,0.2028429854451992
66991.0,0,0,1,496,36,460,189,60,12,3,4,8,6,3,0,0,0,0,0,0,3,11,0,66,2815,0,1,0,0,0,0,0,0,1,0,1241.0,1229,0,Master,0.4760485798043568
65031.0,0,1,29,258,107,291,84,37,86,4,10,3,13,7,0,0,0,0,0,0,3,11,0,61,2628,0,1,0,0,0,0,0,1,0,0,777.0,691,0,Graduation,0.1568013632023265
60631.0,1,1,88,565,6,65,0,6,19,5,9,2,8,7,0,1,0,0,0,0,3,11,0,45,2609,0,1,0,0,0,0,0,0,0,1,642.0,623,1,PhD,0.05983771328100351
28332.0,0,0,58,14,10,13,4,15,9,1,2,1,4,2,0,0,0,0,0,0,3,11,0,68,2219,0,1,0,0,0,0,0,1,0,0,56.0,47,0,Graduation,0.04101564687788712
40246.0,1,0,68,2,1,6,2,1,1,1,1,0,2,6,0,0,0,0,0,0,3,11,0,43,2716,1,0,0,0,0,0,0,1,0,0,12.0,11,0,Graduation,0.041567379003261934
75251.0,0,0,34,721,111,925,97,18,18,1,7,6,5,5,0,0,0,0,0,0,3,11,1,48,2830,0,1,0,0,0,0,0,0,1,0,1872.0,1854,0,Master,0.5635586810095687
75825.0,0,0,40,1032,105,779,137,105,51,0,5,8,9,4,1,0,0,0,0,0,3,11,1,44,2784,0,0,1,0,0,0,0,1,0,0,2158.0,2107,1,Graduation,0.6658235387446806
26326.0,0,0,12,1,0,5,0,3,9,1,0,0,3,3,0,0,0,0,0,1,3,11,0,44,2457,0,0,0,1,0,1,0,0,0,0,9.0,0,0,2n Cycle,0.11679226609050354
56046.0,0,0,9,577,0,64,0,0,51,2,10,1,8,8,1,0,0,0,0,0,3,11,1,55,2702,0,0,0,1,0,0,0,1,0,0,641.0,590,1,Graduation,0.2183186738077662
29760.0,1,0,87,64,4,68,7,5,17,4,3,1,4,8,0,0,0,0,0,0,3,11,0,35,2828,0,0,1,0,0,0,0,1,0,0,148.0,131,0,Graduation,0.04306047103493733
26304.0,1,0,5,4,1,5,2,0,4,1,1,0,2,7,0,0,0,0,0,0,3,11,0,51,2530,0,1,0,0,0,0,0,1,0,0,12.0,8,0,Graduation,0.20956743437216943
23559.0,1,0,87,25,5,19,7,0,23,3,3,0,3,7,0,0,0,0,0,0,3,11,0,47,2520,0,1,0,0,0,1,0,0,0,0,56.0,33,0,2n Cycle,0.039474467264061196
38620.0,0,0,56,112,17,44,34,22,89,1,2,5,3,3,0,0,0,0,0,0,3,11,0,57,2573,0,0,0,1,0,0,0,0,1,0,229.0,140,0,Master,0.050676312701830255
81361.0,0,0,18,163,23,424,27,65,76,1,3,10,13,1,0,0,0,0,0,0,3,11,0,33,2283,1,0,0,0,0,0,0,1,0,0,702.0,626,0,Graduation,0.13841343464325856
29440.0,1,1,95,17,8,14,10,4,3,2,1,0,4,7,0,0,0,0,0,0,3,11,0,60,2481,0,1,0,0,0,0,0,1,0,0,53.0,50,0,Graduation,0.02817690613981228
36138.0,1,1,48,130,0,16,0,0,5,5,3,1,4,7,0,1,0,0,0,0,3,11,0,50,2507,0,1,0,0,0,0,0,0,1,0,146.0,141,1,Master,0.09064521762888855
50388.0,0,1,3,292,6,37,0,3,34,4,6,1,6,7,0,1,0,1,0,0,3,11,1,63,2191,0,0,1,0,0,0,0,1,0,0,338.0,304,2,Graduation,0.1609180333938236
79593.0,0,0,70,350,60,568,110,133,145,1,5,6,7,2,0,0,1,0,0,0,3,11,0,47,2207,0,1,0,0,0,0,0,1,0,0,1221.0,1076,1,Graduation,0.11467489454695166
54178.0,0,1,79,135,9,39,4,0,7,1,2,2,5,2,0,0,0,0,0,0,3,11,0,53,2318,0,0,0,1,0,0,0,1,0,0,187.0,180,0,Graduation,0.020167690929936935
42394.0,1,0,69,15,2,10,0,1,4,1,1,0,3,7,0,0,0,0,0,0,3,11,0,48,2257,0,0,1,0,0,0,0,0,1,0,28.0,24,0,Master,0.039781764051601165
23626.0,1,0,84,27,2,14,0,0,0,3,3,1,3,5,0,0,0,0,0,0,3,11,0,50,2195,0,1,0,0,0,0,0,0,0,1,43.0,43,0,PhD,0.040992870642286905
30096.0,1,0,30,5,3,11,12,5,9,1,2,0,3,6,0,0,0,0,0,0,3,11,0,37,2197,0,1,0,0,0,0,0,1,0,0,36.0,27,0,Graduation,0.12582234621834124
47916.0,0,1,72,505,0,26,0,0,75,5,7,4,6,6,0,1,0,0,0,0,3,11,0,60,2743,0,0,0,0,1,0,0,1,0,0,531.0,456,1,Graduation,0.05219195722031095
51813.0,1,1,37,51,2,7,0,1,2,2,2,0,3,7,0,0,0,0,0,0,3,11,0,48,2603,1,0,0,0,0,0,0,1,0,0,61.0,59,0,Graduation,0.07469300147484377
78497.0,0,0,44,207,26,447,75,0,223,1,5,7,12,2,0,0,0,1,0,0,3,11,0,69,2369,0,1,0,0,0,1,0,0,0,0,755.0,532,1,2n Cycle,0.08453358586139408
50150.0,0,0,32,135,46,92,65,61,11,2,5,2,7,5,0,0,0,0,0,0,3,11,0,37,2533,0,1,0,0,0,0,0,0,0,1,399.0,388,0,PhD,0.10170801559424937
47823.0,0,1,0,53,1,5,2,1,10,2,2,0,3,8,0,0,0,0,0,0,3,11,0,60,2500,0,0,1,0,0,1,0,0,0,0,62.0,52,0,2n Cycle,0.11071704525254848
34554.0,0,1,43,41,1,6,2,0,5,2,2,0,3,6,0,0,0,0,0,0,3,11,0,61,2250,0,0,1,0,0,0,0,0,0,1,50.0,45,0,PhD,0.05197140549719601
85693.0,0,1,59,386,172,183,185,132,111,2,9,5,11,5,0,0,0,0,0,0,3,11,0,41,2594,0,0,0,1,0,0,0,1,0,0,1058.0,947,0,Graduation,0.09846427415645372
65846.0,0,0,68,562,81,276,80,40,81,1,6,3,6,4,0,0,0,0,0,0,3,11,0,75,2567,0,1,0,0,0,0,0,0,0,1,1039.0,958,0,PhD,0.10396320644017919
87195.0,0,0,35,217,76,690,50,26,38,1,3,11,5,1,0,0,0,0,0,0,3,11,1,61,2211,0,1,0,0,0,0,0,1,0,0,1059.0,1021,0,Graduation,0.15501023985839626
24594.0,1,0,94,1,3,6,10,0,9,1,1,0,3,5,0,0,0,0,0,0,3,11,0,41,2360,0,0,0,1,0,0,1,0,0,0,20.0,11,0,Basic,0.03091866300203078
49096.0,1,1,15,144,1,32,2,1,7,4,4,1,4,7,0,0,0,0,0,0,3,11,0,56,2437,0,1,0,0,0,0,0,1,0,0,180.0,173,0,Graduation,0.15500324353303874
52413.0,0,2,56,295,106,271,75,98,65,4,6,4,12,6,0,0,0,0,0,0,3,11,0,51,2671,0,1,0,0,0,0,0,1,0,0,845.0,780,0,Graduation,0.1262899700257037
38557.0,1,0,17,76,3,31,4,4,27,2,3,1,3,7,0,0,0,0,0,0,3,11,0,42,2716,0,0,1,0,0,0,0,1,0,0,118.0,91,0,Graduation,0.16372454642298145
89058.0,0,0,18,454,194,106,31,22,43,1,5,4,4,2,0,0,0,0,0,0,3,11,0,60,2728,0,1,0,0,0,0,0,0,1,0,807.0,764,0,Master,0.13859086816292407
77298.0,0,1,46,425,115,292,23,35,79,1,6,6,11,3,0,0,0,0,0,0,3,11,0,41,2398,0,0,0,1,0,0,0,1,0,0,890.0,811,0,Graduation,0.11202335661845178
68126.0,0,0,40,1332,17,311,23,51,86,1,7,4,5,9,0,1,0,0,0,0,3,11,1,29,2755,0,0,1,0,0,0,0,0,0,1,1734.0,1648,1,PhD,0.5025206878257257
57288.0,0,1,27,527,0,21,0,0,60,3,8,1,8,6,0,1,0,0,0,0,3,11,0,57,2163,0,0,0,1,0,0,0,0,1,0,548.0,488,1,Master,0.12592706235362702
86037.0,0,0,95,490,44,125,29,20,22,1,6,7,11,3,0,1,1,0,0,0,3,11,1,29,2702,0,0,1,0,0,0,0,1,0,0,708.0,686,2,Graduation,0.021981752412161285
43974.0,1,0,19,378,0,101,0,0,72,5,6,4,6,7,0,0,0,0,0,0,3,11,0,40,2723,0,1,0,0,0,0,0,0,0,1,479.0,407,0,PhD,0.2599150814569321
50785.0,1,1,27,64,1,21,0,1,27,2,2,1,3,6,0,0,0,0,0,0,3,11,0,58,2451,0,0,1,0,0,0,0,1,0,0,87.0,60,0,Graduation,0.09804550440939123
90765.0,0,0,25,547,99,812,151,82,33,0,4,6,5,1,0,0,1,1,0,0,3,11,0,50,2315,0,1,0,0,0,0,0,1,0,0,1691.0,1658,2,Graduation,0.4486360376609033
36550.0,1,0,74,47,90,94,123,103,120,5,9,1,5,9,0,0,0,0,0,0,3,11,0,42,2654,0,1,0,0,0,1,0,0,0,0,457.0,337,0,2n Cycle,0.09103462755060043
30753.0,1,1,85,12,5,25,0,9,30,2,1,1,3,5,0,0,0,0,0,0,3,11,0,53,2512,0,0,0,1,0,1,0,0,0,0,51.0,21,0,2n Cycle,0.03524850521893823
21918.0,1,0,37,1,6,7,11,5,3,2,2,0,3,6,0,0,0,0,0,0,3,11,0,51,2386,0,0,0,1,0,0,0,1,0,0,30.0,27,0,Graduation,0.12017927408101806
56129.0,0,1,65,320,48,133,39,72,48,4,6,2,10,4,0,0,0,0,0,0,3,11,0,67,2533,0,0,0,1,0,0,0,0,1,0,612.0,564,0,Master,0.06061272681196044
32557.0,1,0,13,34,3,29,0,4,10,3,2,1,3,5,0,0,0,0,0,0,3,11,1,53,2284,0,0,1,0,0,0,0,0,1,0,70.0,60,0,Master,0.17726351955829545
19510.0,2,0,63,9,0,7,3,4,7,2,1,0,3,7,0,0,0,0,0,0,3,11,0,35,2457,0,1,0,0,0,0,0,0,1,0,23.0,16,0,Master,0.1161633175345706
30992.0,1,0,83,17,0,14,7,3,2,1,1,0,3,7,0,0,0,0,0,0,3,11,0,44,2592,1,0,0,0,0,0,0,1,0,0,41.0,39,0,Graduation,0.03677071044129908
71488.0,0,0,87,162,33,124,40,28,172,2,3,4,7,1,0,0,0,0,0,0,3,11,0,55,2655,0,0,0,1,0,1,0,0,0,0,387.0,215,0,2n Cycle,0.01761536923010747
79607.0,0,0,37,450,133,951,173,0,216,1,3,6,6,1,0,0,0,0,0,0,3,11,1,36,2593,0,0,1,0,0,0,0,1,0,0,1707.0,1491,0,Graduation,0.44632898112308583
54348.0,1,1,51,70,0,16,0,0,4,2,2,0,4,6,0,0,0,0,0,0,3,11,0,67,2180,0,1,0,0,0,0,0,0,1,0,86.0,82,0,Master,0.05202690682383366
77376.0,1,1,72,492,19,110,16,12,12,4,6,3,10,4,0,0,0,0,0,0,3,11,0,64,2209,0,0,0,1,0,0,0,0,0,1,649.0,637,0,PhD,0.061682791684117375
62998.0,0,1,10,120,58,73,65,89,58,5,5,4,5,5,0,0,0,0,0,0,3,11,0,68,2431,0,1,0,0,0,0,0,1,0,0,405.0,347,0,Graduation,0.12463823947695296
61331.0,1,1,42,534,5,47,0,5,41,5,11,1,6,8,0,0,0,0,0,0,3,11,0,62,2635,0,0,1,0,0,0,0,0,1,0,591.0,550,0,Master,0.14453750789306644
73448.0,0,0,10,236,106,189,23,41,130,1,7,2,9,4,0,0,0,0,0,0,3,11,0,51,2298,0,1,0,0,0,0,0,1,0,0,595.0,465,0,Graduation,0.15031925138470048
41551.0,1,1,51,220,0,33,3,0,23,5,5,1,5,8,0,0,0,0,0,0,3,11,0,56,2478,0,1,0,0,0,0,0,0,0,1,256.0,233,0,PhD,0.09312142322100277
62981.0,0,0,21,796,14,590,38,44,0,1,4,5,13,3,0,1,0,0,0,0,3,11,0,53,2628,0,0,0,1,0,0,0,0,0,1,1482.0,1482,1,PhD,0.5031740193757318
9548.0,1,0,31,0,1,3,10,6,9,2,1,0,3,8,0,0,0,0,0,0,3,11,0,44,2849,1,0,0,0,0,0,1,0,0,0,20.0,11,0,Basic,0.16776977827124054
33762.0,2,1,61,53,1,34,2,0,16,3,2,2,2,8,0,0,0,0,0,0,3,11,0,61,2516,0,1,0,0,0,0,0,0,0,1,90.0,74,0,PhD,0.1011389676080732
35860.0,1,1,37,15,0,8,4,2,20,2,1,1,2,5,1,0,0,0,0,0,3,11,1,47,2200,0,0,1,0,0,0,0,0,0,1,29.0,9,1,PhD,0.09432987744536152
36921.0,1,1,74,17,1,12,3,1,4,2,2,0,3,7,0,0,0,0,0,0,3,11,0,55,2495,1,0,0,0,0,0,0,0,0,1,34.0,30,0,PhD,0.03913355282299156
65104.0,0,1,4,738,0,232,13,20,50,2,3,5,7,7,0,0,0,0,0,0,3,11,1,44,2386,0,0,0,1,0,0,0,0,1,0,1003.0,953,0,Master,0.36133023449288293
86111.0,0,0,73,399,28,756,36,40,126,1,5,7,10,2,0,0,0,0,0,0,3,11,0,58,2595,0,1,0,0,0,0,0,1,0,0,1259.0,1133,0,Graduation,0.10026889166215362
68352.0,0,1,47,614,16,132,43,33,33,3,8,5,9,6,0,0,0,0,0,0,3,11,0,46,2464,0,0,1,0,0,0,0,0,0,1,838.0,805,0,PhD,0.11570816282601269
41883.0,1,0,13,32,34,41,73,16,116,3,4,2,3,7,0,0,0,0,0,0,3,11,0,32,2626,0,0,0,1,0,0,0,1,0,0,196.0,80,0,Graduation,0.1950784746163654
59809.0,0,2,36,598,16,141,32,41,49,3,3,3,6,8,0,0,0,0,0,0,3,11,0,44,2778,0,1,0,0,0,0,0,1,0,0,828.0,779,0,Graduation,0.1667590555151193
23957.0,1,0,47,2,1,18,20,11,16,1,2,0,3,6,0,0,0,0,0,0,3,11,1,45,2768,0,1,0,0,0,0,0,1,0,0,52.0,36,0,Graduation,0.09803134959194598
38547.0,1,0,49,6,1,10,0,1,4,1,1,0,2,8,0,0,0,0,0,1,3,11,0,39,2464,0,0,0,1,0,0,0,1,0,0,18.0,14,0,Graduation,0.0681448023515605
35688.0,2,1,94,73,3,90,12,1,32,7,4,1,4,8,0,0,0,0,0,0,3,11,0,47,2835,0,1,0,0,0,1,0,0,0,0,179.0,147,0,2n Cycle,0.05612391168783483
49605.0,0,0,65,42,16,29,12,20,8,1,2,1,4,3,0,0,0,0,0,0,3,11,0,54,2167,0,1,0,0,0,0,0,0,1,0,119.0,111,0,Master,0.026890603266566847
59354.0,0,2,59,295,21,78,39,13,13,1,4,4,7,3,0,0,0,0,0,0,3,11,0,67,2225,0,1,0,0,0,0,0,0,1,0,446.0,433,0,Master,0.047591485066303466
65747.0,0,1,96,346,17,48,23,13,13,4,8,1,6,6,0,1,0,0,0,0,3,11,0,51,2273,0,1,0,0,0,0,0,1,0,0,447.0,434,1,Graduation,0.018041177025061163
46344.0,0,1,28,233,20,57,8,20,91,4,7,1,5,7,0,0,0,0,0,0,3,11,0,48,2721,0,0,0,1,0,1,0,0,0,0,338.0,247,0,2n Cycle,0.10406101945424501
34176.0,1,0,12,5,7,24,19,14,20,4,3,0,4,6,0,0,0,0,0,0,3,11,0,32,2207,0,0,1,0,0,0,0,1,0,0,69.0,49,0,Graduation,0.18265866124008343
61010.0,0,1,57,888,0,57,0,0,76,2,8,5,11,5,0,0,0,0,0,0,3,11,0,68,2787,0,0,0,1,0,0,0,0,0,1,945.0,869,0,PhD,0.12309918204205918
69372.0,0,0,10,997,26,269,34,13,42,1,10,4,6,4,0,1,1,0,0,0,3,11,1,71,2654,0,0,0,1,0,0,0,1,0,0,1339.0,1297,2,Graduation,0.4561884064329249
49967.0,0,1,4,212,6,69,4,12,3,3,6,1,5,7,0,0,0,0,0,0,3,11,0,62,2515,0,0,1,0,0,0,0,1,0,0,303.0,300,0,Graduation,0.14970810639773308
60199.0,1,2,49,8,1,7,2,0,0,1,0,0,3,4,0,0,0,0,0,0,3,11,0,42,2449,0,0,1,0,0,0,0,1,0,0,18.0,18,0,Graduation,0.04505560133036129
55375.0,0,1,3,42,11,57,10,28,14,1,1,1,6,2,0,0,0,0,0,0,3,11,0,43,2414,0,0,0,1,0,0,0,1,0,0,148.0,134,0,Graduation,0.10961022749895592
80317.0,0,0,64,536,11,387,149,91,57,1,3,4,10,1,0,0,0,0,0,0,3,11,0,65,2472,0,0,1,0,0,0,0,1,0,0,1174.0,1117,0,Graduation,0.1144284658201952
30523.0,2,1,0,5,0,3,0,0,5,1,1,0,2,7,0,0,0,0,0,0,3,11,0,62,2522,0,0,1,0,0,0,0,0,1,0,8.0,3,0,Master,0.31243433570194673
70356.0,0,0,20,1349,16,249,43,16,33,2,10,6,9,6,0,0,0,0,0,0,3,11,0,75,2760,0,1,0,0,0,0,0,0,0,1,1673.0,1640,0,PhD,0.5577000294271774
23228.0,1,0,91,53,3,49,7,4,5,4,3,0,4,8,0,0,0,0,0,0,3,11,0,36,2334,0,1,0,0,0,0,0,1,0,0,116.0,111,0,Graduation,0.04161068227613767
74165.0,0,0,9,1001,12,240,16,12,12,1,5,4,10,2,0,0,0,0,0,0,3,11,0,45,2583,1,0,0,0,0,0,0,0,0,1,1281.0,1269,0,PhD,0.4236565474807842
43482.0,2,1,83,18,1,32,6,3,28,3,2,0,4,6,0,0,0,0,0,0,3,11,0,54,2387,0,0,0,1,0,0,0,1,0,0,60.0,32,0,Graduation,0.04900672451642896
62551.0,0,0,27,125,16,98,134,21,27,1,6,7,4,3,1,0,0,0,0,0,3,11,0,67,2382,1,0,0,0,0,0,0,1,0,0,394.0,367,1,Graduation,0.08479845671354386
52332.0,0,0,63,212,5,33,7,0,2,1,3,2,6,4,0,1,0,0,0,0,3,11,0,61,2464,1,0,0,0,0,0,0,1,0,0,257.0,255,1,Graduation,0.03463973971728327
66951.0,0,0,46,277,162,305,173,76,124,1,3,4,7,1,0,0,0,0,0,0,3,11,0,32,2398,0,0,1,0,0,0,0,1,0,0,993.0,869,0,Graduation,0.16330599177040905
26091.0,1,1,84,15,10,19,8,17,20,3,2,1,3,5,0,0,0,0,0,0,3,11,0,63,2283,0,0,0,1,0,0,0,1,0,0,69.0,49,0,Graduation,0.04003322516829006
33456.0,1,1,58,7,3,10,8,1,7,2,1,0,3,7,0,0,0,0,0,0,3,11,0,55,2228,0,0,0,1,0,0,0,1,0,0,29.0,22,0,Graduation,0.06018254042637539
28718.0,1,0,78,12,4,6,11,8,16,2,2,0,3,8,0,0,0,0,0,0,3,11,0,38,2510,0,1,0,0,0,0,0,1,0,0,41.0,25,0,Graduation,0.043771573095047325
50447.0,2,0,4,85,7,24,2,3,27,1,3,1,3,6,0,0,0,0,0,0,3,11,0,50,2228,0,1,0,0,0,0,0,1,0,0,121.0,94,0,Graduation,0.26363460059851457
53537.0,1,1,17,81,0,6,0,0,6,2,2,1,3,5,0,0,0,0,0,0,3,11,0,61,2309,0,0,0,1,0,0,0,0,0,1,87.0,81,0,PhD,0.11562361744797292
52074.0,0,1,77,59,0,12,0,0,48,1,2,2,2,4,1,0,0,0,0,0,3,11,0,53,2245,0,0,1,0,0,0,0,1,0,0,71.0,23,1,Graduation,0.017480825676155578
80427.0,0,1,56,1149,71,449,69,71,26,1,11,8,8,5,0,0,0,0,0,0,3,11,0,45,2814,0,1,0,0,0,0,0,0,0,1,1809.0,1783,0,PhD,0.37497823429614496
83837.0,0,0,79,847,66,119,86,89,111,1,9,10,5,4,0,1,0,1,0,0,3,11,1,72,2719,0,1,0,0,0,0,0,0,0,1,1207.0,1096,2,PhD,0.08064806970920387
38853.0,1,1,90,29,0,14,0,0,2,2,2,0,3,7,0,0,0,0,0,0,3,11,0,50,2196,0,1,0,0,0,0,0,0,0,1,43.0,41,0,PhD,0.02650229077392349
38285.0,2,1,96,2,0,5,2,0,1,1,0,0,3,2,0,0,0,0,0,0,3,11,0,61,2164,0,0,0,1,0,0,0,1,0,0,9.0,8,0,Graduation,0.03552346813991408
78497.0,0,0,44,207,26,447,75,0,223,1,5,7,12,2,0,0,0,1,0,0,3,11,0,69,2369,0,1,0,0,0,1,0,0,0,0,755.0,532,1,2n Cycle,0.08453358586139408
51650.0,0,1,81,152,3,22,2,5,7,1,4,1,4,5,0,0,0,0,0,0,3,11,0,44,2208,0,1,0,0,0,0,0,0,0,1,184.0,177,0,PhD,0.020463939229131527
16248.0,1,0,77,12,11,10,3,12,9,3,2,1,3,6,0,0,0,0,0,0,3,11,0,32,2209,0,1,0,0,0,1,0,0,0,0,48.0,39,0,2n Cycle,0.05823219866535774
66835.0,0,0,21,620,26,195,34,17,141,1,6,4,13,2,0,0,0,0,0,0,3,11,0,74,2433,0,1,0,0,0,0,0,0,1,0,892.0,751,0,Master,0.21162552379660407
30477.0,1,0,16,47,1,6,0,0,12,1,1,1,3,6,0,0,0,0,0,0,3,11,0,36,2317,0,1,0,0,0,0,0,0,1,0,54.0,42,0,Master,0.1732783705171233
28249.0,0,0,80,1,9,7,2,14,10,1,2,0,3,6,0,0,0,0,0,0,3,11,0,59,2173,0,1,0,0,0,0,1,0,0,0,33.0,23,0,Basic,0.023689985913977085
25271.0,1,0,45,10,1,18,10,4,7,1,1,1,2,9,0,0,0,0,0,0,3,11,0,37,2730,0,1,0,0,0,0,0,1,0,0,43.0,36,0,Graduation,0.10001797155436878
32303.0,0,1,63,35,0,2,0,0,2,2,1,0,4,5,0,0,0,0,0,0,3,11,0,50,2272,0,0,1,0,0,0,0,0,0,1,37.0,35,0,PhD,0.03378910321610609
61286.0,0,1,34,356,0,107,19,9,117,2,7,1,8,5,0,0,0,0,0,0,3,11,0,54,2490,0,1,0,0,0,0,0,1,0,0,491.0,374,0,Graduation,0.09119109822081181
74068.0,0,0,14,783,30,537,140,76,15,1,4,10,9,2,0,0,0,0,0,0,3,11,0,44,2626,0,1,0,0,0,0,0,1,0,0,1566.0,1551,0,Graduation,0.5387438223553316
45759.0,1,1,13,42,1,18,3,0,4,2,2,0,3,7,0,0,0,0,0,0,3,11,0,56,2650,0,1,0,0,0,0,0,0,0,1,64.0,60,0,PhD,0.1397913242140704
24882.0,1,0,52,1,4,10,29,0,36,1,1,1,2,6,1,0,0,0,0,0,3,11,0,42,2817,0,0,0,1,0,0,1,0,0,0,44.0,8,1,Basic,0.08545119774764084
66973.0,0,0,98,466,22,432,147,113,102,1,8,7,12,3,0,0,0,0,0,0,3,11,0,31,2567,0,0,0,1,0,0,0,0,0,1,1180.0,1078,0,PhD,0.0738008721457958
38872.0,1,0,93,23,3,21,3,19,22,2,3,0,3,8,0,0,0,0,0,0,3,11,0,32,2554,0,1,0,0,0,0,0,1,0,0,69.0,47,0,Graduation,0.02698523310049031
51148.0,1,1,38,235,6,45,8,9,12,4,5,1,6,6,0,0,0,0,0,0,3,11,0,47,2655,0,1,0,0,0,0,0,1,0,0,303.0,291,0,Graduation,0.11591141113754833
31353.0,1,1,24,10,0,10,3,1,7,2,1,1,2,8,0,0,0,0,0,0,3,11,0,43,2341,0,1,0,0,0,0,0,1,0,0,24.0,17,0,Graduation,0.1354556443065092
69661.0,0,0,80,656,16,106,32,16,8,1,7,3,12,3,0,0,0,0,0,0,3,11,0,40,2206,0,1,0,0,0,0,0,0,1,0,826.0,818,0,Master,0.0529962685717861
80067.0,0,0,82,519,17,813,27,173,51,1,4,6,6,2,0,0,1,0,0,0,3,11,0,66,2442,0,1,0,0,0,0,0,1,0,0,1549.0,1498,1,Graduation,0.15178478420742414
86718.0,0,0,20,344,189,482,50,33,172,1,5,6,5,2,0,0,0,0,0,0,3,11,0,66,2687,0,1,0,0,0,0,0,1,0,0,1098.0,926,0,Graduation,0.22293924201353585
46854.0,1,1,81,96,1,79,7,1,79,6,5,1,3,8,1,0,0,0,0,0,3,11,1,47,2249,0,0,1,0,0,0,0,0,0,1,184.0,105,1,PhD,0.03742851786259804
69142.0,0,1,50,448,4,34,6,4,39,3,8,1,7,5,0,1,0,0,0,0,3,11,0,68,2159,1,0,0,0,0,0,0,1,0,0,496.0,457,1,Graduation,0.053651346868406884
75922.0,0,0,60,265,138,553,224,23,92,1,4,4,9,1,0,0,0,0,0,0,3,11,0,52,2361,0,0,1,0,0,0,0,1,0,0,1203.0,1111,0,Graduation,0.14524510282462133
63693.0,0,1,63,587,43,337,42,87,54,3,11,6,9,6,0,0,0,0,0,0,3,11,0,42,2417,1,0,0,0,0,0,0,1,0,0,1096.0,1042,0,Graduation,0.14198534224446438
40637.0,1,1,72,22,0,13,0,0,3,2,1,0,3,7,0,0,0,0,0,0,3,11,0,55,2506,0,0,1,0,0,0,0,0,0,1,35.0,32,0,PhD,0.038284438560876474
18890.0,0,0,5,6,4,1,7,2,15,1,0,1,2,6,1,0,0,0,0,0,3,11,1,36,2755,0,0,1,0,0,0,0,0,1,0,20.0,5,1,Master,0.1594121057786374
29604.0,1,0,88,7,6,13,7,6,14,1,1,0,3,9,1,0,0,0,0,0,3,11,0,32,2362,0,0,0,1,0,0,0,1,0,0,39.0,25,1,Graduation,0.03427063840977375
48721.0,1,1,50,81,18,113,47,13,21,6,4,2,5,6,0,0,0,0,0,0,3,11,0,57,2571,1,0,0,0,0,0,0,0,1,0,272.0,251,0,Master,0.08596294679940909
44794.0,0,1,99,54,0,7,0,0,4,1,2,0,3,6,0,0,0,0,0,0,3,11,0,54,2180,0,1,0,0,0,0,0,1,0,0,61.0,57,0,Graduation,0.011568343810582986
64497.0,0,1,17,1170,48,320,42,32,192,5,11,4,9,8,1,0,0,0,0,0,3,11,1,66,2816,1,0,0,0,0,0,0,1,0,0,1612.0,1420,1,Graduation,0.5787664373906796
46097.0,0,1,11,72,24,68,65,4,8,5,3,1,6,4,0,0,0,0,0,0,3,11,0,64,2614,0,0,0,1,0,0,0,1,0,0,233.0,225,0,Graduation,0.1213899560301502
77972.0,0,0,18,613,22,319,33,102,12,1,4,6,9,1,0,0,0,0,0,0,3,11,0,66,2262,0,0,0,1,0,0,0,1,0,0,1089.0,1077,0,Graduation,0.26048567035009706
44377.0,1,1,70,224,0,30,0,0,10,8,5,1,5,8,0,0,0,0,0,0,3,11,0,52,2791,0,1,0,0,0,0,0,0,0,1,254.0,244,0,PhD,0.05758323500645158
46014.0,1,1,21,410,0,59,19,9,44,10,7,1,8,7,0,0,0,0,0,0,3,11,0,46,2683,0,0,0,1,0,0,0,0,1,0,497.0,453,0,Master,0.24735843657884152
70951.0,0,0,66,239,10,554,254,87,54,1,3,4,9,1,0,0,0,0,0,0,3,11,0,35,2580,0,1,0,0,0,0,0,1,0,0,1144.0,1090,0,Graduation,0.12966143943943087
41443.0,1,0,79,171,7,171,25,19,89,6,8,1,5,8,0,0,0,0,0,0,3,11,0,43,2248,0,1,0,0,0,0,0,1,0,0,393.0,304,0,Graduation,0.06571097866872995
52195.0,2,1,2,12,0,4,0,0,1,1,1,0,2,8,0,0,0,0,0,0,3,11,0,42,2207,0,0,1,0,0,1,0,0,0,0,16.0,15,0,2n Cycle,0.22977637182799204
83790.0,0,0,81,1076,16,417,42,48,16,1,8,10,6,3,0,1,1,0,0,0,3,11,0,72,2385,0,1,0,0,0,0,0,0,1,0,1599.0,1583,2,Master,0.15691019281240384
44551.0,0,1,24,182,4,33,0,0,66,2,4,1,5,7,0,0,0,0,0,0,3,11,0,66,2461,0,0,0,0,1,0,0,0,1,0,219.0,153,0,Master,0.09100839692967239
69508.0,1,0,48,824,32,162,42,32,43,2,11,4,11,6,0,0,0,0,0,0,3,11,0,40,2751,0,0,0,1,0,0,0,1,0,0,1092.0,1049,0,Graduation,0.2655654943942404
45204.0,1,0,93,30,11,25,29,1,18,1,1,1,4,3,0,0,0,0,0,0,3,11,0,32,2238,0,0,0,1,0,1,0,0,0,0,96.0,78,0,2n Cycle,0.025180158435357192
72460.0,0,0,56,377,10,540,80,30,10,1,3,5,7,1,0,0,0,0,0,0,3,11,0,51,2386,0,1,0,0,0,0,0,1,0,0,1037.0,1027,0,Graduation,0.1254588902356662
77622.0,0,2,3,520,7,154,19,0,14,2,6,3,11,3,0,0,0,0,0,0,3,11,0,50,2235,0,0,0,1,0,0,0,0,0,1,700.0,686,0,PhD,0.19365194216475098
30732.0,1,0,44,155,1,25,0,1,3,4,4,1,4,8,0,0,0,0,0,0,3,11,0,40,2699,0,1,0,0,0,0,0,0,0,1,182.0,179,0,PhD,0.11877791731565479
63887.0,0,1,38,897,23,207,15,11,92,5,9,6,12,6,0,0,0,0,0,0,3,11,0,58,2818,1,0,0,0,0,0,0,1,0,0,1153.0,1061,0,Graduation,0.24852719240871707
42011.0,1,0,46,131,0,16,2,1,39,4,3,1,4,8,0,0,0,0,0,0,3,11,0,42,2619,0,0,0,1,0,0,0,1,0,0,150.0,111,0,Graduation,0.0872370884172936
51369.0,0,1,84,297,7,79,0,11,182,2,8,2,4,8,0,0,0,0,0,0,3,11,0,44,2771,0,0,0,1,0,0,0,1,0,0,394.0,212,0,Graduation,0.02909058148206684
51537.0,0,1,27,787,20,204,0,0,92,3,2,2,11,8,0,0,0,0,0,0,3,11,0,68,2726,1,0,0,0,0,0,0,1,0,0,1011.0,919,0,Graduation,0.2887154435926887
79930.0,0,0,72,792,86,740,67,51,17,1,3,5,8,2,0,0,0,0,0,0,3,11,0,48,2849,0,1,0,0,0,0,0,0,0,1,1736.0,1719,0,PhD,0.25915287747700777
34320.0,1,0,66,4,1,9,3,0,0,1,1,0,2,8,0,0,0,0,0,0,3,11,0,34,2292,0,0,0,1,0,0,0,0,0,1,17.0,17,0,PhD,0.05018239724815751
37070.0,1,1,30,231,7,137,4,15,39,9,5,1,8,7,0,0,0,0,0,0,3,11,1,54,2625,0,0,1,0,0,0,0,1,0,0,394.0,355,0,Graduation,0.20038911125830156
81975.0,0,1,2,983,76,184,180,138,27,1,6,3,4,7,0,0,1,0,0,0,3,11,0,58,2699,1,0,0,0,0,1,0,0,0,0,1561.0,1534,1,2n Cycle,0.5626400723544125
38590.0,1,0,65,3,1,8,4,3,3,1,1,0,2,8,0,0,0,0,0,0,3,11,0,49,2569,0,0,0,1,0,0,0,1,0,0,19.0,16,0,Graduation,0.04608520156813108
15033.0,0,0,37,0,4,5,6,0,4,1,1,0,3,3,0,0,0,0,0,0,3,11,0,69,2233,0,0,1,0,0,0,0,1,0,0,15.0,11,0,Graduation,0.07899891033265115
62745.0,0,1,89,562,21,464,28,10,32,3,7,8,11,5,0,0,0,0,0,0,3,11,0,55,2622,0,1,0,0,0,0,0,0,0,1,1085.0,1053,0,PhD,0.07792686840845255
22212.0,1,0,49,5,9,20,6,8,21,2,2,0,4,6,0,0,0,0,0,0,3,11,0,45,2361,0,1,0,0,0,1,0,0,0,0,48.0,27,0,2n Cycle,0.09605153172364585
23661.0,1,0,46,18,0,4,0,0,1,1,1,0,3,7,0,0,0,0,0,0,3,11,0,38,2366,0,0,0,1,0,0,0,0,1,0,22.0,21,0,Master,0.09668422193689079
79761.0,0,1,32,415,5,124,15,35,11,1,5,2,11,3,0,0,0,0,0,0,3,11,0,62,2427,0,0,1,0,0,0,0,0,0,1,594.0,583,0,PhD,0.08124540678135095
7500.0,1,0,54,5,3,10,12,7,20,4,3,1,3,7,0,0,0,0,0,0,3,11,0,47,2344,0,0,1,0,0,0,0,1,0,0,37.0,17,0,Graduation,0.10924070007880775
73455.0,0,0,98,901,61,757,186,163,20,1,6,5,10,3,0,1,0,0,0,0,3,11,0,52,2403,0,0,0,0,1,0,0,1,0,0,2068.0,2048,1,Graduation,0.29071032832558913
64961.0,0,1,97,382,114,276,75,124,38,2,6,4,4,3,0,0,0,0,0,0,3,11,0,62,2712,0,0,0,1,0,0,0,1,0,0,971.0,933,0,Graduation,0.049262292481270814
22804.0,1,0,75,14,1,7,2,1,1,1,2,0,2,9,0,0,0,0,0,0,3,11,0,49,2492,0,0,1,0,0,0,0,1,0,0,25.0,24,0,Graduation,0.049773608044135303
73687.0,0,0,8,559,153,503,218,13,181,1,3,9,9,2,0,0,0,1,0,0,3,11,1,30,2372,0,1,0,0,0,0,0,1,0,0,1446.0,1265,1,Graduation,0.524063082898453
61074.0,0,1,37,789,0,133,0,28,152,7,11,5,8,7,0,0,0,0,0,0,3,11,0,62,2840,0,1,0,0,0,0,0,1,0,0,950.0,798,0,Graduation,0.19013470917070496
31686.0,1,1,31,11,0,5,0,0,1,2,1,0,3,6,0,0,0,0,0,0,3,11,0,56,2183,0,1,0,0,0,0,0,0,0,1,16.0,15,0,PhD,0.11131140480261167
80134.0,1,0,40,1218,16,272,104,0,80,2,5,3,6,6,0,1,1,1,0,0,3,11,1,48,2564,0,1,0,0,0,0,0,1,0,0,1610.0,1530,3,Graduation,0.5019752188105703
75027.0,0,1,74,925,64,179,133,12,77,2,9,4,6,5,0,0,0,0,0,0,3,11,0,67,2695,0,1,0,0,0,0,0,1,0,0,1313.0,1236,0,Graduation,0.12926584561302906
67546.0,0,0,90,864,134,768,150,38,172,1,4,10,5,3,0,0,0,0,0,0,3,11,0,32,2826,0,1,0,0,0,0,0,0,0,1,1954.0,1782,0,PhD,0.3173406468481015
65176.0,0,1,57,960,28,183,220,70,70,4,9,6,6,6,0,0,0,0,0,0,3,11,0,51,2767,0,0,0,1,0,0,0,0,1,0,1461.0,1391,0,Master,0.2778124500692419
31160.0,1,0,59,16,3,25,6,1,13,2,2,0,3,8,0,0,0,0,0,0,3,11,0,45,2445,0,0,1,0,0,0,0,0,1,0,51.0,38,0,Master,0.06536402375510511
29938.0,1,0,52,3,3,7,0,2,11,2,1,0,3,6,0,0,0,0,0,0,3,11,0,35,2404,0,0,1,0,0,0,0,1,0,0,15.0,4,0,Graduation,0.07480889215250533
26490.0,0,0,92,45,47,52,21,20,25,2,3,1,5,6,0,0,0,0,0,0,3,11,0,62,2804,0,0,0,1,0,1,0,0,0,0,185.0,160,0,2n Cycle,0.024718722551620245
75702.0,1,1,77,650,28,353,45,42,30,5,4,6,11,8,0,0,0,0,0,0,3,11,0,53,2828,0,0,0,1,0,0,0,1,0,0,1118.0,1088,0,Graduation,0.13825895435880536
30899.0,1,0,35,24,0,8,0,0,1,2,1,0,3,6,0,0,0,0,0,0,3,11,0,46,2783,0,0,1,0,0,0,0,0,0,1,32.0,31,0,PhD,0.10856865360148435
63342.0,0,1,48,918,21,118,13,10,21,3,8,3,5,6,0,1,0,0,0,0,3,11,0,59,2780,0,0,0,1,0,0,0,0,0,1,1080.0,1059,1,PhD,0.18348046568281232
45989.0,0,1,97,138,33,87,28,24,12,4,3,2,7,3,0,0,0,0,0,0,3,11,0,56,2774,0,0,1,0,0,0,0,1,0,0,310.0,298,0,Graduation,0.019485350559247022
18701.0,1,1,95,12,4,2,10,6,10,4,2,0,4,5,0,0,0,0,0,0,3,11,0,56,2549,0,0,1,0,0,0,0,1,0,0,34.0,24,0,Graduation,0.03368010457589251
40737.0,2,1,24,11,0,4,0,0,2,1,1,0,2,8,0,0,0,0,0,0,3,11,0,63,2362,0,0,1,0,0,0,0,0,0,1,15.0,13,0,PhD,0.1721006402128861
15287.0,1,0,60,1,2,8,4,3,13,2,1,1,2,7,1,0,0,0,0,0,3,11,1,41,2786,1,0,0,0,0,0,0,1,0,0,18.0,5,1,Graduation,0.08114016365060824
69674.0,0,2,46,554,41,215,11,0,24,3,10,2,10,5,0,0,0,0,0,0,3,11,0,52,2562,1,0,0,0,0,0,0,0,0,1,821.0,797,0,PhD,0.11072116996706821
44159.0,1,0,85,167,2,62,24,13,7,4,4,1,6,5,0,0,0,0,0,0,3,11,0,50,2171,0,1,0,0,0,0,0,0,1,0,268.0,261,0,Master,0.04200868514928278
37717.0,1,0,31,9,0,6,4,1,5,1,1,0,2,9,0,0,0,0,0,0,3,11,0,42,2742,0,1,0,0,0,0,0,0,0,1,20.0,15,0,PhD,0.10352839732813658
43776.0,1,1,9,177,2,71,3,2,20,6,5,2,4,8,0,0,0,0,0,0,3,11,1,68,2670,0,0,0,1,0,0,0,0,1,0,255.0,235,0,Master,0.21156825841286997
38179.0,1,1,30,38,4,22,4,2,20,4,3,1,3,7,0,0,0,0,0,0,3,11,0,54,2631,0,1,0,0,0,0,0,0,1,0,70.0,50,0,Master,0.1122894262023633
80124.0,0,0,47,483,84,398,205,84,241,1,3,7,8,1,1,0,0,0,0,0,3,11,0,57,2162,0,1,0,0,0,0,0,1,0,0,1254.0,1013,1,Graduation,0.19105718465057533
38097.0,1,1,70,77,2,35,0,1,69,4,3,2,2,7,1,0,0,0,0,0,3,11,1,50,2781,0,1,0,0,0,0,0,0,0,1,115.0,46,1,PhD,0.04976209541537363
72940.0,0,0,13,182,74,298,162,149,116,1,3,3,6,1,0,0,0,0,0,0,3,11,0,50,2534,0,1,0,0,0,0,0,1,0,0,865.0,749,0,Graduation,0.2240433111509346
22070.0,1,0,11,10,7,19,8,2,21,2,2,2,2,6,0,0,0,0,0,0,3,11,0,50,2427,0,0,0,1,0,0,0,1,0,0,46.0,25,0,Graduation,0.21096140302137256
69267.0,0,0,31,778,44,499,95,73,146,2,3,4,5,7,0,0,0,0,0,0,3,11,1,67,2804,0,0,1,0,0,0,0,1,0,0,1489.0,1343,0,Graduation,0.4072811106091861
31788.0,1,0,15,16,7,23,0,8,6,3,3,0,4,5,0,0,0,0,0,1,3,11,0,37,2260,0,0,1,0,0,0,0,0,1,0,54.0,48,0,Master,0.17274460111369178
61905.0,0,1,2,167,0,43,6,2,13,2,4,2,4,5,0,0,0,0,0,0,3,11,0,45,2304,0,0,0,1,0,0,0,0,0,1,218.0,205,0,PhD,0.11286958529700461
29315.0,1,1,55,13,2,14,8,7,4,4,2,0,4,6,0,0,0,0,0,0,3,11,0,60,2243,0,1,0,0,0,0,0,1,0,0,44.0,40,0,Graduation,0.07094070575713192
33378.0,1,1,38,33,6,40,3,7,10,3,2,0,4,7,0,0,0,0,0,0,3,11,0,57,2667,1,0,0,0,0,0,0,1,0,0,89.0,79,0,Graduation,0.10559732167584797
66313.0,0,1,86,625,7,99,10,22,7,2,6,3,12,4,0,0,0,0,0,0,3,11,0,57,2445,0,0,0,1,0,0,0,0,0,1,763.0,756,0,PhD,0.041883477091914846
60714.0,0,0,56,216,162,224,101,92,162,2,7,4,10,5,0,0,0,0,0,0,3,11,1,64,2687,0,0,1,0,0,0,0,1,0,0,795.0,633,0,Graduation,0.09705547968713221
77882.0,0,0,29,68,129,396,188,22,15,1,3,3,5,1,0,0,0,0,0,0,3,11,0,39,2219,0,0,0,1,0,0,0,0,1,0,803.0,788,0,Master,0.13742710514488257
69867.0,0,0,30,196,0,512,33,130,54,1,3,5,8,1,0,0,0,1,0,0,3,11,1,34,2612,0,0,1,0,0,0,0,0,0,1,871.0,817,1,PhD,0.17482736529532625
63841.0,0,1,64,635,15,100,20,7,131,1,9,3,9,6,0,0,0,0,0,0,3,11,0,52,2593,1,0,0,0,0,0,0,0,1,0,777.0,646,0,Master,0.07586714693539315
24480.0,1,0,46,4,19,9,28,25,17,3,3,0,4,7,0,0,0,0,0,0,3,11,0,39,2662,0,1,0,0,0,0,1,0,0,0,85.0,68,0,Basic,0.10673755344826216
51369.0,0,1,84,297,7,79,0,11,182,2,8,2,4,8,0,0,0,0,0,0,3,11,0,44,2771,0,0,0,1,0,0,0,1,0,0,394.0,212,0,Graduation,0.02909058148206684
37760.0,0,0,20,84,5,38,150,12,28,2,4,1,6,7,0,0,0,0,0,0,3,11,0,74,2826,0,0,0,1,0,0,0,1,0,0,289.0,261,0,Graduation,0.12539747121513176
65640.0,0,1,74,204,7,149,20,15,66,1,5,1,8,2,0,0,0,0,0,0,3,11,0,46,2279,0,0,0,1,0,0,0,0,0,1,395.0,329,0,PhD,0.027960619661193772
44319.0,1,1,18,26,0,8,0,0,3,2,2,0,3,5,0,0,0,0,0,0,3,11,0,45,2232,0,1,0,0,0,0,0,0,1,0,34.0,31,0,Master,0.124731123014607
30631.0,1,0,75,15,6,20,4,5,20,1,3,1,2,7,0,0,0,0,0,0,3,11,0,46,2511,0,1,0,0,0,0,0,1,0,0,50.0,30,0,Graduation,0.04532219511406862
75278.0,0,0,17,304,98,230,150,74,74,1,6,3,13,3,0,0,0,0,0,0,3,11,0,68,2675,0,0,0,1,0,0,0,1,0,0,856.0,782,0,Graduation,0.19072248747588694
50898.0,1,1,88,285,28,242,55,114,135,13,6,2,12,5,0,0,0,0,0,0,3,11,0,64,2696,0,0,0,1,0,0,0,0,1,0,724.0,589,0,Master,0.08055541461280538
79946.0,0,0,19,395,183,565,166,141,28,1,5,11,5,3,0,0,0,0,0,0,3,11,0,54,2207,0,0,0,0,1,0,0,1,0,0,1450.0,1422,0,Graduation,0.41488362699789494
35416.0,0,0,62,248,3,81,4,3,51,3,7,1,5,8,0,0,0,0,0,0,3,11,0,71,2540,1,0,0,0,0,0,0,0,1,0,339.0,288,0,Master,0.056237599382319405
32414.0,0,0,11,20,6,5,0,9,12,1,1,0,3,7,1,0,0,0,0,0,3,11,0,36,2519,0,0,0,1,0,1,0,0,0,0,40.0,28,1,2n Cycle,0.11516996917794017
38361.0,1,0,74,39,0,56,20,8,14,3,3,1,3,7,0,0,0,0,0,0,3,11,0,51,2343,0,0,0,1,0,0,0,1,0,0,123.0,109,0,Graduation,0.04569424238533889
82497.0,0,0,32,777,129,573,216,21,203,1,2,7,9,4,0,0,1,0,0,0,3,11,0,40,2765,0,1,0,0,0,0,0,1,0,0,1716.0,1513,1,Graduation,0.4649252964709615
16626.0,2,0,76,8,3,22,21,1,13,3,3,0,3,9,0,0,0,0,0,0,3,11,0,49,2324,0,0,0,1,0,0,0,1,0,0,55.0,42,0,Graduation,0.094733247301854
29672.0,1,1,6,9,1,3,0,4,8,1,0,0,3,6,0,0,0,0,0,0,3,11,0,55,2633,0,0,0,1,0,0,0,1,0,0,17.0,9,0,Graduation,0.1949940713258555
55951.0,0,1,62,1241,0,80,0,13,40,3,3,6,11,8,0,1,0,0,1,0,3,11,0,68,2834,0,0,0,1,0,0,0,0,1,0,1334.0,1294,2,Master,0.2330327936601518
35388.0,1,0,20,6,4,7,4,3,8,1,1,0,3,7,0,0,0,0,0,0,3,11,0,32,2638,1,0,0,0,0,1,0,0,0,0,24.0,16,0,2n Cycle,0.14047731043295597
42386.0,1,0,43,65,4,16,0,4,11,1,3,0,3,8,0,0,0,0,0,0,3,11,0,34,2691,0,0,0,1,0,0,0,0,1,0,89.0,78,0,Master,0.0840586442879575
68627.0,0,0,45,395,15,263,60,54,38,1,2,3,6,1,0,0,0,0,0,0,3,11,0,38,2692,0,0,1,0,0,0,0,1,0,0,787.0,749,0,Graduation,0.11140199196121335
57912.0,0,1,34,801,0,80,0,0,35,5,8,3,12,5,0,1,0,0,0,0,3,11,0,55,2263,1,0,0,0,0,0,0,0,0,1,881.0,846,1,PhD,0.19189248792556482
35246.0,1,1,53,36,0,12,2,2,10,4,3,1,3,5,0,0,0,0,0,0,3,11,0,62,2233,1,0,0,0,0,0,0,1,0,0,52.0,42,0,Graduation,0.06726920154411595
58821.0,0,1,44,513,14,154,19,0,28,1,9,2,9,6,0,0,0,0,0,0,3,11,0,64,2419,0,0,0,1,0,1,0,0,0,0,700.0,672,0,2n Cycle,0.1099392658883431
46377.0,1,0,89,37,0,46,4,3,0,1,2,1,3,4,0,0,0,0,0,0,3,11,0,42,2279,0,1,0,0,0,0,0,0,0,1,90.0,90,0,PhD,0.02620015150139342
39747.0,1,0,43,80,15,93,20,13,52,3,5,1,4,8,0,0,0,0,0,0,3,11,0,32,2236,0,0,1,0,0,0,0,1,0,0,221.0,169,0,Graduation,0.11285674342011105
23976.0,1,0,68,14,1,21,2,3,25,3,3,1,3,7,0,0,0,0,0,0,3,11,0,36,2343,0,0,0,1,0,0,0,1,0,0,41.0,16,0,Graduation,0.060709589890195065
80950.0,0,0,44,525,147,112,219,147,63,1,6,7,9,2,0,0,0,1,0,0,3,11,0,59,2617,0,1,0,0,0,0,0,0,1,0,1150.0,1087,1,Master,0.16762215779174902
27038.0,0,0,64,1,26,25,17,23,15,1,3,0,3,9,0,0,0,0,0,0,3,11,1,54,2808,0,0,0,0,1,0,0,1,0,0,92.0,77,0,Graduation,0.04033346858006806
77457.0,0,0,85,675,11,400,15,45,11,1,2,5,10,1,0,0,1,0,0,0,3,11,0,73,2275,0,0,1,0,0,0,0,1,0,0,1146.0,1135,1,Graduation,0.07038471184517071
64100.0,0,1,93,509,0,27,0,0,10,1,8,3,6,7,0,1,0,0,0,0,3,11,0,56,2451,0,1,0,0,0,0,0,0,1,0,536.0,526,1,Master,0.023671512369693552
42670.0,0,0,12,154,2,46,20,4,15,1,4,2,4,4,0,0,0,0,0,0,3,11,0,28,2587,0,0,0,1,0,0,0,0,1,0,226.0,211,0,Master,0.1334722686530318
12571.0,1,0,86,3,5,14,2,12,17,4,3,1,3,6,0,0,0,0,0,0,3,11,0,44,2321,1,0,0,0,0,0,0,1,0,0,36.0,19,0,Graduation,0.04822646682801482
22574.0,2,1,28,25,0,8,2,0,2,2,2,0,3,7,0,0,0,0,0,0,3,11,0,53,2403,0,1,0,0,0,0,0,1,0,0,35.0,33,0,Graduation,0.2236870346201129
70893.0,0,0,42,768,44,561,77,44,14,1,6,6,10,3,0,0,0,0,0,0,3,11,0,44,2667,0,0,1,0,0,0,0,0,1,0,1494.0,1480,0,Master,0.35037175967634054
54198.0,1,1,13,185,0,28,3,2,17,6,3,1,6,4,0,0,0,0,0,0,3,11,0,54,2353,0,1,0,0,0,0,0,1,0,0,218.0,201,0,Graduation,0.15890800425111426
28839.0,1,1,86,24,0,7,0,0,1,2,2,0,3,5,0,0,0,0,0,0,3,11,0,64,2269,0,0,0,1,0,0,0,0,1,0,31.0,30,0,Master,0.033537577688678676
40321.0,1,1,59,44,4,21,6,0,27,2,3,0,3,7,0,0,0,0,0,0,3,11,0,48,2494,0,1,0,0,0,0,0,1,0,0,75.0,48,0,Graduation,0.05730255758255621
66503.0,1,0,30,91,64,128,65,3,50,2,4,3,6,3,0,0,0,0,0,0,3,11,0,35,2843,0,0,1,0,0,0,0,1,0,0,351.0,301,0,Graduation,0.11748009184735708
30833.0,1,1,33,11,0,7,3,1,6,2,1,0,3,5,0,0,0,0,0,0,3,11,0,69,2507,0,1,0,0,0,0,0,1,0,0,22.0,16,0,Graduation,0.10659393440358794
64795.0,0,1,23,412,5,119,38,29,77,3,3,3,12,2,0,0,0,0,0,0,3,11,0,49,2687,0,1,0,0,0,0,0,1,0,0,603.0,526,0,Graduation,0.1348493381187041
34421.0,1,0,81,3,3,7,6,2,9,1,1,0,2,7,0,0,0,0,0,0,3,11,0,46,2522,0,1,0,0,0,0,0,1,0,0,21.0,12,0,Graduation,0.03455700565675607
47025.0,1,1,6,16,0,3,0,0,1,1,1,0,2,7,0,0,0,0,0,0,3,11,0,55,2299,1,0,0,0,0,0,0,0,0,1,19.0,18,0,PhD,0.1468272750770575
64325.0,0,1,41,731,60,353,78,12,73,5,10,3,5,7,0,0,0,0,0,0,3,11,0,59,2666,1,0,0,0,0,0,0,0,0,1,1234.0,1161,0,PhD,0.2638923116398263
40464.0,0,1,78,424,17,118,7,23,41,6,8,2,8,8,0,0,0,0,0,0,3,11,0,67,2693,0,0,1,0,0,0,0,1,0,0,589.0,548,0,Graduation,0.05757858280765379
62187.0,0,0,49,792,0,275,45,45,126,1,4,8,5,3,0,0,0,0,0,0,3,11,0,63,2518,0,1,0,0,0,0,0,1,0,0,1157.0,1031,0,Graduation,0.2065075181190391
14849.0,1,0,39,21,2,28,3,2,9,3,2,0,4,8,0,0,0,0,0,0,3,11,0,44,2521,1,0,0,0,0,0,0,0,0,1,56.0,47,0,PhD,0.1381763546292926
27255.0,1,0,3,22,1,11,0,1,2,1,1,0,3,7,0,0,0,0,0,0,3,11,0,36,2393,0,1,0,0,0,0,0,1,0,0,35.0,33,0,Graduation,0.22841805873545618
54432.0,2,1,37,33,0,5,0,0,0,1,1,0,3,4,0,0,0,0,0,0,3,11,0,70,2575,0,1,0,0,0,0,0,0,0,1,38.0,38,0,PhD,0.10601238831529429
29999.0,1,0,22,68,7,59,10,5,11,4,3,1,4,8,0,0,0,0,0,0,3,11,0,34,2660,0,0,1,0,0,0,0,0,0,1,149.0,138,0,PhD,0.18208545679939
24072.0,1,0,79,9,1,6,3,0,4,1,1,0,2,8,0,0,0,0,0,0,3,11,0,37,2598,0,0,1,0,0,0,0,1,0,0,19.0,15,0,Graduation,0.044842235802200134
33996.0,0,0,46,40,2,15,8,0,6,1,1,1,3,4,0,0,0,0,0,0,3,11,0,31,2450,0,0,1,0,0,0,0,0,0,1,65.0,59,0,PhD,0.05367411255305712
66334.0,0,1,82,909,11,218,0,0,23,2,9,3,5,5,0,0,0,0,0,0,3,11,1,64,2611,0,1,0,0,0,0,0,0,0,1,1138.0,1115,0,PhD,0.09264477504508994
35178.0,1,0,10,23,1,13,2,2,18,1,1,1,2,7,1,0,0,0,0,0,3,11,1,49,2694,0,1,0,0,0,0,0,0,1,0,41.0,23,1,Master,0.1730976045893976
22010.0,1,0,51,11,2,9,3,0,8,2,2,0,3,8,0,0,0,0,0,0,3,11,0,37,2523,0,0,0,1,0,0,0,1,0,0,25.0,17,0,Graduation,0.08977290482424063
62204.0,0,2,38,317,46,247,151,46,139,1,4,5,12,3,0,0,0,0,0,0,3,11,0,60,2814,1,0,0,0,0,0,0,1,0,0,807.0,668,0,Graduation,0.14382719615069145
75693.0,0,0,10,797,153,293,72,97,30,1,11,4,6,4,0,1,1,1,0,0,3,11,1,52,2729,1,0,0,0,0,0,0,1,0,0,1412.0,1382,3,Graduation,0.47233545832824575
30675.0,1,0,14,10,2,16,11,2,21,1,1,0,3,8,0,0,0,0,0,0,3,11,0,48,2753,0,1,0,0,0,0,0,1,0,0,41.0,20,0,Graduation,0.17217513925326625
83003.0,0,0,18,856,61,570,40,25,122,1,7,6,8,3,0,0,1,0,0,0,3,11,1,55,2642,0,0,0,1,0,0,0,1,0,0,1552.0,1430,1,Graduation,0.4565926978860014
68655.0,0,0,95,456,19,832,75,118,38,1,4,5,11,3,0,0,0,0,0,0,3,11,0,32,2847,0,0,1,0,0,0,0,1,0,0,1500.0,1462,0,Graduation,0.13726364689455736
41411.0,0,0,11,37,32,38,11,3,18,1,2,1,4,6,0,0,0,0,0,0,3,11,0,34,2363,1,0,0,0,0,0,0,1,0,0,121.0,103,0,Graduation,0.11420160277870228
55212.0,0,1,65,1103,0,45,0,0,34,3,4,2,11,8,0,1,0,0,1,0,3,11,0,51,2742,0,1,0,0,0,0,0,0,0,1,1148.0,1114,2,PhD,0.16900444476530627
59292.0,0,1,71,378,14,68,19,14,14,2,3,5,8,3,0,0,0,0,0,0,3,11,0,70,2540,0,0,0,1,0,0,0,0,0,1,493.0,479,0,PhD,0.03912770448935102
27190.0,1,0,13,1,6,7,0,1,3,1,1,0,2,8,1,0,0,0,0,0,3,11,1,47,2477,0,0,0,1,0,0,1,0,0,0,15.0,12,1,Basic,0.1784180058335099
82623.0,0,0,58,204,34,204,172,153,173,1,2,9,4,1,0,0,0,0,0,0,3,11,0,68,2390,1,0,0,0,0,0,0,1,0,0,767.0,594,0,Graduation,0.0582879468065274
44300.0,1,1,65,30,0,9,0,0,3,2,1,0,3,6,0,0,0,0,0,0,3,11,0,55,2530,0,1,0,0,0,0,0,1,0,0,39.0,36,0,Graduation,0.04244052000110197
84835.0,0,0,0,189,104,379,111,189,218,1,4,4,6,1,0,0,0,0,0,0,3,11,1,50,2172,1,0,0,0,0,0,0,1,0,0,972.0,754,0,Graduation,0.28069762422302097
30372.0,1,1,33,15,0,12,7,3,7,3,2,0,3,7,0,0,0,0,0,0,3,11,0,49,2710,0,0,0,0,1,0,0,1,0,0,37.0,30,0,Graduation,0.11485008296526497
33181.0,1,0,90,9,0,3,0,0,4,1,1,0,2,6,1,0,0,0,0,0,3,11,0,44,2336,0,1,0,0,0,0,0,0,1,0,12.0,8,1,Master,0.028176619446565063
71113.0,0,1,95,495,33,255,11,33,8,4,6,7,9,4,0,0,0,0,0,0,3,11,0,63,2353,0,1,0,0,0,0,0,1,0,0,827.0,819,0,Graduation,0.034564725986508796
71952.0,1,0,93,656,80,455,52,107,93,2,8,4,8,4,1,0,1,0,0,0,3,11,0,34,2694,0,1,0,0,0,0,0,1,0,0,1350.0,1257,2,Graduation,0.16339674400856818
69759.0,0,0,38,452,20,514,13,30,0,3,4,6,5,3,0,0,0,0,0,0,3,11,1,54,2403,0,0,1,0,0,0,0,0,0,1,1029.0,1029,0,PhD,0.18725850529559604
72099.0,0,0,18,546,91,410,119,0,22,1,3,4,10,1,0,0,0,0,0,0,3,11,0,46,2769,0,1,0,0,0,0,0,1,0,0,1166.0,1144,0,Graduation,0.32627573130527493
60000.0,0,1,57,1048,0,217,0,0,12,5,11,3,5,6,0,0,0,0,0,0,3,11,0,44,2713,0,0,1,0,0,0,0,0,0,1,1265.0,1253,0,PhD,0.2249650179830955
38643.0,1,1,45,22,2,14,0,1,10,2,2,0,3,7,0,0,0,0,0,1,3,11,0,42,2371,0,0,1,0,0,0,0,1,0,0,39.0,29,0,Graduation,0.07707549354984933
50737.0,0,1,61,78,0,11,0,0,10,1,2,0,4,6,0,1,0,0,0,0,3,11,0,65,2573,0,1,0,0,0,0,0,1,0,0,89.0,79,1,Graduation,0.02663956447830499
68462.0,0,0,6,561,64,785,84,128,48,1,3,3,8,1,0,0,0,0,0,0,3,11,0,51,2723,0,1,0,0,0,0,0,0,0,1,1622.0,1574,0,PhD,0.6371017709739133
65073.0,0,0,65,629,17,177,69,0,8,1,5,3,5,2,0,0,0,0,0,1,3,11,0,77,2472,0,1,0,0,0,0,0,0,1,0,892.0,884,0,Master,0.08554439035346685
46681.0,0,2,52,269,15,69,15,19,38,2,4,6,4,5,0,0,0,0,0,0,3,11,0,72,2423,0,0,0,1,0,0,0,0,0,1,387.0,349,0,PhD,0.0627981325438175
78618.0,0,0,87,736,163,818,212,163,61,1,4,7,10,2,0,1,0,0,0,0,3,11,0,63,2798,0,1,0,0,0,0,0,1,0,0,2092.0,2031,1,Graduation,0.3319407034591022
62187.0,0,1,38,512,0,83,0,0,41,3,6,2,10,4,0,0,0,0,0,0,3,11,0,51,2258,0,0,0,0,1,0,0,0,0,1,595.0,554,0,PhD,0.10005742117979552
28442.0,2,0,53,19,3,10,11,8,6,3,2,1,4,4,0,0,0,0,0,0,3,11,0,42,2284,0,1,0,0,0,0,0,1,0,0,51.0,45,0,Graduation,0.12791581439071564
37717.0,1,0,31,9,0,6,4,1,5,1,1,0,2,9,0,0,0,0,0,0,3,11,0,42,2742,0,1,0,0,0,0,0,0,0,1,20.0,15,0,PhD,0.10352839732813658
51479.0,1,1,67,247,8,160,6,8,65,7,6,3,6,7,0,0,0,0,0,0,3,11,0,53,2707,0,1,0,0,0,0,0,1,0,0,429.0,364,0,Graduation,0.07531123957554955
54803.0,0,1,65,404,0,92,28,27,142,2,6,2,9,4,0,0,0,0,0,0,3,11,0,51,2836,0,0,1,0,0,0,0,1,0,0,551.0,409,0,Graduation,0.0571300852295288
79530.0,0,0,64,333,0,815,129,42,29,1,4,10,11,2,0,0,0,0,0,0,3,11,0,60,2567,0,1,0,0,0,0,0,1,0,0,1319.0,1290,0,Graduation,0.1514215843839375
31615.0,1,0,82,2,3,20,6,11,9,2,2,0,3,7,0,0,0,0,0,0,3,11,0,44,2629,1,0,0,0,0,0,0,1,0,0,42.0,33,0,Graduation,0.03727801807250045
72025.0,0,0,27,833,33,549,151,133,233,1,4,3,8,3,0,0,0,0,0,0,3,11,0,58,2748,0,0,0,1,0,0,0,1,0,0,1699.0,1466,0,Graduation,0.5291845464099046
52614.0,0,1,63,789,0,142,12,9,38,2,2,4,8,8,0,0,0,0,0,0,3,11,0,45,2734,0,0,1,0,0,0,0,0,0,1,952.0,914,0,PhD,0.132537705125153
35684.0,1,0,66,10,4,7,0,6,3,1,1,0,3,6,0,0,0,0,0,0,3,11,0,36,2227,0,1,0,0,0,1,0,0,0,0,27.0,24,0,2n Cycle,0.049652348576386666
48178.0,1,1,69,159,4,45,6,2,38,6,5,1,4,8,0,0,0,0,0,0,3,11,0,45,2768,0,1,0,0,0,0,0,1,0,0,216.0,178,0,Graduation,0.051732545462940926
29548.0,1,0,52,7,1,6,3,1,11,1,1,1,2,4,1,0,0,0,0,0,3,11,0,50,2463,0,0,1,0,0,0,0,0,1,0,18.0,7,1,Master,0.07349423210765563
63810.0,0,1,45,977,12,253,16,12,101,4,4,3,12,8,0,1,0,0,0,0,3,11,0,54,2754,0,0,1,0,0,0,0,1,0,0,1270.0,1169,1,Graduation,0.26318780518727986
38578.0,1,1,2,38,4,22,3,3,3,3,3,0,3,8,0,0,0,0,0,0,3,11,1,48,2531,0,0,1,0,0,0,0,0,0,1,70.0,67,0,PhD,0.20208084057772815
46098.0,1,1,86,57,0,27,0,0,36,4,3,2,2,8,0,0,0,0,0,0,3,11,0,45,2839,0,0,1,0,0,0,0,0,1,0,84.0,48,0,Master,0.027789241304295324
22585.0,0,0,23,3,9,15,13,2,39,1,1,1,2,9,1,0,0,0,0,0,3,11,1,50,2627,0,0,1,0,0,0,0,1,0,0,42.0,3,1,Graduation,0.10292952118572568
30279.0,1,0,13,10,4,14,4,4,1,1,1,0,3,8,0,0,0,0,0,0,3,11,0,31,2705,0,0,1,0,0,0,0,1,0,0,36.0,35,0,Graduation,0.18085828446809238
66426.0,0,1,14,1043,24,97,32,24,157,2,3,5,10,6,0,0,0,0,0,0,3,11,0,59,2429,0,0,0,1,0,0,0,0,0,1,1220.0,1063,0,PhD,0.3936610520414735
30822.0,1,0,92,3,9,13,2,12,12,1,1,0,3,7,0,0,0,0,0,0,3,11,0,51,2539,0,0,1,0,0,0,0,1,0,0,39.0,27,0,Graduation,0.029222458613484686
33581.0,2,0,38,11,0,5,0,0,1,1,1,0,2,8,0,0,0,0,0,0,3,11,0,51,2696,0,1,0,0,0,0,0,0,0,1,16.0,15,0,PhD,0.14878463433131175
19986.0,1,0,74,3,6,5,0,2,6,1,0,0,3,7,0,0,0,0,0,0,3,11,0,35,2386,0,1,0,0,0,0,0,1,0,0,16.0,10,0,Graduation,0.05437365116680789
27421.0,0,0,14,43,12,96,78,40,55,3,4,1,6,7,0,0,0,0,0,0,3,11,0,66,2723,0,0,0,0,1,0,0,1,0,0,269.0,214,0,Graduation,0.16634364855349648
35688.0,2,1,94,73,3,90,12,1,32,7,4,1,4,8,0,0,0,0,0,0,3,11,0,47,2835,0,1,0,0,0,1,0,0,0,0,179.0,147,0,2n Cycle,0.05612391168783483
36143.0,1,0,33,12,0,1,0,0,6,1,0,1,2,3,0,0,0,0,0,0,3,11,0,39,2250,0,0,1,0,0,0,0,0,1,0,13.0,7,0,Master,0.10118376106019966
10245.0,1,0,32,4,7,7,6,4,13,3,1,2,2,5,0,0,0,0,0,0,3,11,0,49,2569,0,0,1,0,0,0,0,1,0,0,28.0,15,0,Graduation,0.163187959892752
43795.0,0,1,11,314,11,53,4,3,107,3,7,3,4,7,0,1,0,0,0,0,3,11,1,52,2415,0,0,0,1,0,0,0,0,1,0,385.0,278,1,Master,0.16845345070267417
63381.0,0,1,78,571,50,142,33,50,159,4,4,5,13,2,0,0,0,0,0,0,3,11,0,60,2791,0,0,0,1,0,0,0,1,0,0,846.0,687,0,Graduation,0.06227399115644284
38823.0,0,1,56,70,0,11,2,8,23,1,2,1,3,6,0,0,0,0,0,0,3,11,0,71,2827,0,0,0,1,0,0,0,1,0,0,91.0,68,0,Graduation,0.03743574297510913
83664.0,1,1,57,866,21,151,28,21,86,3,2,2,12,5,0,0,0,0,0,0,3,11,0,52,2576,1,0,0,0,0,0,0,0,0,1,1087.0,1001,0,PhD,0.17400263390541093
90300.0,0,0,7,594,134,786,33,134,57,0,5,6,8,1,0,0,1,0,0,0,3,11,0,41,2336,0,0,0,1,0,0,0,1,0,0,1681.0,1624,1,Graduation,0.5610437656255601
62499.0,1,0,0,140,4,61,0,13,4,2,3,1,6,4,0,0,0,0,0,0,3,11,0,41,2361,0,0,0,1,0,0,0,0,1,0,218.0,214,0,Master,0.18492538142241519
74293.0,0,0,66,375,152,335,93,91,81,1,5,4,6,2,0,0,0,0,0,0,3,11,0,27,2215,0,0,1,0,0,0,0,1,0,0,1046.0,965,0,Graduation,0.10404567562850275
51012.0,0,0,86,102,9,63,2,9,24,1,4,1,4,6,0,0,0,0,0,0,3,11,0,74,2596,0,1,0,0,0,0,0,0,0,1,185.0,161,0,PhD,0.01724591988287466
70777.0,0,1,80,554,35,113,0,7,78,3,5,3,12,3,0,0,0,0,0,0,3,11,0,52,2283,0,1,0,0,0,0,0,0,1,0,709.0,631,0,Master,0.04028424218189358
68682.0,0,0,56,919,0,505,99,30,45,1,4,9,10,2,0,0,0,0,0,0,3,11,0,29,2425,0,0,0,1,0,0,0,0,0,1,1553.0,1508,0,PhD,0.3177162786215576
43824.0,1,1,18,96,1,42,12,3,32,4,3,1,4,8,0,0,0,0,0,0,3,11,0,49,2811,0,1,0,0,0,0,0,1,0,0,154.0,122,0,Graduation,0.1541675243201745
15345.0,1,0,51,5,2,16,3,2,19,2,1,1,2,8,0,0,0,0,0,0,3,11,1,36,2826,0,0,0,1,0,0,0,1,0,0,28.0,9,0,Graduation,0.10199755312160266
23442.0,1,0,71,2,0,6,8,6,5,1,1,0,3,7,0,0,0,0,0,0,3,11,0,33,2711,0,0,1,0,0,0,0,1,0,0,22.0,17,0,Graduation,0.05549421986301174
14515.0,1,0,71,6,4,9,6,36,35,4,2,2,3,7,0,0,0,0,0,0,3,11,1,40,2756,0,0,0,1,0,1,0,0,0,0,61.0,26,0,2n Cycle,0.06964067826019472
31395.0,1,1,80,23,1,25,0,8,7,4,2,1,3,6,0,0,0,0,0,0,3,11,0,64,2622,1,0,0,0,0,1,0,0,0,0,57.0,50,0,2n Cycle,0.03874637971043879
75276.0,0,0,2,610,105,125,137,42,21,1,9,4,9,5,0,0,0,0,0,0,3,11,0,55,2799,0,0,0,1,0,0,0,1,0,0,1019.0,998,0,Graduation,0.32855807038483614
42373.0,1,1,83,67,5,61,3,8,19,5,2,1,5,5,0,0,0,0,0,0,3,11,0,46,2477,0,0,1,0,0,0,0,1,0,0,144.0,125,0,Graduation,0.03603586784278421
30507.0,0,0,29,65,36,74,38,20,110,1,5,1,4,7,0,0,0,0,0,0,3,11,0,60,2634,0,0,0,1,0,0,0,1,0,0,233.0,123,0,Graduation,0.10883882431242198
55521.0,1,2,11,416,0,26,0,0,4,9,6,3,6,7,0,1,0,0,0,0,3,11,1,65,2409,0,0,1,0,0,0,0,0,0,1,442.0,438,1,PhD,0.2296349624435684
48006.0,1,1,55,23,0,11,3,2,2,1,1,0,3,6,0,0,0,0,0,0,3,11,0,55,2179,0,1,0,0,0,0,0,1,0,0,39.0,37,0,Graduation,0.05001604929643015
27213.0,1,0,19,19,3,26,10,9,3,3,2,0,4,8,0,0,0,0,0,0,3,11,1,48,2827,0,0,1,0,0,0,0,0,0,1,67.0,64,0,PhD,0.1720430060848747
65808.0,1,1,1,155,7,80,13,7,10,3,5,1,5,6,0,0,0,0,0,0,3,11,0,49,2189,1,0,0,0,0,0,0,0,0,1,262.0,252,0,PhD,0.1821760334900849
30351.0,1,0,19,14,0,24,3,3,2,1,3,0,2,9,0,0,0,0,0,0,3,11,0,46,2547,0,0,0,1,0,0,0,0,0,1,44.0,42,0,PhD,0.15758244946437983
50437.0,0,2,28,370,9,92,6,9,4,3,7,1,8,7,0,0,0,0,0,0,3,11,0,57,2779,0,1,0,0,0,0,0,1,0,0,486.0,482,0,Graduation,0.12432424267481344
23616.0,1,0,76,4,22,11,3,7,32,2,3,0,3,8,0,0,0,0,0,0,3,11,1,38,2748,0,0,1,0,0,1,0,0,0,0,47.0,15,0,2n Cycle,0.05113256321210478
53858.0,0,1,50,407,53,221,58,150,26,4,4,3,6,4,0,0,0,0,0,0,3,11,0,44,2756,0,1,0,0,0,0,0,1,0,0,889.0,863,0,Graduation,0.1531548708474586
66465.0,0,1,1,1200,0,204,38,29,14,3,11,9,12,6,0,0,0,1,0,0,3,11,0,65,2615,0,1,0,0,0,0,0,0,0,1,1471.0,1457,1,PhD,0.5954303352212739
46923.0,1,0,90,85,44,54,102,78,6,3,5,1,7,7,0,0,0,0,0,0,3,11,0,33,2835,0,0,1,0,0,0,0,1,0,0,363.0,357,0,Graduation,0.044207567534382354
75072.0,0,1,83,583,34,309,0,22,125,2,5,4,8,3,0,0,0,0,0,0,3,11,0,58,2681,0,0,0,1,0,0,0,1,0,0,948.0,823,0,Graduation,0.0544079933026715
75865.0,0,0,73,483,0,591,156,0,12,1,3,5,10,1,0,0,0,0,0,0,3,11,0,77,2249,0,1,0,0,0,0,0,0,0,1,1230.0,1218,0,PhD,0.10996680026227144
19789.0,1,0,24,2,5,9,28,6,28,3,2,1,3,5,1,0,0,0,0,0,3,11,0,45,2380,0,0,0,1,0,1,0,0,0,0,50.0,22,1,2n Cycle,0.17159553718668025
80134.0,0,0,11,966,26,282,52,26,26,1,2,7,11,5,0,1,1,1,1,0,3,11,0,26,2294,0,0,0,1,0,0,0,1,0,0,1352.0,1326,4,Graduation,0.428215960441734
91065.0,0,0,33,822,114,108,179,137,114,1,7,9,9,3,0,0,1,1,0,0,3,11,1,39,2651,0,0,1,0,0,0,0,1,0,0,1360.0,1246,2,Graduation,0.25718301766823953
49505.0,1,1,4,604,0,100,19,0,28,9,10,2,8,8,0,0,0,0,0,0,3,11,0,49,2640,0,1,0,0,0,0,0,0,1,0,723.0,695,0,Master,0.4233177218369683
37401.0,1,0,14,19,3,19,3,1,3,2,2,0,3,7,0,0,0,0,0,0,3,11,0,47,2213,0,1,0,0,0,0,0,0,0,1,45.0,42,0,PhD,0.15525158242968215
30096.0,1,0,30,5,3,11,12,5,9,1,2,0,3,6,0,0,0,0,0,0,3,11,0,37,2197,0,1,0,0,0,0,0,1,0,0,36.0,27,0,Graduation,0.12582234621834124
18492.0,1,0,75,2,2,2,2,1,1,1,1,0,2,8,0,0,0,0,0,0,3,11,0,38,2183,0,0,0,1,0,0,0,0,1,0,9.0,8,0,Master,0.053570579640338414
82584.0,0,0,26,1076,68,103,29,91,68,1,3,4,8,1,0,1,1,0,0,0,3,11,1,46,2549,0,1,0,0,0,0,0,0,1,0,1367.0,1299,2,Master,0.32728422466487656
48686.0,1,2,8,10,0,7,2,0,1,1,1,0,2,8,0,0,0,0,0,0,3,11,0,67,2366,0,1,0,0,0,0,0,1,0,0,19.0,18,0,Graduation,0.13371929815498756
75433.0,1,0,28,800,0,297,0,34,57,2,2,5,10,6,0,1,0,1,0,0,3,11,0,31,2244,0,1,0,0,0,0,0,1,0,0,1131.0,1074,2,Graduation,0.36731209182929186
10404.0,1,0,52,2,2,11,10,6,12,2,1,0,4,5,0,0,0,0,0,0,3,11,0,31,2215,0,0,0,1,0,1,0,0,0,0,31.0,19,0,2n Cycle,0.11064249429184357
61314.0,0,1,1,378,0,189,97,172,172,2,5,5,12,3,0,0,0,0,0,0,3,11,0,52,2589,0,1,0,0,0,0,0,1,0,0,836.0,664,0,Graduation,0.3145648556072079
84865.0,0,0,1,1248,16,349,43,16,16,1,2,4,9,4,0,1,1,1,1,0,3,11,1,59,2575,0,0,1,0,0,0,0,0,0,1,1672.0,1656,4,PhD,0.6090535260989224
42387.0,1,0,42,235,0,235,19,4,191,5,8,1,7,8,0,0,0,0,0,0,3,11,0,31,2767,0,1,0,0,0,0,0,1,0,0,493.0,302,0,Graduation,0.17765894675670188
67309.0,1,1,76,515,47,181,149,95,95,15,9,6,9,7,0,0,0,0,0,0,3,11,0,53,2681,0,0,0,1,0,1,0,0,0,0,987.0,892,0,2n Cycle,0.12949688343447174
75236.0,0,1,27,438,66,400,12,38,114,1,8,3,13,4,0,0,0,0,0,0,3,11,0,56,2375,0,1,0,0,0,0,0,1,0,0,954.0,840,0,Graduation,0.18785775812363475
30015.0,1,0,28,25,0,22,2,3,5,2,1,0,4,5,0,0,0,0,0,0,3,11,0,50,2306,0,0,1,0,0,0,0,1,0,0,52.0,47,0,Graduation,0.13198068757383133
50943.0,0,1,49,31,0,7,2,0,6,1,1,0,3,5,0,0,0,0,0,0,3,11,0,64,2532,0,0,0,1,0,0,0,0,1,0,40.0,34,0,Master,0.03213809245156698
67272.0,0,1,12,357,35,271,28,28,14,3,6,2,12,5,0,0,0,0,0,0,3,11,0,54,2349,1,0,0,0,0,0,0,1,0,0,719.0,705,0,Graduation,0.1959806640045513
51529.0,0,1,14,400,4,35,6,0,22,2,9,1,5,8,0,0,0,0,0,0,3,11,0,71,2454,0,0,0,0,1,0,0,0,1,0,445.0,423,0,Master,0.1488109949377458
32011.0,1,0,89,99,0,15,2,1,5,3,2,1,4,7,0,0,0,0,0,0,3,11,0,49,2470,0,1,0,0,0,0,0,0,0,1,117.0,112,0,PhD,0.03593787039526904
7500.0,1,0,96,1,11,5,4,6,9,2,2,0,3,8,0,0,0,0,0,0,3,11,0,34,2666,0,1,0,0,0,1,0,0,0,0,27.0,18,0,2n Cycle,0.04213866469515638
28691.0,1,0,56,5,4,13,8,0,4,1,1,0,3,8,0,0,0,0,0,0,3,11,0,31,2519,0,1,0,0,0,0,0,1,0,0,30.0,26,0,Graduation,0.07248115631168973
56223.0,0,1,72,77,28,31,16,0,4,2,2,1,5,4,0,0,0,0,0,0,3,11,0,72,2350,0,1,0,0,0,0,0,0,0,1,152.0,148,0,PhD,0.020529373335780865
18100.0,0,0,14,3,1,2,4,3,1,1,0,0,3,5,0,0,0,0,0,0,3,11,0,74,2486,0,1,0,0,0,0,0,1,0,0,13.0,12,0,Graduation,0.1227833498786029
30279.0,1,0,13,10,4,14,4,4,1,1,1,0,3,8,0,0,0,0,0,0,3,11,0,31,2705,0,0,1,0,0,0,0,1,0,0,36.0,35,0,Graduation,0.18085828446809238
20130.0,0,0,99,0,6,3,7,6,12,1,1,0,3,8,0,0,0,0,0,0,3,11,0,46,2263,0,1,0,0,0,1,0,0,0,0,22.0,10,0,2n Cycle,0.017667316738571685
23295.0,0,0,72,0,0,1,2,12,5,1,1,0,2,8,0,0,0,0,0,0,3,11,0,61,2510,1,0,0,0,0,0,0,1,0,0,15.0,10,0,Graduation,0.030345469036900392
42618.0,1,0,92,76,14,74,13,5,10,2,5,0,4,8,0,0,0,0,0,0,3,11,0,48,2422,1,0,0,0,0,0,0,0,1,0,182.0,172,0,Master,0.03107791809028133
81246.0,0,0,87,398,190,537,61,156,37,1,4,5,7,1,1,0,0,1,0,0,3,11,0,56,2341,0,0,1,0,0,0,0,1,0,0,1342.0,1305,2,Graduation,0.09382050718166755
24027.0,1,0,7,14,7,11,11,0,5,2,2,0,3,8,0,0,0,0,0,0,3,11,0,44,2544,0,1,0,0,0,0,0,1,0,0,43.0,38,0,Graduation,0.2222446392573454
55707.0,0,1,91,208,7,82,30,66,35,2,3,2,9,3,0,0,0,0,0,0,3,11,0,67,2348,0,1,0,0,0,0,0,0,0,1,393.0,358,0,PhD,0.021473059386140088
57959.0,0,1,71,430,16,322,43,24,33,5,4,7,11,3,0,0,0,0,0,0,3,11,0,65,2582,0,0,1,0,0,0,0,1,0,0,835.0,802,0,Graduation,0.07834333786356507
56796.0,0,1,24,656,38,161,62,47,37,3,8,9,7,7,0,0,0,0,0,0,3,11,0,51,2657,0,1,0,0,0,0,0,1,0,0,964.0,927,0,Graduation,0.27068289312957283
36230.0,1,0,17,14,2,30,8,2,3,1,2,0,4,5,0,0,0,0,0,0,3,11,0,49,2414,0,0,1,0,0,0,0,0,1,0,56.0,53,0,Master,0.15104711684979616
70829.0,1,1,87,141,70,106,72,19,23,2,4,2,8,3,0,0,0,0,0,0,3,11,0,40,2369,0,1,0,0,0,1,0,0,0,0,408.0,385,0,2n Cycle,0.03229870472445465
65991.0,0,1,21,507,19,364,25,47,9,3,9,5,10,7,0,0,0,0,0,0,3,11,0,44,2819,0,1,0,0,0,0,0,1,0,0,962.0,953,0,Graduation,0.2517512413695935
38988.0,1,2,90,164,24,103,12,3,42,7,5,1,6,8,0,0,0,0,0,0,3,11,0,48,2837,0,1,0,0,0,0,0,1,0,0,306.0,264,0,Graduation,0.04457799067565324
89572.0,0,0,44,606,24,974,197,194,64,1,7,7,9,4,0,1,0,1,0,0,3,11,1,54,2811,0,0,1,0,0,1,0,0,0,0,1995.0,1931,2,2n Cycle,0.4905091155385993
42207.0,1,0,71,116,11,72,3,17,46,4,4,1,5,6,1,0,0,0,0,0,3,11,1,36,2613,0,1,0,0,0,0,0,0,1,0,219.0,173,1,Master,0.05663738910729255
50300.0,0,1,52,143,15,60,24,23,5,2,2,1,8,2,0,0,0,0,0,0,3,11,0,68,2194,0,1,0,0,0,0,0,1,0,0,265.0,260,0,Graduation,0.046734124913939544
66664.0,0,0,78,398,96,447,220,96,32,1,5,7,6,3,0,0,0,0,0,0,3,11,0,38,2801,0,0,0,1,0,1,0,0,0,0,1257.0,1225,0,2n Cycle,0.13128586480289475
60597.0,0,1,2,522,0,257,32,16,66,4,2,2,8,7,0,0,0,1,0,0,3,11,1,56,2338,0,1,0,0,0,0,0,1,0,0,827.0,761,1,Graduation,0.3065352109575695
70165.0,0,0,60,161,0,253,199,191,122,1,3,7,11,1,0,0,0,0,0,0,3,11,0,71,2439,0,0,0,0,1,0,0,1,0,0,804.0,682,0,Graduation,0.07486593397551336
50520.0,0,1,25,112,0,6,2,1,14,2,3,1,3,6,0,0,0,0,0,0,3,11,0,62,2311,0,0,0,0,1,0,0,0,0,1,121.0,107,0,PhD,0.06684014396785393
80124.0,0,0,47,483,84,398,205,84,241,1,3,7,8,1,1,0,0,0,0,0,3,11,0,57,2162,0,1,0,0,0,0,0,1,0,0,1254.0,1013,1,Graduation,0.19105718465057533
33183.0,1,0,46,7,5,39,17,15,37,2,4,0,3,7,0,0,0,0,0,0,3,11,0,45,2284,0,1,0,0,0,0,0,1,0,0,83.0,46,0,Graduation,0.08986423593501879
66582.0,0,0,83,789,25,420,16,38,0,1,2,8,9,1,0,0,0,0,0,0,3,11,0,51,2277,0,0,1,0,0,0,0,0,0,1,1288.0,1288,0,PhD,0.12170596794356002
75261.0,0,0,17,1239,17,413,23,34,17,1,5,6,5,2,0,1,1,0,0,0,3,11,1,65,2591,0,0,0,1,0,0,0,0,0,1,1726.0,1709,2,PhD,0.5837368593901981
31880.0,1,0,13,4,1,5,2,0,3,1,1,0,2,8,0,0,0,0,0,0,3,11,0,50,2765,0,0,0,0,1,0,0,1,0,0,12.0,9,0,Graduation,0.16337507258841247
53790.0,0,2,86,335,42,127,28,5,5,3,7,2,8,6,0,0,0,0,0,0,3,11,0,69,2274,0,1,0,0,0,0,0,1,0,0,537.0,532,0,Graduation,0.03329867326117391
49269.0,1,0,92,639,8,166,11,8,58,3,7,3,12,7,0,0,0,0,0,0,3,11,0,49,2842,0,0,0,1,0,0,0,0,0,1,832.0,774,0,PhD,0.09559179529842456
61456.0,0,1,47,563,76,384,84,192,89,4,6,10,13,4,0,0,0,0,0,0,3,11,0,45,2618,0,1,0,0,0,0,0,1,0,0,1299.0,1210,0,Graduation,0.27834093689185646
37406.0,1,0,18,2,0,8,2,2,3,1,1,0,2,8,0,0,0,0,0,0,3,11,1,40,2421,0,1,0,0,0,0,0,1,0,0,14.0,11,0,Graduation,0.13700493104539796
56937.0,1,0,81,746,8,125,11,8,8,7,8,6,9,6,0,1,0,0,0,0,3,11,1,39,2853,0,0,0,1,0,0,0,0,0,1,898.0,890,1,PhD,0.1221120988431678
38415.0,1,1,91,22,1,13,4,0,4,2,1,0,3,7,0,0,0,0,0,0,3,11,0,42,2702,0,1,0,0,0,0,0,1,0,0,40.0,36,0,Graduation,0.02638967236839361
20518.0,1,0,58,4,1,6,4,1,9,1,1,1,2,5,0,0,0,0,0,0,3,11,0,32,2201,0,0,1,0,0,0,0,1,0,0,16.0,7,0,Graduation,0.07825679315820996
62503.0,0,1,40,478,0,193,110,75,117,4,8,3,11,5,0,0,0,0,0,0,3,11,0,64,2655,0,1,0,0,0,0,0,1,0,0,856.0,739,0,Graduation,0.1483263558887475
41644.0,1,1,67,20,3,4,2,0,2,2,1,0,3,3,0,0,0,0,0,0,3,11,0,48,2210,0,0,1,0,0,0,0,0,0,1,29.0,27,0,PhD,0.04238917921373756
55842.0,0,1,19,451,0,39,0,4,24,1,7,1,8,5,0,0,0,0,0,0,3,11,0,43,2196,0,1,0,0,0,0,0,0,1,0,494.0,470,0,Master,0.14292436754644222
62010.0,0,1,93,371,22,39,6,0,92,4,6,2,7,5,0,0,0,0,0,0,3,11,0,48,2773,0,1,0,0,0,0,0,0,0,1,438.0,346,0,PhD,0.020626203272760497
41124.0,1,0,41,281,7,84,15,0,119,7,7,3,4,8,0,0,0,0,0,0,3,11,0,43,2765,0,1,0,0,0,0,0,1,0,0,387.0,268,0,Graduation,0.15117751404742716
38961.0,1,0,60,19,7,19,0,1,24,1,2,1,2,7,0,0,0,0,0,0,3,11,0,47,2340,0,1,0,0,0,0,0,0,1,0,46.0,22,0,Master,0.0544280853825871
37760.0,1,0,54,26,3,13,2,10,0,1,2,0,3,6,0,0,0,0,0,0,3,11,0,48,2481,1,0,0,0,0,0,0,0,1,0,54.0,54,0,Master,0.06481528318084363
32233.0,1,0,26,138,15,35,25,11,72,2,6,2,2,9,1,0,0,0,0,0,3,11,1,46,2838,0,0,1,0,0,0,0,1,0,0,224.0,152,1,Graduation,0.17967821555418625
43057.0,0,1,30,213,2,44,0,2,5,4,4,2,5,5,0,0,0,0,0,0,3,11,0,45,2401,0,1,0,0,0,0,0,1,0,0,261.0,256,0,Graduation,0.09218815662928065
83151.0,0,0,93,407,28,100,120,74,18,1,5,9,4,3,0,0,0,0,0,0,3,11,0,60,2786,0,0,0,1,0,0,0,0,1,0,729.0,711,0,Master,0.023799639616213827
78825.0,0,0,35,483,74,114,169,37,18,1,5,10,13,3,0,0,0,0,0,0,3,11,1,56,2812,1,0,0,0,0,0,0,0,0,1,877.0,859,0,PhD,0.13128904896347712
65104.0,0,1,4,738,0,232,13,20,50,2,3,5,7,7,0,0,0,0,0,0,3,11,0,44,2386,0,0,0,1,0,0,0,0,1,0,1003.0,953,0,Master,0.36133023449288293
60093.0,0,1,92,502,12,109,16,6,90,2,7,2,10,6,0,0,0,0,0,0,3,11,0,46,2527,0,1,0,0,0,0,0,1,0,0,645.0,555,0,Graduation,0.033232170743466835
14045.0,1,0,24,11,0,5,2,1,1,1,1,0,3,7,0,0,0,0,0,0,3,11,0,51,2313,0,1,0,0,0,0,0,1,0,0,19.0,18,0,Graduation,0.1770616678082971
28457.0,0,0,96,24,1,108,29,29,14,1,4,1,4,8,0,0,0,0,0,0,3,11,0,68,2768,0,0,0,0,1,1,0,0,0,0,191.0,177,0,2n Cycle,0.021588586484182583
78952.0,0,1,11,1170,19,594,99,76,134,2,2,5,12,6,0,0,0,0,0,0,3,11,0,62,2802,0,0,0,1,0,0,0,0,0,1,1958.0,1824,0,PhD,0.7094134233889277
46310.0,1,0,99,185,2,88,15,5,14,2,6,1,5,8,0,0,0,0,0,0,3,11,0,44,2732,1,0,0,0,0,0,0,1,0,0,295.0,281,0,Graduation,0.030889365048911002
76005.0,0,0,72,983,20,389,240,50,40,1,3,5,13,6,0,0,0,1,0,0,3,11,0,65,2651,0,0,0,1,0,0,0,1,0,0,1682.0,1642,1,Graduation,0.24603745383111417
58308.0,0,1,77,691,0,69,10,0,130,4,2,6,3,8,0,0,0,0,0,0,3,11,0,56,2692,0,0,1,0,0,0,0,0,1,0,770.0,640,0,Master,0.06107915007007129
55614.0,0,0,85,504,13,131,8,0,26,1,9,4,6,7,0,1,0,0,0,0,3,11,0,76,2373,1,0,0,0,0,0,0,0,0,1,656.0,630,1,PhD,0.04099071746565116
59432.0,0,1,88,317,25,265,25,19,12,3,5,3,11,5,0,0,0,0,0,0,3,11,0,58,2601,1,0,0,0,0,0,0,0,1,0,651.0,639,0,Master,0.03650813249118671
55563.0,0,1,22,29,1,9,2,0,2,1,2,0,3,3,0,0,0,0,0,0,3,11,0,42,2244,1,0,0,0,0,0,0,1,0,0,41.0,39,0,Graduation,0.058289748700978986
78642.0,0,1,83,1396,0,322,46,35,17,1,4,9,4,6,0,0,0,0,0,0,3,11,0,49,2593,0,0,0,1,0,0,0,0,0,1,1799.0,1782,0,PhD,0.23704947700242204
67911.0,0,1,63,529,0,356,63,28,0,3,6,7,11,3,0,0,0,0,0,0,3,11,0,71,2197,0,0,0,1,0,0,0,0,0,1,976.0,976,0,PhD,0.10047941288954805
65275.0,0,0,9,388,14,218,91,14,21,1,4,3,13,2,0,0,0,0,0,0,3,11,0,76,2611,0,1,0,0,0,0,0,1,0,0,725.0,704,0,Graduation,0.20846483867933246
27203.0,1,1,92,13,2,21,4,0,24,2,1,1,2,8,0,0,0,0,0,0,3,11,0,70,2851,0,0,0,1,0,0,0,1,0,0,40.0,16,0,Graduation,0.030153376495723864
48330.0,0,1,2,28,0,4,0,0,0,1,1,0,3,5,0,0,0,0,0,0,3,11,0,59,2385,0,0,0,1,0,0,0,0,1,0,32.0,32,0,Master,0.09958797989260687
24279.0,0,0,6,16,36,21,20,62,108,1,4,1,3,8,0,0,0,0,0,0,3,11,0,30,2706,0,1,0,0,0,0,1,0,0,0,155.0,47,0,Basic,0.18156916107515178
64355.0,1,0,66,1047,0,140,67,38,153,2,4,3,12,8,0,0,0,0,0,0,3,11,0,35,2833,0,1,0,0,0,0,0,0,0,1,1292.0,1139,0,PhD,0.28130140003913245
50943.0,0,1,49,31,0,7,2,0,6,1,1,0,3,5,0,0,0,0,0,0,3,11,0,64,2532,0,0,0,1,0,0,0,0,1,0,40.0,34,0,Master,0.03213809245156698
53653.0,0,0,29,815,10,239,28,10,108,2,10,4,12,6,0,0,0,0,0,0,3,11,0,67,2758,0,0,0,0,1,0,0,1,0,0,1102.0,994,0,Graduation,0.3089569380818832
65665.0,0,1,77,225,162,387,106,36,29,1,5,10,8,3,0,0,0,0,0,0,3,11,0,44,2368,0,1,0,0,0,0,0,1,0,0,916.0,887,0,Graduation,0.07211496398797496
81217.0,0,0,77,493,70,324,146,40,84,1,3,7,11,1,0,0,0,0,0,0,3,11,0,31,2504,0,0,1,0,0,0,0,1,0,0,1073.0,989,0,Graduation,0.07478400011795727
34935.0,0,0,71,34,4,66,3,10,20,1,2,1,4,7,0,0,0,0,0,0,3,11,0,28,2532,0,1,0,0,0,0,0,1,0,0,117.0,97,0,Graduation,0.032586592979684845
61250.0,0,1,49,382,138,65,60,26,59,6,5,2,12,5,0,0,0,0,0,0,3,11,0,61,2719,1,0,0,0,0,0,0,1,0,0,671.0,612,0,Graduation,0.0898542393257577
39665.0,1,0,97,127,1,56,0,1,31,3,4,2,3,7,1,0,0,0,0,0,3,11,0,39,2559,0,0,0,1,0,0,0,0,0,1,185.0,154,1,PhD,0.02994775825896551
60152.0,0,1,6,325,83,300,86,58,91,1,6,4,12,3,0,0,0,0,0,0,3,11,0,41,2617,0,0,1,0,0,0,0,1,0,0,852.0,761,0,Graduation,0.305377157543385
48920.0,0,2,93,238,17,68,8,10,6,3,6,2,5,7,0,1,0,0,0,0,3,11,0,56,2411,0,1,0,0,0,0,0,1,0,0,341.0,335,1,Graduation,0.02156006821461885
89120.0,0,0,78,1168,92,408,72,129,55,1,5,6,7,1,0,0,1,0,0,0,3,11,0,61,2263,0,0,0,1,0,0,0,0,1,0,1869.0,1814,1,Master,0.2426394238215615
44124.0,0,1,62,284,0,55,0,6,52,4,6,2,5,8,0,0,0,0,0,0,3,11,0,74,2573,0,0,0,1,0,0,0,0,0,1,345.0,293,0,PhD,0.0479604777876504
81169.0,0,0,47,1288,20,613,80,61,27,1,5,7,9,2,0,0,0,0,0,0,3,11,0,45,2600,0,0,1,0,0,0,0,0,1,0,2062.0,2035,0,Master,0.5528909948602243
36443.0,1,1,9,65,0,46,4,3,20,4,3,1,3,8,0,0,0,0,0,0,3,11,0,59,2670,0,1,0,0,0,0,0,1,0,0,118.0,98,0,Graduation,0.19321657466042472
26095.0,1,0,77,11,7,9,3,1,11,1,1,0,3,7,0,0,0,0,0,0,3,11,0,30,2523,0,0,1,0,0,0,0,1,0,0,31.0,20,0,Graduation,0.04698001301114542
71367.0,0,0,24,227,23,389,42,21,75,1,4,5,7,2,0,0,0,0,0,0,3,11,0,61,2469,0,0,0,1,0,0,0,1,0,0,702.0,627,0,Graduation,0.13721211860651197
80184.0,0,0,19,1035,134,670,25,38,0,1,6,3,10,3,0,0,1,1,0,0,3,11,0,76,2279,0,1,0,0,0,0,0,0,1,0,1902.0,1902,2,Master,0.6285348871043757
30630.0,1,1,67,27,1,12,2,0,10,2,2,0,3,7,0,0,0,0,0,0,3,11,0,55,2312,1,0,0,0,0,0,0,1,0,0,42.0,32,0,Graduation,0.05280611084607013
73454.0,0,0,95,982,73,351,56,14,175,1,2,4,6,5,1,0,0,0,0,0,3,11,0,33,2279,0,0,1,0,0,0,0,0,1,0,1476.0,1301,1,Master,0.1207786033435997
42691.0,0,0,48,179,2,64,38,17,58,1,5,1,6,5,0,0,0,0,0,0,3,11,0,29,2476,0,1,0,0,0,0,0,1,0,0,300.0,242,0,Graduation,0.0686302378846194
70503.0,0,0,73,1379,33,216,0,33,66,1,2,4,9,6,0,1,1,0,0,0,3,11,0,67,2796,0,1,0,0,0,0,0,1,0,0,1661.0,1595,2,Graduation,0.25311306199518463
25545.0,1,0,35,32,1,64,16,12,85,3,2,2,3,6,0,0,0,0,0,0,3,11,1,33,2818,0,1,0,0,0,0,0,1,0,0,125.0,40,0,Graduation,0.14428147557859333
32880.0,1,0,76,8,4,15,7,6,2,1,1,0,3,8,0,0,0,0,0,0,3,11,0,34,2731,0,1,0,0,0,0,0,1,0,0,40.0,38,0,Graduation,0.042656062440313426
77863.0,0,0,20,881,38,319,16,25,12,1,4,5,10,2,0,0,0,0,0,0,3,11,0,62,2373,0,0,0,1,0,0,0,0,0,1,1279.0,1267,0,PhD,0.33321081539827896
50353.0,0,0,72,141,15,153,67,31,35,1,4,4,6,3,0,0,0,0,0,0,3,11,0,43,2180,0,1,0,0,0,0,0,0,1,0,407.0,372,0,Master,0.040560730151527544
61839.0,0,0,20,1000,155,379,224,17,120,1,4,8,4,8,0,0,0,0,0,0,3,11,0,56,2845,0,0,1,0,0,0,0,1,0,0,1775.0,1655,0,Graduation,0.657404914048109
49154.0,1,1,69,206,10,67,30,27,71,6,4,1,8,6,0,0,0,0,0,0,3,11,0,60,2397,0,1,0,0,0,0,0,0,0,1,340.0,269,0,PhD,0.06251165405131996
47682.0,0,1,80,162,61,83,97,57,61,4,4,3,8,5,0,0,0,0,0,0,3,11,0,45,2658,0,0,0,0,1,1,0,0,0,0,460.0,399,0,2n Cycle,0.03904043786597781
72679.0,0,1,65,619,54,260,127,54,54,1,4,7,5,1,0,0,0,0,0,0,3,11,0,51,2443,0,0,1,0,0,0,0,1,0,0,1114.0,1060,0,Graduation,0.11812498223203259
57954.0,1,1,52,456,4,24,0,0,9,7,8,2,6,7,0,1,0,0,0,0,3,11,0,43,2170,0,0,0,1,0,0,0,0,1,0,484.0,475,1,Master,0.10588590037939972
65316.0,1,1,65,112,6,92,3,9,38,2,3,2,5,4,0,0,0,0,0,0,3,11,0,58,2590,0,1,0,0,0,0,0,1,0,0,222.0,184,0,Graduation,0.04038240037678348
28567.0,1,0,57,11,3,22,2,2,6,2,2,0,3,6,0,0,0,0,0,0,3,11,0,38,2536,0,0,1,0,0,0,0,1,0,0,40.0,34,0,Graduation,0.07133744549887747
47352.0,0,1,70,172,12,112,8,0,15,4,6,1,5,7,0,0,0,0,0,0,3,11,0,69,2603,0,0,0,1,0,0,0,0,1,0,304.0,289,0,Master,0.034819933594814154
44931.0,0,1,0,78,0,11,0,0,7,1,2,1,3,5,0,0,0,0,0,0,3,11,0,53,2321,0,0,0,1,0,0,0,1,0,0,89.0,82,0,Graduation,0.12398383257510556
76982.0,0,0,19,464,151,292,65,60,30,1,8,3,4,4,0,0,1,0,0,0,3,11,1,53,2293,1,0,0,0,0,0,0,1,0,0,1032.0,1002,1,Graduation,0.243043404878886
57247.0,0,1,50,99,4,32,37,54,6,2,2,1,7,2,0,0,0,0,0,0,3,11,0,68,2484,0,0,0,1,0,1,0,0,0,0,226.0,220,0,2n Cycle,0.03975994494059627
22944.0,1,0,67,19,3,19,4,5,26,3,3,0,3,7,0,0,0,0,0,0,3,11,0,39,2347,0,0,1,0,0,0,0,0,1,0,50.0,24,0,Master,0.06403920624848375
25315.0,1,0,46,1,9,8,11,3,22,3,3,0,3,8,0,0,0,0,0,0,3,11,0,43,2393,0,0,0,1,0,1,0,0,0,0,32.0,10,0,2n Cycle,0.09464541833351181
43638.0,0,1,37,63,10,83,7,19,19,2,4,1,4,7,0,0,0,0,0,0,3,11,0,51,2851,0,0,0,0,1,0,0,1,0,0,182.0,163,0,Graduation,0.06626308171248046
42710.0,1,0,38,252,3,42,4,3,102,2,4,5,3,6,0,0,0,0,0,0,3,11,0,36,2737,0,0,1,0,0,0,0,0,0,1,304.0,202,0,PhD,0.13737655941285398
84169.0,0,0,9,1478,19,403,0,19,0,1,7,6,6,3,0,1,1,0,0,0,3,11,1,38,2485,0,1,0,0,0,0,0,0,0,1,1919.0,1919,2,PhD,0.6923220644229526
54058.0,0,1,56,198,18,252,32,108,54,2,4,6,8,3,0,0,0,0,0,0,3,11,0,44,2549,0,0,0,1,0,0,0,1,0,0,608.0,554,0,Graduation,0.0805068459945638
24683.0,1,0,98,8,4,10,6,7,6,2,2,0,4,5,0,0,0,0,0,0,3,11,0,30,2272,0,1,0,0,0,1,0,0,0,0,35.0,29,0,2n Cycle,0.029588925529084698
85620.0,0,0,68,416,46,925,60,107,46,1,3,6,4,1,0,0,0,0,0,0,3,11,1,56,2332,0,0,0,0,1,0,0,1,0,0,1554.0,1508,0,Graduation,0.18928861364063618
47850.0,1,0,72,42,7,43,20,12,10,1,3,0,4,6,0,0,0,0,0,0,3,11,0,40,2367,0,1,0,0,0,0,0,1,0,0,124.0,114,0,Graduation,0.040986112365809194
19514.0,1,1,47,14,3,21,2,1,28,4,3,1,2,8,1,0,0,0,0,0,3,11,1,52,2313,0,1,0,0,0,0,0,1,0,0,41.0,13,1,Graduation,0.10260476020285489
27159.0,1,1,33,17,0,3,0,0,1,2,1,0,3,6,0,0,0,0,0,0,3,11,0,47,2251,0,1,0,0,0,0,0,0,1,0,20.0,19,0,Master,0.11832491185109298
39548.0,1,1,87,15,4,10,3,4,18,2,1,1,3,3,0,0,0,0,0,0,3,11,0,57,2249,0,0,1,0,0,1,0,0,0,0,36.0,18,0,2n Cycle,0.027293920353296027
21474.0,1,0,0,6,16,24,11,0,34,2,3,1,2,7,1,0,0,0,0,0,3,11,1,31,2241,0,0,1,0,0,0,0,1,0,0,57.0,23,1,Graduation,0.2744278719638254
60504.0,0,1,73,458,0,24,6,4,34,2,6,2,8,6,0,0,0,0,0,0,3,11,0,49,2301,0,0,1,0,0,0,0,0,0,1,492.0,458,0,PhD,0.038046609520711955
22419.0,0,0,74,30,3,47,19,21,42,1,3,2,2,8,0,0,0,0,0,0,3,11,0,57,2596,0,1,0,0,0,0,0,1,0,0,120.0,78,0,Graduation,0.03651537956878263
81698.0,0,0,4,179,28,520,111,123,47,1,3,8,13,1,0,0,0,0,0,0,3,11,1,71,2394,0,1,0,0,0,0,0,0,1,0,961.0,914,0,Master,0.2600658911780589
43462.0,1,1,50,90,17,97,15,6,15,6,4,1,5,8,0,0,0,0,0,0,3,11,0,68,2814,0,0,0,1,0,0,0,1,0,0,225.0,210,0,Graduation,0.08476234185733314
54880.0,1,0,57,308,85,137,102,45,118,2,6,2,11,5,0,0,0,0,0,0,3,11,0,42,2644,0,0,1,0,0,0,0,0,0,1,677.0,559,0,PhD,0.1419823368910666
79908.0,0,0,30,557,129,761,29,185,111,1,5,6,7,2,0,0,1,0,0,0,3,11,0,38,2609,0,1,0,0,0,0,0,1,0,0,1661.0,1550,1,Graduation,0.4631640580848471
15315.0,0,0,27,7,4,13,15,8,17,2,2,0,4,5,0,0,0,0,0,0,3,11,0,50,2489,0,1,0,0,0,1,0,0,0,0,47.0,30,0,2n Cycle,0.10828447122986086
87771.0,0,1,61,1492,38,287,50,57,33,1,5,10,4,6,0,1,1,1,1,0,3,11,1,61,2562,0,0,0,1,0,0,0,1,0,0,1924.0,1891,4,Graduation,0.35875604533836436
33039.0,1,0,4,30,8,12,8,8,12,1,2,0,4,5,0,0,0,0,0,0,3,11,0,42,2452,0,1,0,0,0,0,0,1,0,0,66.0,54,0,Graduation,0.21297480674788058
81741.0,0,0,75,249,153,940,58,134,38,0,6,6,7,2,0,0,0,0,0,0,3,11,0,40,2537,0,0,1,0,0,0,0,1,0,0,1534.0,1496,0,Graduation,0.1743447333545118
71499.0,0,1,12,465,25,132,136,0,37,2,8,3,13,4,0,0,0,0,0,0,3,11,0,49,2528,0,0,0,1,0,0,0,0,1,0,758.0,721,0,Master,0.19699007094392001
62466.0,0,1,13,129,129,259,168,121,83,5,6,3,12,4,0,0,0,0,0,0,3,11,0,50,2324,0,1,0,0,0,1,0,0,0,0,806.0,723,0,2n Cycle,0.23976869860356453
48799.0,0,1,9,174,18,81,28,6,24,3,3,2,7,3,0,0,0,0,0,0,3,11,0,57,2395,1,0,0,0,0,0,0,0,0,1,307.0,283,0,PhD,0.1397396626998255
52157.0,0,1,48,189,2,29,3,2,40,2,3,2,5,4,0,0,0,0,0,0,3,11,0,70,2181,0,0,0,1,0,0,0,0,0,1,225.0,185,0,PhD,0.045646892125069644
66565.0,0,1,80,747,10,161,65,40,42,4,4,2,9,8,0,0,0,0,0,0,3,11,0,58,2730,0,0,1,0,0,0,0,1,0,0,1023.0,981,0,Graduation,0.07880027894424874
29298.0,1,1,60,6,0,2,2,0,1,1,1,0,2,5,0,0,0,0,0,0,3,11,0,69,2454,0,0,0,1,0,0,0,0,1,0,10.0,9,0,Master,0.05817989398048556
47691.0,0,1,43,14,0,3,0,0,4,1,1,0,2,6,0,0,0,0,0,0,3,11,0,41,2518,0,0,1,0,0,0,0,1,0,0,17.0,13,0,Graduation,0.03958642895896881
38200.0,1,1,19,12,0,4,0,0,1,1,1,0,2,7,0,0,0,0,0,0,3,11,0,50,2728,0,0,0,1,0,0,0,1,0,0,16.0,15,0,Graduation,0.13024725512427957
44989.0,0,1,26,98,0,106,49,10,106,5,5,1,5,6,0,0,0,0,0,0,3,11,0,46,2814,0,1,0,0,0,0,0,1,0,0,263.0,157,0,Graduation,0.09749142363427038
38443.0,1,1,58,32,0,5,0,0,1,2,1,0,3,7,0,0,0,0,0,0,3,11,0,52,2312,0,1,0,0,0,0,0,0,0,1,37.0,36,0,PhD,0.0560004044478182
38593.0,1,0,42,51,12,49,17,24,24,3,4,1,3,8,0,0,0,0,0,0,3,11,0,42,2448,0,0,1,0,0,1,0,0,0,0,153.0,129,0,2n Cycle,0.10200298846381017
64413.0,0,1,27,200,5,44,0,10,20,1,5,1,5,5,0,0,0,0,0,0,3,11,0,50,2491,0,0,0,1,0,0,0,0,0,1,259.0,239,0,PhD,0.06573112206076312
36959.0,1,0,56,25,6,25,6,0,0,2,2,0,3,8,0,0,0,0,0,0,3,11,0,39,2429,0,1,0,0,0,0,0,0,1,0,62.0,62,0,Master,0.06499256082121127
61996.0,0,1,27,1050,12,144,0,0,24,3,6,4,8,5,0,1,0,1,1,0,3,11,1,43,2673,0,1,0,0,0,0,0,0,0,1,1206.0,1182,3,PhD,0.3414472181595817
51287.0,1,1,10,117,0,22,13,0,30,3,4,1,3,7,0,0,0,0,0,0,3,11,0,52,2248,0,1,0,0,0,0,0,1,0,0,152.0,122,0,Graduation,0.15910607596347145
13260.0,1,1,48,9,4,17,10,2,7,4,3,0,3,8,0,0,0,0,0,0,3,11,0,50,2469,0,1,0,0,0,0,0,1,0,0,42.0,35,0,Graduation,0.11283502485424762
47472.0,1,1,39,56,0,11,0,0,8,2,2,0,4,5,0,0,0,0,0,0,3,11,0,54,2445,0,0,0,1,0,0,0,0,0,1,67.0,59,0,PhD,0.07724462689253597
54603.0,1,1,85,145,13,46,17,2,4,6,4,2,4,7,0,0,0,0,0,0,3,11,0,64,2514,0,0,0,1,0,0,0,0,1,0,223.0,219,0,Master,0.030534607999662688
45207.0,1,1,64,203,0,10,0,0,2,5,3,1,6,6,0,1,0,0,0,0,3,11,0,46,2755,0,1,0,0,0,0,0,0,0,1,213.0,211,1,PhD,0.06096074035668104
40689.0,0,1,69,270,3,27,39,6,99,7,7,1,5,8,0,0,0,0,0,0,3,11,0,69,2627,0,0,0,1,0,0,0,1,0,0,345.0,246,0,Graduation,0.04389863811589967
47821.0,1,1,54,9,0,16,6,6,10,1,1,0,3,8,0,0,0,0,0,0,3,11,0,53,2411,0,0,0,1,0,1,0,0,0,0,37.0,27,0,2n Cycle,0.05139337183825982
27450.0,0,0,57,37,12,23,8,11,52,1,2,1,3,7,0,0,0,0,0,0,3,11,0,69,2599,0,1,0,0,0,0,0,0,1,0,91.0,39,0,Master,0.04563075910050065
39453.0,1,0,64,46,0,7,0,0,2,2,2,0,3,6,0,0,0,0,0,0,3,11,0,37,2246,0,0,0,1,0,0,0,1,0,0,53.0,51,0,Graduation,0.050843907280864
26850.0,1,1,10,31,1,13,7,2,9,4,2,1,4,4,0,0,0,0,0,0,3,11,0,49,2231,0,0,0,1,0,1,0,0,0,0,54.0,45,0,2n Cycle,0.2024134218075859
79800.0,0,0,65,1060,21,530,32,0,224,1,5,11,5,3,1,0,1,1,0,0,3,11,1,65,2803,0,0,0,0,1,0,0,1,0,0,1643.0,1419,3,Graduation,0.24919625309140547
61794.0,0,1,74,264,47,188,54,47,11,2,4,4,10,2,0,0,0,0,0,0,3,11,0,59,2447,0,1,0,0,0,0,0,0,1,0,600.0,589,0,Master,0.04385690027458048
53863.0,0,1,4,399,4,30,6,4,30,3,7,1,7,7,0,1,0,0,0,0,3,11,0,65,2202,0,0,0,1,0,0,0,1,0,0,443.0,413,1,Graduation,0.1772211427183429
24221.0,0,0,94,8,9,9,2,5,22,1,1,1,3,4,0,0,0,0,0,0,3,11,0,61,2472,0,0,0,1,0,0,0,1,0,0,33.0,11,0,Graduation,0.018211515802629717
39684.0,1,0,41,19,0,35,6,4,17,2,2,1,2,7,0,0,0,0,0,1,3,11,1,36,2784,0,0,1,0,0,0,0,0,0,1,64.0,47,0,PhD,0.08779812654071413
92163.0,0,0,25,817,183,797,106,163,20,0,5,11,5,2,0,0,1,1,0,0,3,11,1,45,2723,0,1,0,0,0,0,0,0,1,0,2066.0,2046,2,Master,0.6324406674308448
69882.0,0,0,94,292,127,635,132,127,165,1,3,7,9,1,0,0,0,0,0,0,3,11,0,55,2390,0,0,1,0,0,0,0,0,1,0,1313.0,1148,0,Master,0.09358886347085417
33178.0,1,0,9,12,6,2,11,2,16,1,1,0,3,4,0,0,0,0,0,0,3,11,0,43,2309,0,0,0,1,0,0,0,1,0,0,33.0,17,0,Graduation,0.1820568544611961
59973.0,0,0,47,130,30,168,20,34,0,1,3,4,7,1,0,0,0,0,0,0,3,11,0,48,2450,0,1,0,0,0,0,0,0,0,1,382.0,382,0,PhD,0.05720363203796257
17459.0,1,0,12,6,4,16,3,10,30,3,3,1,2,7,0,0,0,0,0,0,3,11,1,45,2442,0,0,0,1,0,0,0,0,1,0,39.0,9,0,Master,0.22181702376104973
23910.0,1,0,80,16,12,18,7,1,13,1,2,0,3,7,0,0,0,0,0,0,3,11,0,51,2770,1,0,0,0,0,0,0,1,0,0,54.0,41,0,Graduation,0.0456738154051793
42169.0,1,1,20,19,0,9,0,0,2,2,1,0,3,8,0,0,0,0,0,0,3,11,0,51,2412,0,1,0,0,0,0,0,0,1,0,28.0,26,0,Master,0.12129789149049881
26224.0,1,0,39,4,7,15,13,9,15,3,2,1,3,6,0,0,0,0,0,0,3,11,0,42,2549,0,1,0,0,0,1,0,0,0,0,48.0,33,0,2n Cycle,0.11212724120345362
31089.0,1,0,57,31,3,31,2,8,4,3,3,0,4,8,0,0,0,0,0,0,3,11,0,39,2840,0,0,0,1,0,0,0,1,0,0,75.0,71,0,Graduation,0.07260596933859773
30081.0,0,1,27,36,0,2,0,0,4,1,1,0,3,7,0,0,0,0,0,0,3,11,0,59,2652,0,0,1,0,0,0,0,1,0,0,38.0,34,0,Graduation,0.08010412386313025
62807.0,0,1,83,526,28,135,10,21,99,3,5,3,12,5,0,0,0,0,0,0,3,11,0,60,2826,0,0,0,1,0,0,0,1,0,0,720.0,621,0,Graduation,0.04390673416781761
72906.0,0,0,79,400,32,519,71,75,54,1,3,4,9,1,0,0,0,0,0,0,3,11,0,65,2444,0,0,1,0,0,0,0,1,0,0,1097.0,1043,0,Graduation,0.08129564246533387
61467.0,0,2,69,410,16,114,0,5,49,3,5,2,10,5,0,0,0,0,0,0,3,11,0,72,2726,0,1,0,0,0,0,0,0,0,1,545.0,496,0,PhD,0.0433811662260441
49618.0,1,1,77,80,3,26,4,2,14,4,3,1,3,7,0,0,0,0,0,0,3,11,0,54,2678,0,0,0,1,0,0,0,0,1,0,115.0,101,0,Master,0.03356378373791472
21888.0,1,0,15,88,10,46,2,3,64,4,5,1,2,10,0,0,0,0,0,0,3,11,1,34,2706,0,0,1,0,0,0,0,0,1,0,149.0,85,0,Master,0.23715156986272837
42429.0,0,1,99,55,0,6,2,0,4,2,1,1,3,5,0,0,0,0,0,0,3,11,0,47,2297,0,0,0,0,1,0,0,1,0,0,63.0,59,0,Graduation,0.0123558004403766
26150.0,2,1,61,5,1,13,3,5,1,1,1,0,3,7,0,0,0,0,0,0,3,11,0,64,2634,1,0,0,0,0,0,0,1,0,0,27.0,26,0,Graduation,0.1026471695443538
30801.0,0,1,23,8,4,5,15,2,11,2,1,0,3,7,0,0,0,0,0,0,3,11,0,45,2770,0,1,0,0,0,0,1,0,0,0,34.0,23,0,Basic,0.08833116084827018
81168.0,0,0,84,410,0,592,147,22,22,1,6,4,7,3,0,0,0,1,0,0,3,11,0,55,2212,0,1,0,0,0,0,0,1,0,0,1171.0,1149,1,Graduation,0.07313817647678739
26877.0,0,0,74,101,13,76,20,18,40,2,3,1,6,6,0,0,0,0,0,0,3,11,0,51,2473,0,0,1,0,0,0,0,0,1,0,228.0,188,0,Master,0.04196954002864451
45006.0,0,0,90,162,25,53,16,0,10,1,3,1,7,3,0,0,0,0,0,0,3,11,0,76,2505,0,0,0,0,1,0,0,0,1,0,256.0,246,0,Master,0.020214923401563896
18978.0,1,0,41,2,8,1,4,7,15,1,1,0,3,8,0,0,0,0,0,0,3,11,0,47,2724,0,1,0,0,0,0,1,0,0,0,22.0,7,0,Basic,0.11526299833309077
22574.0,2,1,28,25,0,8,2,0,2,2,2,0,3,7,0,0,0,0,0,0,3,11,0,53,2403,0,1,0,0,0,0,0,1,0,0,35.0,33,0,Graduation,0.2236870346201129
48240.0,0,0,73,389,91,248,64,49,41,3,6,3,13,5,0,0,0,0,0,0,3,11,1,51,2756,0,0,1,0,0,0,0,0,0,1,841.0,800,0,PhD,0.09300784641944473
45837.0,1,1,88,215,13,87,17,17,24,5,6,2,5,7,0,0,0,0,0,0,3,11,0,46,2497,0,1,0,0,0,0,0,1,0,0,349.0,325,0,Graduation,0.04478701824954399
35791.0,2,1,94,27,0,5,0,0,3,2,1,0,3,8,0,0,0,0,0,0,3,11,0,55,2578,0,0,1,0,0,0,0,0,1,0,32.0,29,0,Master,0.04139650927453679
54162.0,1,1,31,5,6,10,6,5,10,1,1,0,3,4,0,0,0,0,0,0,3,11,0,42,2627,0,0,0,0,1,0,0,1,0,0,32.0,22,0,Graduation,0.07857079070640445
30522.0,0,1,6,179,8,83,19,11,26,5,1,2,9,2,0,0,0,0,0,0,3,11,0,60,2840,0,1,0,0,0,0,0,0,1,0,300.0,274,0,Master,0.19778228223569785
54456.0,0,1,23,352,0,27,10,0,15,3,6,1,7,6,0,0,0,0,0,0,3,11,0,59,2512,0,1,0,0,0,0,0,0,0,1,389.0,374,0,PhD,0.10796825532813965
31632.0,0,0,92,17,8,12,11,15,32,1,2,1,2,7,0,0,0,0,0,0,3,11,0,49,2509,0,0,1,0,0,0,0,1,0,0,63.0,31,0,Graduation,0.01801909381967769
72298.0,0,0,52,625,35,169,58,17,35,1,4,3,6,1,0,1,1,0,0,0,3,11,0,71,2270,0,0,0,0,1,0,0,1,0,0,904.0,869,2,Graduation,0.1037982668402403
36975.0,1,0,50,10,6,11,0,4,2,1,1,0,3,7,0,0,0,0,0,0,3,11,0,42,2342,0,0,1,0,0,1,0,0,0,0,31.0,29,0,2n Cycle,0.06985771500741929
72635.0,0,0,54,390,22,323,104,35,107,1,6,8,6,3,0,0,0,1,0,0,3,11,0,65,2550,0,1,0,0,0,1,0,0,0,0,874.0,767,1,2n Cycle,0.09451738701552917
13624.0,1,0,93,10,2,15,2,1,6,2,2,0,3,6,0,0,0,0,0,0,3,11,0,44,2684,0,1,0,0,0,0,0,1,0,0,30.0,24,0,Graduation,0.039623573268761966
84196.0,0,1,56,215,63,507,231,31,190,1,8,4,7,3,0,0,0,0,0,0,3,11,0,45,2550,0,0,1,0,0,0,0,1,0,0,1047.0,857,0,Graduation,0.1050790086326208
70971.0,0,1,28,1001,17,572,93,125,17,7,11,11,5,7,0,0,0,0,0,0,3,11,1,60,2805,0,0,0,1,0,0,0,1,0,0,1808.0,1791,0,Graduation,0.5821103214815835
34487.0,1,1,94,19,18,33,24,1,8,3,3,0,3,9,0,0,0,0,0,0,3,11,0,43,2820,1,0,0,0,0,0,0,0,0,1,95.0,87,0,PhD,0.02949912606305042
28769.0,1,0,76,41,5,129,10,3,3,3,4,1,4,9,0,0,0,0,0,0,3,11,0,43,2717,0,0,1,0,0,0,0,1,0,0,188.0,185,0,Graduation,0.060275235749253614
69084.0,1,0,43,1181,107,199,39,30,30,2,7,3,13,8,0,0,0,0,0,0,3,11,0,50,2381,0,1,0,0,0,0,0,0,0,1,1556.0,1526,0,PhD,0.5099181965983846
65488.0,0,0,46,603,45,207,36,18,54,1,3,4,6,1,0,0,0,0,0,0,3,11,0,62,2175,0,0,0,1,0,0,0,0,0,1,909.0,855,0,PhD,0.1367801959638228
62466.0,0,1,13,129,129,259,168,121,83,5,6,3,12,4,0,0,0,0,0,0,3,11,0,50,2324,0,1,0,0,0,1,0,0,0,0,806.0,723,0,2n Cycle,0.23976869860356453
32218.0,0,0,27,10,24,15,13,1,30,1,2,1,3,7,1,0,0,0,0,0,3,11,1,60,2293,0,0,1,0,0,1,0,0,0,0,63.0,33,1,2n Cycle,0.08056569645251177
83917.0,0,0,12,514,22,732,42,198,79,1,6,7,7,3,0,0,0,0,0,0,3,11,1,47,2596,0,0,1,0,0,0,0,1,0,0,1508.0,1429,0,Graduation,0.47081517201503015
46102.0,2,1,3,14,0,1,0,0,1,1,1,0,2,7,0,0,0,0,0,0,3,11,0,58,2270,1,0,0,0,0,0,0,1,0,0,15.0,14,0,Graduation,0.24048553171143164
84574.0,0,0,72,387,20,713,38,54,163,1,9,11,11,5,0,0,0,0,0,0,3,11,0,68,2549,0,0,1,0,0,0,0,1,0,0,1212.0,1049,0,Graduation,0.0947471877380477
56181.0,0,1,6,121,103,69,8,44,48,1,4,2,7,4,0,0,0,0,0,0,3,11,0,58,2696,0,1,0,0,0,0,0,1,0,0,345.0,297,0,Graduation,0.13998726759589908
63120.0,0,1,53,965,69,279,54,41,69,5,8,4,9,7,0,0,0,0,0,0,3,11,1,70,2798,1,0,0,0,0,0,0,0,1,0,1408.0,1339,0,Master,0.2756746761125624
73691.0,0,1,58,707,21,250,85,43,73,2,6,2,8,2,1,0,0,0,0,0,3,11,0,49,2394,0,1,0,0,0,0,0,1,0,0,1106.0,1033,1,Graduation,0.13352217373413372
63381.0,0,1,78,571,50,142,33,50,159,4,4,5,13,2,0,0,0,0,0,0,3,11,0,60,2791,0,0,0,1,0,0,0,1,0,0,846.0,687,0,Graduation,0.06227399115644284
76140.0,0,0,57,586,66,653,17,0,26,1,5,9,6,2,0,0,0,0,0,0,3,11,0,72,2206,0,0,0,1,0,0,0,0,0,1,1322.0,1296,0,PhD,0.18183067204724118
62859.0,0,1,37,1063,89,102,16,12,25,4,9,4,6,6,0,0,0,0,0,0,3,11,0,61,2705,1,0,0,0,0,0,0,0,0,1,1282.0,1257,0,PhD,0.3090461960559158
45906.0,0,1,20,305,3,27,4,3,144,2,5,4,4,5,1,0,0,0,0,0,3,11,0,56,2577,0,0,1,0,0,0,0,1,0,0,342.0,198,1,Graduation,0.12381628927461814
77632.0,0,0,73,1200,105,758,0,42,147,1,4,2,6,2,0,1,1,0,0,0,3,11,1,73,2635,0,0,0,1,0,0,0,0,1,0,2105.0,1958,2,Master,0.41805240440312386
46463.0,1,1,56,163,2,40,8,11,11,7,3,1,6,6,0,0,0,0,0,0,3,11,0,49,2474,0,1,0,0,0,0,0,0,0,1,224.0,213,0,PhD,0.0726305428860222
55282.0,1,0,9,125,6,73,8,4,19,1,3,1,6,4,0,0,0,0,0,0,3,11,0,50,2357,1,0,0,0,0,0,0,0,1,0,216.0,197,0,Master,0.17011232160996784
78710.0,0,1,42,721,0,152,119,50,50,3,7,6,12,4,0,0,0,0,0,0,3,11,0,43,2196,0,1,0,0,0,0,0,0,1,0,1042.0,992,0,Master,0.15525183751127283
66886.0,0,1,28,315,4,62,41,31,146,2,7,1,7,5,0,0,0,0,0,0,3,11,0,62,2445,0,0,0,1,0,0,0,1,0,0,453.0,307,0,Graduation,0.08640098156212998
29103.0,1,0,38,16,0,17,6,3,6,2,1,0,3,9,0,0,0,0,0,0,3,11,0,35,2830,0,0,0,1,0,0,0,1,0,0,42.0,36,0,Graduation,0.10921293424666748
67445.0,0,1,63,757,80,217,29,80,11,5,9,6,12,6,0,0,0,0,0,0,3,11,0,46,2845,0,1,0,0,0,0,0,1,0,0,1163.0,1152,0,Graduation,0.14859160668682816
50616.0,0,1,71,30,2,25,0,1,9,1,1,1,4,2,0,0,0,0,0,0,3,11,0,70,2236,0,0,0,1,0,0,0,0,0,1,58.0,49,0,PhD,0.019525418495627146
49431.0,0,1,9,219,3,100,26,0,17,2,7,1,5,8,0,0,0,0,0,0,3,11,0,65,2854,1,0,0,0,0,0,0,1,0,0,348.0,331,0,Graduation,0.14629530523161632
61278.0,0,1,87,111,3,28,2,6,15,2,3,1,4,6,0,0,0,0,0,0,3,11,0,67,2335,0,0,0,1,0,0,0,1,0,0,150.0,135,0,Graduation,0.013021154904490143
26490.0,0,0,92,45,47,52,21,20,25,2,3,1,5,6,0,0,0,0,0,0,3,11,0,62,2804,0,0,0,1,0,1,0,0,0,0,185.0,160,0,2n Cycle,0.024718722551620245
73059.0,0,1,36,410,112,420,0,82,71,1,9,3,13,4,0,0,0,0,0,0,3,11,0,73,2461,0,0,0,1,0,0,0,0,0,1,1024.0,953,0,PhD,0.17703510357928195
46734.0,1,2,86,100,1,39,6,1,76,4,3,2,3,6,1,0,0,0,0,0,3,11,0,54,2410,0,0,1,0,0,0,0,0,0,1,147.0,71,1,PhD,0.030507866929419845
56253.0,0,1,83,509,0,65,7,11,5,4,7,2,9,6,0,0,0,0,0,0,3,11,0,57,2728,0,0,0,1,0,0,0,1,0,0,592.0,587,0,Graduation,0.03898160307944596
19986.0,1,0,74,3,6,5,0,2,6,1,0,0,3,7,0,0,0,0,0,0,3,11,0,35,2386,0,1,0,0,0,0,0,1,0,0,16.0,10,0,Graduation,0.05437365116680789
58330.0,0,1,87,445,53,213,104,98,151,1,6,4,13,4,0,0,0,0,0,0,3,11,0,45,2345,0,0,0,0,1,0,0,1,0,0,913.0,762,0,Graduation,0.06520327519611258
25965.0,0,0,29,2,2,11,41,7,11,1,2,0,3,8,0,0,0,0,0,0,3,11,0,40,2819,0,1,0,0,0,0,1,0,0,0,63.0,52,0,Basic,0.08987307992294151
14661.0,0,0,88,4,1,11,6,2,2,1,1,0,3,6,0,0,0,0,0,0,3,11,0,64,2703,0,0,0,1,0,0,0,0,1,0,24.0,22,0,Master,0.02474418285460268
18690.0,0,0,77,6,1,7,23,4,19,1,1,1,2,8,0,0,0,0,0,0,3,11,0,61,2707,0,1,0,0,0,0,0,1,0,0,41.0,22,0,Graduation,0.030995242018630895
45068.0,0,1,25,14,0,3,0,0,3,1,1,0,2,7,0,0,0,0,0,0,3,11,0,46,2568,0,0,0,1,0,0,0,0,0,1,17.0,14,0,PhD,0.06269627760202141
21063.0,1,0,34,1,10,11,19,3,15,2,2,0,3,6,0,0,0,0,0,0,3,11,0,33,2436,0,0,1,0,0,0,1,0,0,0,44.0,29,0,Basic,0.13804468962234975
29187.0,1,0,43,26,0,6,0,0,2,1,1,0,3,8,0,0,0,0,0,0,3,11,0,52,2575,0,1,0,0,0,0,0,0,0,1,32.0,30,0,PhD,0.09267642753190024
54690.0,1,1,76,111,16,37,7,9,18,3,3,1,5,3,0,0,0,0,0,0,3,11,0,49,2393,0,1,0,0,0,1,0,0,0,0,180.0,162,0,2n Cycle,0.03581482915113977
59304.0,0,1,81,418,61,428,80,51,10,3,7,8,10,5,0,0,0,0,0,0,3,11,0,56,2494,0,1,0,0,0,0,0,0,0,1,1038.0,1028,0,PhD,0.09082592709577113
59247.0,0,2,87,327,9,122,19,14,83,5,5,2,9,6,0,0,0,0,0,0,3,11,0,58,2392,0,0,1,0,0,0,0,0,1,0,491.0,408,0,Master,0.02734623373997947
66731.0,0,1,33,371,159,194,58,106,141,4,4,3,6,3,0,0,0,0,0,0,3,11,0,50,2814,0,0,0,0,1,0,0,1,0,0,888.0,747,0,Graduation,0.17312514718745492
77353.0,0,1,38,275,59,107,69,101,59,2,6,4,8,4,0,0,0,0,0,0,3,11,0,40,2354,0,1,0,0,0,0,0,1,0,0,611.0,552,0,Graduation,0.08002609698026131
52614.0,0,1,63,789,0,142,12,9,38,2,2,4,8,8,0,0,0,0,0,0,3,11,0,45,2734,0,0,1,0,0,0,0,0,0,1,952.0,914,0,PhD,0.132537705125153
26751.0,2,0,26,1,1,5,0,3,1,1,1,0,2,8,0,0,0,0,0,0,3,11,0,46,2197,0,1,0,0,0,0,0,1,0,0,10.0,9,0,Graduation,0.2118207682035581
81300.0,0,1,17,1004,12,145,32,12,36,3,10,3,5,5,0,0,0,1,0,0,3,11,1,57,2766,0,1,0,0,0,0,0,0,0,1,1205.0,1169,1,PhD,0.3039661646010708
70337.0,0,0,75,187,81,149,25,43,91,1,2,2,12,1,0,0,0,0,0,0,3,11,0,41,2337,0,0,1,0,0,0,0,1,0,0,485.0,394,0,Graduation,0.03011832808696535
36145.0,1,0,13,56,4,76,17,1,18,4,4,1,3,9,1,0,0,0,0,0,3,11,1,35,2537,0,1,0,0,0,1,0,0,0,0,154.0,136,1,2n Cycle,0.19855726920570052
65295.0,0,0,19,365,32,117,34,110,6,1,3,3,13,2,0,0,0,0,0,0,3,11,0,40,2347,0,0,1,0,0,0,0,0,0,1,658.0,652,0,PhD,0.16271671517163988
68118.0,0,1,51,595,23,123,10,23,154,2,8,9,4,6,0,0,0,0,0,0,3,11,0,57,2413,1,0,0,0,0,0,0,1,0,0,774.0,620,0,Graduation,0.09259141493872573
68743.0,0,0,81,1132,134,384,175,134,115,1,11,5,13,7,0,0,0,0,0,0,3,11,0,53,2827,1,0,0,0,0,0,0,1,0,0,1959.0,1844,0,Graduation,0.3533173158513433
41039.0,0,0,32,34,11,137,179,61,45,1,8,1,5,8,0,0,0,0,0,0,3,11,0,38,2498,0,0,0,1,0,1,0,0,0,0,422.0,377,0,2n Cycle,0.12433415631796141
38946.0,0,1,84,116,6,82,6,6,41,2,3,1,6,5,0,0,0,0,0,0,3,11,0,65,2407,0,0,0,1,0,0,0,1,0,0,216.0,175,0,Graduation,0.024845437656243387
65777.0,0,0,87,565,32,435,28,32,54,1,2,8,6,1,0,0,0,0,0,0,3,11,0,53,2351,0,0,0,1,0,0,0,1,0,0,1092.0,1038,0,Graduation,0.0784655315902011
66476.0,0,1,99,372,18,126,47,48,78,2,5,2,11,4,0,0,0,0,0,0,3,11,0,44,2638,1,0,0,0,0,0,0,0,0,1,611.0,533,0,PhD,0.023317977080792005
86857.0,0,0,96,899,102,838,133,102,40,1,5,6,10,2,0,0,0,0,0,0,3,11,1,48,2814,0,0,1,0,0,0,0,0,0,1,2074.0,2034,0,PhD,0.2518422587210589
77845.0,0,0,40,760,40,480,0,40,26,1,3,5,12,1,0,0,1,1,0,0,3,11,0,31,2203,0,0,0,1,0,0,0,0,0,1,1320.0,1294,2,PhD,0.2624194974349716
69476.0,0,0,3,260,86,559,63,9,67,1,4,6,4,2,0,0,0,0,0,0,3,11,0,51,2431,0,0,0,1,0,0,0,0,0,1,977.0,910,0,PhD,0.3316673299764763
50611.0,0,1,98,459,0,24,6,0,4,6,4,5,7,6,0,1,0,0,0,0,3,11,1,60,2792,1,0,0,0,0,0,0,0,0,1,489.0,485,1,PhD,0.024639509747292447
61209.0,0,0,73,466,0,224,119,49,99,1,5,3,4,2,0,0,0,0,0,0,3,11,0,50,2467,0,0,1,0,0,0,0,1,0,0,858.0,759,0,Graduation,0.075924613741643
42315.0,0,1,90,67,15,80,17,11,80,3,1,4,4,3,0,0,0,0,0,0,3,11,0,62,2511,0,0,0,1,0,0,0,0,1,0,190.0,110,0,Master,0.01924269243596178
13084.0,0,0,29,2,0,7,3,7,10,1,1,0,3,6,0,0,0,0,0,0,3,11,0,68,2398,0,0,0,1,0,0,1,0,0,0,19.0,9,0,Basic,0.09885967674491708
47570.0,1,1,3,67,1,20,0,2,31,3,2,2,2,7,0,0,0,0,0,0,3,11,1,71,2555,0,0,0,0,1,0,0,0,1,0,90.0,59,0,Master,0.16980277899788931
61923.0,0,2,94,92,4,18,3,3,6,1,2,1,4,3,0,0,0,0,0,0,3,11,0,59,2497,0,1,0,0,0,0,0,0,1,0,120.0,114,0,Master,0.010386549019075713
34824.0,0,0,65,4,2,11,2,0,4,1,1,0,2,6,0,0,0,0,0,0,3,11,0,25,2254,0,0,1,0,0,0,0,1,0,0,19.0,15,0,Graduation,0.031238103057362483
26518.0,1,1,33,20,1,28,3,3,2,3,2,0,3,8,0,0,0,0,0,0,3,11,1,71,2606,0,0,1,0,0,0,0,0,0,1,55.0,53,0,PhD,0.12163656472092124
45938.0,0,0,46,273,11,178,62,83,29,2,8,4,6,6,0,0,0,0,0,0,3,11,0,59,2397,0,0,1,0,0,0,0,1,0,0,607.0,578,0,Graduation,0.11278002567519564
78468.0,0,0,29,434,22,388,104,22,34,1,10,7,10,4,0,0,0,1,0,0,3,11,0,60,2240,0,0,0,1,0,0,0,1,0,0,970.0,936,1,Graduation,0.17454252915837404
78901.0,0,1,99,321,11,309,33,26,34,3,9,3,5,4,0,0,0,0,0,0,3,11,0,47,2444,1,0,0,0,0,0,0,1,0,0,700.0,666,0,Graduation,0.021721592730677326
71427.0,2,0,26,212,123,177,15,64,23,2,8,2,8,4,0,0,0,0,0,0,3,11,0,42,2268,0,1,0,0,0,0,0,1,0,0,591.0,568,0,Graduation,0.26710750515304127
71022.0,0,1,30,909,12,278,0,12,242,3,5,2,11,8,1,0,0,0,0,0,3,11,0,42,2297,1,0,0,0,0,0,0,1,0,0,1211.0,969,1,Graduation,0.2894253320842087
90247.0,0,0,27,1184,32,352,21,16,16,1,3,4,7,1,0,1,1,1,0,0,3,11,1,32,2220,0,0,1,0,0,0,0,0,1,0,1605.0,1589,3,Master,0.405881408440171
41335.0,1,0,24,112,19,21,16,14,5,3,4,1,4,7,0,0,0,0,0,0,3,11,0,52,2344,1,0,0,0,0,0,0,0,1,0,182.0,177,0,Master,0.148080497451121
71952.0,1,0,93,656,80,455,52,107,93,2,8,4,8,4,1,0,1,0,0,0,3,11,0,34,2694,0,1,0,0,0,0,0,1,0,0,1350.0,1257,2,Graduation,0.16339674400856818
35682.0,1,0,34,23,0,8,6,2,18,1,1,1,3,2,0,0,0,0,0,0,3,11,0,50,2161,1,0,0,0,0,0,0,0,0,1,39.0,21,0,PhD,0.1024124704758714
43185.0,0,1,88,537,6,42,16,6,30,2,9,3,6,8,0,0,0,0,0,0,3,11,0,69,2604,1,0,0,0,0,0,0,1,0,0,607.0,577,0,Graduation,0.04464887355915747
66375.0,0,1,96,712,0,45,0,0,191,3,2,4,5,7,1,0,0,0,0,0,3,11,0,72,2379,0,0,0,1,0,0,0,0,0,1,757.0,566,1,PhD,0.031594353182929746
35178.0,1,0,10,23,1,13,2,2,18,1,1,1,2,7,1,0,0,0,0,0,3,11,1,49,2694,0,1,0,0,0,0,0,0,1,0,41.0,23,1,Master,0.1730976045893976
25252.0,1,0,26,1,3,4,2,2,6,1,1,0,2,8,0,0,0,0,0,0,3,11,0,34,2511,0,1,0,0,0,0,0,1,0,0,12.0,6,0,Graduation,0.14358494724779655
55250.0,0,1,49,664,58,83,32,0,66,4,7,5,10,5,0,0,0,0,0,0,3,11,0,55,2775,0,0,1,0,0,0,0,0,1,0,837.0,771,0,Master,0.13662270877355698
33249.0,1,0,11,6,10,21,19,14,42,2,2,1,3,6,0,0,0,0,0,0,3,11,0,45,2653,0,0,1,0,0,0,0,1,0,0,70.0,28,0,Graduation,0.18513236902849933
58398.0,0,0,44,299,5,201,21,21,49,3,5,4,8,4,0,0,0,0,0,0,3,11,0,67,2570,0,0,0,1,0,0,0,1,0,0,547.0,498,0,Graduation,0.08302338018925283
50272.0,1,0,75,99,13,66,43,8,4,3,4,1,5,7,0,0,0,0,0,0,3,11,0,38,2485,0,0,0,1,0,0,0,1,0,0,229.0,225,0,Graduation,0.044961024886742806
76618.0,0,0,64,749,40,294,121,160,147,1,3,2,5,1,0,0,0,0,0,0,3,11,0,45,2728,0,1,0,0,0,0,0,0,0,1,1364.0,1217,0,PhD,0.17646117998899555
87305.0,0,0,19,345,25,501,63,138,80,1,5,3,8,2,0,0,1,0,0,0,3,11,1,60,2803,1,0,0,0,0,1,0,0,0,0,1072.0,992,1,2n Cycle,0.2183025764048009
25851.0,1,0,45,9,4,18,7,5,5,2,2,0,3,7,0,0,0,0,0,0,3,11,0,42,2662,0,0,0,1,0,0,0,1,0,0,43.0,38,0,Graduation,0.0980038914408778
58710.0,0,1,77,440,81,368,0,122,174,6,11,5,9,6,0,0,0,0,0,0,3,11,0,50,2614,1,0,0,0,0,0,0,1,0,0,1011.0,837,0,Graduation,0.09663014001748851
45160.0,1,1,9,8,2,5,3,0,3,1,1,0,2,7,0,0,0,0,0,0,3,11,0,62,2251,0,0,1,0,0,0,0,1,0,0,18.0,15,0,Graduation,0.14017813454852207
74806.0,0,1,1,670,9,249,0,28,9,2,5,4,5,4,0,0,0,0,0,0,3,11,0,55,2716,0,1,0,0,0,0,0,0,1,0,956.0,947,0,Master,0.3080219980702605
59111.0,0,0,90,524,0,134,28,28,155,1,11,1,8,7,0,0,0,0,0,0,3,11,0,66,2582,0,1,0,0,0,0,0,1,0,0,714.0,559,0,Graduation,0.03898456254023639
18988.0,1,0,43,6,0,6,2,1,1,2,1,0,3,7,0,0,0,0,0,0,3,11,0,36,2196,0,1,0,0,0,0,0,0,0,1,15.0,14,0,PhD,0.11129886210007604
72190.0,0,0,79,597,166,597,172,166,249,1,5,6,4,3,0,0,0,0,0,0,3,11,0,55,2660,0,1,0,0,0,0,0,1,0,0,1698.0,1449,0,Graduation,0.23842251691659944
7500.0,1,0,19,7,0,12,13,7,32,5,4,1,2,9,1,0,0,0,0,0,3,11,1,44,2856,0,1,0,0,0,0,0,1,0,0,39.0,7,1,Graduation,0.2267724280411998
44794.0,0,1,99,54,0,7,0,0,4,1,2,0,3,6,0,0,0,0,0,0,3,11,0,54,2180,0,1,0,0,0,0,0,1,0,0,61.0,57,0,Graduation,0.011568343810582986
80395.0,0,0,62,445,25,706,80,76,48,1,6,5,12,2,0,0,0,1,0,0,3,11,0,65,2377,0,1,0,0,0,0,0,1,0,0,1332.0,1284,1,Graduation,0.1576262784599821
75012.0,0,0,41,294,142,218,164,58,151,1,3,8,11,1,0,0,0,0,0,0,3,11,0,44,2314,1,0,0,0,0,0,0,0,1,0,876.0,725,0,Master,0.12599558689519974
56962.0,2,1,60,292,3,77,10,3,26,7,6,3,5,7,0,0,0,0,0,0,3,11,0,55,2420,0,1,0,0,0,0,0,0,1,0,385.0,359,0,Master,0.11848148292217953
89891.0,0,0,17,412,22,132,59,28,183,1,11,6,8,4,0,0,1,0,0,0,3,11,0,29,2599,0,0,0,1,0,0,0,1,0,0,653.0,470,1,Graduation,0.11252533999238899
35946.0,1,1,24,8,0,3,0,0,0,1,0,0,3,5,0,0,0,0,0,0,3,11,0,71,2434,1,0,0,0,0,0,0,0,0,1,11.0,11,0,PhD,0.11574540399909558
53593.0,1,1,60,349,4,78,6,0,43,8,7,2,6,8,0,0,0,0,0,0,3,11,0,67,2850,0,0,0,1,0,0,0,0,0,1,437.0,394,0,PhD,0.0837664851206618
66373.0,1,1,57,328,9,124,12,24,109,7,4,2,10,3,0,0,0,0,0,0,3,11,0,42,2541,0,1,0,0,0,0,0,1,0,0,497.0,388,0,Graduation,0.08351094315575193
45072.0,1,2,74,144,2,99,7,2,30,5,6,1,4,8,0,0,0,0,0,0,3,11,0,72,2415,1,0,0,0,0,0,0,0,0,1,254.0,224,0,PhD,0.04966286701991099
89694.0,1,1,22,1126,28,211,37,28,42,3,4,3,4,5,0,1,1,1,0,0,3,11,0,47,2422,1,0,0,0,0,0,0,1,0,0,1430.0,1388,3,Graduation,0.47374630081810376
72025.0,0,0,46,967,0,617,43,50,0,1,4,8,13,2,0,1,1,1,0,0,3,11,1,71,2220,0,1,0,0,0,0,0,1,0,0,1677.0,1677,3,Graduation,0.3955112155350754
67432.0,0,1,69,432,79,341,177,136,170,2,8,5,4,4,0,0,0,0,0,0,3,11,0,47,2616,0,1,0,0,0,0,0,1,0,0,1165.0,995,0,Graduation,0.1311094325094541
70545.0,0,1,29,138,39,63,55,18,21,1,4,1,7,2,0,0,0,0,0,0,3,11,0,68,2185,0,0,0,1,0,0,0,0,1,0,313.0,292,0,Master,0.059803193759411385
17487.0,1,0,37,0,0,1,7,4,6,1,1,0,2,7,0,0,0,0,0,0,3,11,0,31,2627,0,1,0,0,0,0,1,0,0,0,12.0,6,0,Basic,0.13066445831606044
62882.0,0,1,26,509,133,497,78,24,97,2,7,5,6,4,0,0,0,0,0,0,3,11,0,51,2848,0,0,0,1,0,0,0,1,0,0,1241.0,1144,0,Graduation,0.3552444838818669
64108.0,0,1,8,948,10,86,13,21,21,4,6,9,11,5,0,0,0,0,0,0,3,11,0,67,2622,0,0,1,0,0,0,0,0,0,1,1078.0,1057,0,PhD,0.36686414417206253
34941.0,1,1,26,39,2,25,4,3,24,2,3,0,3,8,0,0,0,0,0,0,3,11,0,64,2639,0,0,0,1,0,0,0,0,1,0,73.0,49,0,Master,0.12780522550948062
48767.0,1,2,79,28,1,21,3,0,10,3,2,1,3,5,0,0,0,0,0,0,3,11,0,70,2338,0,0,1,0,0,0,0,0,0,1,53.0,43,0,PhD,0.027806898899601775
38702.0,1,0,71,13,11,24,13,8,40,2,3,0,4,6,0,0,0,0,0,0,3,11,0,42,2491,0,0,0,1,0,1,0,0,0,0,69.0,29,0,2n Cycle,0.04468394088310855
82224.0,0,0,83,307,26,360,138,31,40,1,6,9,5,3,0,0,0,1,0,0,3,11,0,56,2314,0,1,0,0,0,0,0,1,0,0,862.0,822,1,Graduation,0.04034650190403888
83844.0,0,0,57,901,31,345,75,31,191,1,4,4,11,1,0,0,1,0,0,0,3,11,0,68,2572,0,0,0,1,0,0,0,1,0,0,1383.0,1192,1,Graduation,0.17884544751414833
17003.0,1,0,37,2,5,12,4,8,7,3,2,0,4,5,0,0,0,0,0,0,3,11,0,45,2361,0,1,0,0,0,1,0,0,0,0,31.0,24,0,2n Cycle,0.13267654097619666
71163.0,0,0,30,283,17,372,138,106,44,1,3,8,12,1,0,0,0,0,0,0,3,11,0,25,2271,0,0,1,0,0,0,0,1,0,0,916.0,872,0,Graduation,0.18756514752659426
33697.0,1,0,34,4,3,7,0,3,11,1,1,0,2,7,1,0,0,0,0,0,3,11,0,50,2446,0,0,1,0,0,0,0,1,0,0,17.0,6,1,Graduation,0.10192127630338757
63564.0,0,0,0,769,80,252,15,34,65,1,10,10,7,6,1,0,0,0,0,0,3,11,1,66,2310,0,1,0,0,0,1,0,0,0,0,1150.0,1085,1,2n Cycle,0.4529448577291867
83443.0,0,0,89,518,42,742,55,56,84,1,6,10,5,2,0,0,0,0,0,0,3,11,0,48,2339,0,0,0,1,0,0,0,0,0,1,1413.0,1329,0,PhD,0.09990740792386206
51518.0,0,1,92,350,8,66,17,4,4,2,3,2,10,3,0,0,0,0,0,0,3,11,0,62,2428,0,0,0,1,0,0,0,0,0,1,445.0,441,0,PhD,0.025502280038773296
58330.0,0,1,87,445,53,213,104,98,151,1,6,4,13,4,0,0,0,0,0,0,3,11,0,45,2345,0,0,0,0,1,0,0,1,0,0,913.0,762,0,Graduation,0.06520327519611258
80952.0,0,0,20,778,178,689,41,27,44,1,8,5,11,8,0,1,1,1,0,0,3,11,1,51,2645,0,1,0,0,0,0,0,1,0,0,1713.0,1669,3,Graduation,0.5387158734632409
75507.0,0,0,56,709,93,374,104,80,80,1,8,6,6,3,0,0,0,0,0,0,3,11,0,41,2217,0,0,0,1,0,0,0,1,0,0,1360.0,1280,0,Graduation,0.21067320257215755
63855.0,0,0,28,359,35,314,93,116,89,1,7,3,13,4,0,0,0,0,0,0,3,11,0,42,2664,0,0,0,1,0,1,0,0,0,0,917.0,828,0,2n Cycle,0.21308360208145782
62220.0,0,1,55,799,12,375,16,12,12,5,7,6,5,6,0,0,0,0,0,0,3,11,1,48,2846,0,0,0,1,0,0,0,0,0,1,1214.0,1202,0,PhD,0.2066959315652523
58512.0,0,1,25,895,10,101,13,0,152,5,3,4,8,8,0,0,0,0,0,0,3,11,0,56,2442,0,1,0,0,0,0,0,1,0,0,1019.0,867,0,Graduation,0.2791501188769076
40662.0,1,0,0,40,2,23,0,4,23,2,2,1,3,4,0,0,0,0,0,0,3,11,0,41,2630,0,1,0,0,0,0,0,0,1,0,69.0,46,0,Master,0.20549648629514497
38829.0,0,1,86,76,0,7,0,0,16,1,3,2,2,5,0,0,0,0,0,0,3,11,0,61,2243,0,1,0,0,0,0,0,0,0,1,83.0,67,0,PhD,0.01835065983463181
35523.0,1,0,8,11,5,22,12,5,11,2,3,0,3,7,0,0,0,0,0,0,3,11,0,39,2428,0,1,0,0,0,1,0,0,0,0,55.0,44,0,2n Cycle,0.18680949399136182
79146.0,1,1,33,245,16,223,21,43,16,2,8,1,8,6,0,0,0,0,0,0,3,11,0,53,2225,0,0,1,0,0,0,0,1,0,0,548.0,532,0,Graduation,0.12134612203681301
78285.0,0,0,13,647,107,391,175,67,40,1,6,4,10,3,0,0,0,0,0,0,3,11,0,32,2403,0,1,0,0,0,0,0,0,1,0,1387.0,1347,0,Master,0.43948827583857386
31626.0,1,0,12,39,1,9,2,1,34,1,2,1,2,7,1,0,0,0,0,0,3,11,1,42,2574,0,0,1,0,0,0,0,0,0,1,52.0,18,1,PhD,0.18177713204447715
75127.0,0,0,92,203,35,305,46,17,227,1,2,11,5,1,0,0,0,0,0,0,3,11,0,68,2197,0,0,1,0,0,0,0,1,0,0,606.0,379,0,Graduation,0.021919144460283403
48726.0,0,1,90,138,3,38,4,0,59,3,3,2,4,6,0,0,0,0,0,0,3,11,0,65,2587,0,1,0,0,0,0,0,1,0,0,183.0,124,0,Graduation,0.016628122792334304
74985.0,0,0,8,587,51,898,247,0,86,1,3,6,7,2,0,0,0,0,0,0,3,11,0,43,2815,0,1,0,0,0,0,0,1,0,0,1783.0,1697,0,Graduation,0.6747944496263202
67430.0,0,0,6,595,97,291,127,133,121,1,11,5,12,6,0,0,0,0,0,0,3,11,0,33,2821,0,0,0,1,0,0,0,1,0,0,1243.0,1122,0,Graduation,0.4623551015515269
46891.0,0,1,91,43,12,23,29,15,61,1,2,1,4,4,0,0,0,0,0,0,3,11,0,55,2460,0,1,0,0,0,1,0,0,0,0,122.0,61,0,2n Cycle,0.01521044088900377
62058.0,0,1,52,301,7,74,10,0,58,4,6,1,7,6,0,0,0,0,0,0,3,11,0,64,2558,0,1,0,0,0,0,0,0,1,0,392.0,334,0,Master,0.0482614767915234
72063.0,0,1,3,180,32,348,76,32,90,2,5,2,12,2,0,0,0,0,0,0,3,11,0,41,2520,0,1,0,0,0,0,0,1,0,0,668.0,578,0,Graduation,0.2040526811502977
78939.0,0,0,57,794,115,243,150,0,205,1,8,5,6,3,0,0,0,0,0,0,3,11,0,69,2358,0,1,0,0,0,0,0,0,0,1,1302.0,1097,0,PhD,0.16881948630183133
42720.0,1,1,9,392,5,91,28,26,112,8,7,3,7,8,0,0,0,0,0,0,3,11,1,55,2590,0,0,1,0,0,0,0,1,0,0,542.0,430,0,Graduation,0.3363143823644755
33622.0,1,1,22,39,1,22,3,4,12,3,2,0,4,7,0,0,0,0,0,0,3,11,0,48,2601,0,1,0,0,0,0,0,1,0,0,69.0,57,0,Graduation,0.14570348481827328
6835.0,0,1,76,107,2,12,2,2,12,0,0,0,1,20,0,0,0,0,0,0,3,11,0,63,2727,0,0,0,1,0,0,0,0,0,1,125.0,113,0,PhD,0.04677961457304178
41452.0,1,1,86,13,0,3,0,0,0,1,1,0,2,7,0,0,0,0,0,0,3,11,0,67,2639,0,0,0,1,0,0,0,1,0,0,16.0,16,0,Graduation,0.02534163455638042
40760.0,0,1,64,70,0,17,0,0,6,2,2,1,3,6,0,0,0,0,0,0,3,11,0,55,2462,0,0,1,0,0,0,0,0,0,1,87.0,81,0,PhD,0.030609803855834932
74250.0,0,0,90,680,11,392,75,0,0,1,2,11,4,1,0,0,0,0,0,0,3,11,0,62,2313,0,0,0,1,0,0,0,0,0,1,1158.0,1158,0,PhD,0.06970977127816501
51124.0,1,1,79,26,1,11,0,1,4,2,1,0,3,3,0,0,0,0,0,0,3,11,0,65,2352,0,0,1,0,0,0,0,0,1,0,39.0,35,0,Master,0.026113947154301036
72258.0,0,1,28,522,0,522,227,120,134,2,6,9,5,2,0,0,0,0,0,0,3,11,0,49,2449,0,0,1,0,0,0,0,1,0,0,1391.0,1257,0,Graduation,0.3725077597963759
71466.0,0,0,86,412,12,546,78,182,0,1,4,4,10,1,0,0,0,0,0,0,3,11,0,46,2244,0,0,1,0,0,0,0,0,0,1,1230.0,1230,0,PhD,0.09492217071058844
36283.0,1,1,42,6,5,5,8,0,5,2,1,0,3,4,0,0,0,0,0,0,3,11,0,44,2235,0,0,0,1,0,0,0,1,0,0,24.0,19,0,Graduation,0.08340652179848751
20587.0,1,0,39,2,3,6,4,1,9,1,1,1,2,7,0,0,0,0,0,0,3,11,0,50,2208,0,0,1,0,0,0,0,1,0,0,16.0,7,0,Graduation,0.11508735485265326
30467.0,1,0,8,1,3,8,2,5,5,1,1,0,2,7,0,0,0,0,0,0,3,11,0,48,2261,0,1,0,0,0,0,0,1,0,0,19.0,14,0,Graduation,0.18794296744918748
31590.0,1,0,40,6,2,15,6,6,3,1,1,0,3,8,0,0,0,0,0,0,3,11,0,48,2535,0,0,0,1,0,0,0,1,0,0,35.0,32,0,Graduation,0.09616953236960823
20425.0,1,0,5,4,12,5,3,16,17,2,2,0,3,7,0,0,0,0,0,0,3,11,0,34,2767,0,1,0,0,0,0,1,0,0,0,40.0,23,0,Basic,0.24680724461793221
17144.0,1,1,96,18,2,19,0,2,6,5,3,0,4,7,0,0,0,0,0,0,3,11,0,60,2293,0,0,0,1,0,0,0,0,1,0,41.0,35,0,Master,0.034069931362884026
42564.0,0,1,28,324,48,186,39,18,198,6,6,8,4,7,1,0,0,0,0,0,3,11,1,52,2702,1,0,0,0,0,0,0,0,0,1,615.0,417,1,PhD,0.1793532132805801
43783.0,1,0,22,327,9,125,25,4,139,6,7,1,8,7,1,0,0,0,0,0,3,11,0,42,2190,0,1,0,0,0,0,0,0,1,0,490.0,351,1,Master,0.250046394188469
40780.0,0,1,30,229,27,71,13,3,34,4,7,1,5,9,0,0,0,0,0,0,3,11,0,44,2818,1,0,0,0,0,0,0,1,0,0,343.0,309,0,Graduation,0.11183108210777372
62847.0,0,0,45,521,168,706,80,76,61,1,3,6,4,2,0,0,0,0,0,0,3,11,0,75,2689,0,0,0,1,0,0,0,0,1,0,1551.0,1490,0,Master,0.381603518522584
82017.0,0,0,58,184,23,446,30,23,23,1,5,4,7,2,0,1,1,1,0,0,3,11,1,63,2758,0,1,0,0,0,0,0,0,0,1,706.0,683,3,PhD,0.05296185282784223
16813.0,0,0,49,4,8,11,12,2,13,1,2,0,3,7,1,0,0,0,0,0,3,11,0,70,2504,0,0,1,0,0,0,0,1,0,0,37.0,24,1,Graduation,0.06042311749116862
51267.0,1,1,37,183,2,64,7,2,12,4,3,3,5,4,0,0,0,0,0,0,3,11,0,42,2402,0,1,0,0,0,0,0,1,0,0,258.0,246,0,Graduation,0.11003642240021365
46524.0,0,1,70,31,19,35,26,14,52,2,1,1,5,3,0,0,0,0,0,0,3,11,0,59,2609,0,0,1,0,0,0,0,1,0,0,125.0,73,0,Graduation,0.02535499697358809
45183.0,0,0,33,219,3,60,12,9,12,1,4,1,7,7,0,1,0,0,0,0,3,11,0,58,2684,0,0,1,0,0,0,0,0,1,0,303.0,291,1,Master,0.08736172615502039
70421.0,0,1,98,479,28,136,75,14,35,3,10,3,7,6,0,0,0,0,0,0,3,11,0,66,2160,0,1,0,0,0,0,0,0,0,1,732.0,697,0,PhD,0.026847587654065218
60161.0,0,1,17,584,44,212,46,8,177,3,11,4,8,8,0,0,0,0,0,0,3,11,0,55,2773,1,0,0,0,0,1,0,0,0,0,894.0,717,0,2n Cycle,0.2615847791927339
73926.0,0,0,54,627,91,597,159,91,15,1,6,5,12,3,0,0,0,0,0,0,3,11,0,47,2643,0,0,0,1,0,0,0,1,0,0,1565.0,1550,0,Graduation,0.30263877298657593
19329.0,1,0,39,24,1,16,12,2,5,3,4,0,3,8,0,0,0,0,0,0,3,11,0,52,2356,0,1,0,0,0,0,0,1,0,0,55.0,50,0,Graduation,0.12570377428068286
61872.0,0,1,81,330,5,159,36,27,16,4,4,4,9,4,0,0,0,0,0,0,3,11,0,50,2357,0,1,0,0,0,0,0,0,1,0,557.0,541,0,Master,0.03476552358969167
46984.0,1,1,71,19,1,10,2,1,8,1,1,0,3,5,0,0,0,0,0,0,3,11,0,64,2619,0,0,0,0,1,0,0,1,0,0,33.0,25,0,Graduation,0.0339114708018375
34838.0,1,1,62,28,23,29,29,14,47,3,2,1,4,6,0,0,0,0,0,0,3,11,0,69,2685,0,1,0,0,0,0,0,1,0,0,123.0,76,0,Graduation,0.06220029378803974
82716.0,0,0,8,606,148,228,15,148,22,1,6,8,13,2,0,0,0,0,0,0,3,11,0,76,2395,0,0,1,0,0,0,0,0,0,1,1145.0,1123,0,PhD,0.3101031373642338
48192.0,0,0,76,1039,43,204,153,58,29,3,2,8,12,8,0,1,0,1,1,0,3,11,1,62,2608,0,1,0,0,0,0,0,1,0,0,1497.0,1468,3,Graduation,0.26211199344069963
49681.0,0,2,66,411,0,26,0,0,21,6,7,1,7,7,0,0,0,0,0,0,3,11,0,44,2396,0,1,0,0,0,0,0,0,1,0,437.0,416,0,Master,0.05004636031040591
56850.0,0,1,83,34,1,19,2,7,0,1,1,1,3,2,0,0,0,0,0,0,3,11,0,49,2257,0,1,0,0,0,0,0,0,1,0,63.0,63,0,Master,0.013662077469150708
55267.0,0,1,28,161,28,136,32,3,45,4,3,4,6,3,0,0,0,0,0,0,3,11,0,63,2410,0,1,0,0,0,0,0,1,0,0,360.0,315,0,Graduation,0.08957058363730755
59666.0,1,1,87,623,53,178,23,17,133,7,3,2,8,8,0,1,0,0,0,0,3,11,0,48,2623,0,1,0,0,0,0,0,1,0,0,894.0,761,1,Graduation,0.09951631830970167
72504.0,0,1,43,604,26,470,123,161,94,2,5,9,6,2,0,0,0,0,0,0,3,11,0,48,2608,0,0,1,0,0,0,0,1,0,0,1384.0,1290,0,Graduation,0.2875007597169842
26872.0,0,0,0,3,10,8,3,16,32,1,1,1,2,6,0,0,0,0,0,0,3,11,0,39,2415,0,1,0,0,0,0,0,1,0,0,40.0,8,0,Graduation,0.15916402948622235
21359.0,1,0,1,12,2,17,6,1,10,2,2,0,3,8,0,0,0,0,0,0,3,11,1,48,2594,0,0,1,0,0,0,0,1,0,0,38.0,28,0,Graduation,0.25524355055614917
73170.0,0,0,1,184,174,256,50,30,32,1,5,4,6,2,0,0,0,0,0,0,3,11,0,45,2188,0,0,1,0,0,0,0,1,0,0,694.0,662,0,Graduation,0.21589814459762335
52750.0,0,1,72,393,0,239,90,69,69,6,5,7,9,4,0,0,0,0,0,0,3,11,0,65,2669,0,1,0,0,0,0,0,0,1,0,791.0,722,0,Master,0.07758010710932182
91820.0,0,0,72,410,73,747,76,161,30,0,5,5,12,1,0,0,0,0,0,0,3,11,0,34,2377,0,0,0,1,0,0,0,0,0,1,1467.0,1437,0,PhD,0.14114306811148777
65968.0,0,1,12,376,9,83,19,4,4,2,5,4,7,3,0,0,0,0,0,0,3,11,0,50,2207,0,0,0,1,0,0,0,0,0,1,491.0,487,0,PhD,0.13677150460425264
30772.0,1,1,89,7,2,4,2,1,4,1,1,0,2,6,0,0,0,0,0,0,3,11,0,44,2268,0,1,0,0,0,0,0,1,0,0,16.0,12,0,Graduation,0.030475347484482843
22507.0,0,0,67,68,0,226,51,157,68,3,10,2,4,9,0,0,0,0,0,0,3,11,0,66,2741,0,0,1,0,0,0,0,1,0,0,502.0,434,0,Graduation,0.08769273694781766
65685.0,0,1,54,642,14,49,0,7,57,1,9,2,9,5,0,0,0,0,0,0,3,11,0,48,2251,0,1,0,0,0,0,0,1,0,0,712.0,655,0,Graduation,0.08207466024316137
25804.0,1,0,34,8,7,9,13,6,12,2,2,0,3,8,0,0,0,0,0,0,3,11,0,42,2460,0,1,0,0,0,1,0,0,0,0,43.0,31,0,2n Cycle,0.12477125188448064
76412.0,0,0,15,840,53,804,23,71,17,1,5,4,8,3,0,0,1,1,0,0,3,11,1,40,2579,0,0,1,0,0,0,0,0,0,1,1791.0,1774,2,PhD,0.6346483996155442
22063.0,1,0,43,7,10,13,3,11,11,2,2,0,3,7,0,0,0,0,0,0,3,11,0,48,2484,0,1,0,0,0,0,0,1,0,0,44.0,33,0,Graduation,0.1085091299942506
57091.0,0,0,0,464,5,64,7,0,37,1,7,3,7,5,0,0,0,0,1,0,3,11,1,59,2173,0,0,1,0,0,0,0,1,0,0,540.0,503,1,Graduation,0.21586603400381393
22419.0,0,0,74,30,3,47,19,21,42,1,3,2,2,8,0,0,0,0,0,0,3,11,0,57,2596,0,1,0,0,0,0,0,1,0,0,120.0,78,0,Graduation,0.03651537956878263
87771.0,0,1,61,1492,38,287,50,57,33,1,5,10,4,6,0,1,1,1,1,0,3,11,1,61,2562,0,0,0,1,0,0,0,1,0,0,1924.0,1891,4,Graduation,0.35875604533836436
78353.0,0,1,51,752,122,476,39,153,34,1,10,2,11,8,0,0,0,0,0,0,3,11,0,61,2598,1,0,0,0,0,1,0,0,0,0,1542.0,1508,0,2n Cycle,0.28353287757229273
37859.0,1,2,75,22,1,8,2,1,2,2,1,0,3,8,0,0,0,0,0,0,3,11,0,58,2692,1,0,0,0,0,0,0,1,0,0,34.0,32,0,Graduation,0.03729927725780339
80995.0,0,1,83,860,28,409,73,56,56,1,8,9,4,4,0,0,0,0,0,0,3,11,0,62,2573,0,0,0,0,1,0,0,0,0,1,1426.0,1370,0,PhD,0.11856155642267069
16529.0,1,0,23,3,0,5,13,0,1,1,1,0,3,6,0,0,0,0,0,0,3,11,0,36,2279,0,0,0,1,0,0,0,1,0,0,21.0,20,0,Graduation,0.17884991117372706
55412.0,1,1,65,10,5,28,11,1,8,1,2,0,3,5,0,0,0,0,0,0,3,11,0,44,2378,1,0,0,0,0,0,0,0,0,1,55.0,47,0,PhD,0.03623300709305353
48789.0,0,0,94,351,16,156,7,5,145,1,6,4,7,6,0,0,0,0,0,0,3,11,0,28,2816,0,0,1,0,0,0,0,1,0,0,535.0,390,0,Graduation,0.03294940934776727
56575.0,0,2,42,421,5,90,0,16,10,3,7,3,7,5,0,0,0,0,0,0,3,11,0,53,2579,0,0,0,1,0,0,0,0,0,1,532.0,522,0,PhD,0.089790779700613
25130.0,1,0,10,2,5,7,0,18,18,2,2,0,3,7,0,0,0,0,0,0,3,11,0,40,2429,0,0,0,1,0,1,0,0,0,0,32.0,14,0,2n Cycle,0.20390155515379832
35441.0,1,1,94,25,1,9,2,1,1,2,1,0,3,8,0,0,0,0,0,0,3,11,0,53,2659,0,1,0,0,0,0,0,1,0,0,38.0,37,0,Graduation,0.025310654967949084
71391.0,0,1,50,336,123,274,46,123,141,5,6,5,12,3,0,0,0,0,0,0,3,11,0,64,2616,0,1,0,0,0,0,0,1,0,0,902.0,761,0,Graduation,0.11134400086102046
49494.0,1,0,46,191,9,97,0,6,82,2,6,1,5,7,0,0,0,0,0,0,3,11,0,48,2589,0,0,1,0,0,0,0,0,1,0,303.0,221,0,Master,0.09994733248654408
81702.0,0,0,98,563,50,774,28,31,187,1,7,7,12,3,0,0,0,0,0,0,3,11,0,40,2803,1,0,0,0,0,0,0,1,0,0,1446.0,1259,0,Graduation,0.0911238271736137
45889.0,0,1,42,31,0,6,0,1,8,1,1,0,3,6,0,0,0,0,0,0,3,11,0,40,2521,0,0,1,0,0,1,0,0,0,0,38.0,30,0,2n Cycle,0.04380277674052226
56628.0,0,1,30,479,5,82,7,17,171,2,7,6,5,5,1,0,0,0,0,0,3,11,0,43,2259,0,0,1,0,0,0,0,1,0,0,590.0,419,1,Graduation,0.13221517558881055
34026.0,1,1,11,18,6,15,12,8,17,3,2,1,3,5,0,0,0,0,0,0,3,11,0,70,2487,0,0,0,1,0,0,0,1,0,0,59.0,42,0,Graduation,0.17150653181836448
40049.0,0,1,61,91,65,52,10,44,28,3,3,2,6,5,0,0,0,0,0,0,3,11,0,46,2736,0,1,0,0,0,0,0,1,0,0,262.0,234,0,Graduation,0.04787131247777916
34176.0,1,0,12,5,7,24,19,14,20,4,3,0,4,6,0,0,0,0,0,0,3,11,0,32,2207,0,0,1,0,0,0,0,1,0,0,69.0,49,0,Graduation,0.18265866124008343
19419.0,1,0,76,2,14,28,16,3,7,4,4,0,3,9,0,0,0,0,0,0,3,11,0,39,2755,0,1,0,0,0,0,0,1,0,0,63.0,56,0,Graduation,0.056962226186528075
82504.0,0,0,2,362,50,431,134,35,54,1,3,6,7,1,0,0,0,0,0,0,3,11,0,60,2496,0,1,0,0,0,1,0,0,0,0,1012.0,958,0,2n Cycle,0.2923279164880598
81205.0,0,0,43,724,74,929,97,55,130,1,5,6,7,2,1,0,1,0,1,0,3,11,1,50,2326,0,0,0,1,0,0,0,1,0,0,1879.0,1749,3,Graduation,0.48135070659304
61618.0,0,0,27,605,91,399,0,45,205,2,3,6,8,3,0,0,0,0,0,0,3,11,0,29,2797,0,0,1,0,0,1,0,0,0,0,1140.0,935,0,2n Cycle,0.3201158130483899
55284.0,0,1,60,547,7,140,0,7,63,3,7,5,8,5,0,0,0,0,0,0,3,11,0,64,2711,0,0,1,0,0,0,0,0,1,0,701.0,638,0,Master,0.08222401738607646
49980.0,0,1,79,104,1,54,13,9,14,2,3,1,5,5,0,0,0,0,0,0,3,11,0,57,2408,0,0,1,0,0,0,0,1,0,0,181.0,167,0,Graduation,0.021442949812752264
15072.0,2,0,96,8,2,15,0,10,18,4,3,1,3,5,0,0,0,0,0,0,3,11,0,40,2574,0,1,0,0,0,0,0,1,0,0,35.0,17,0,Graduation,0.06069314065205256
49166.0,0,1,17,224,2,25,7,0,110,2,5,3,3,6,0,0,0,0,0,0,3,11,0,46,2540,0,0,1,0,0,0,0,1,0,0,258.0,148,0,Graduation,0.10934638208941797
65324.0,0,1,0,384,0,102,21,32,5,3,6,2,9,4,0,0,0,0,0,0,3,11,0,66,2328,0,1,0,0,0,0,0,0,0,1,539.0,534,0,PhD,0.18671461001675554
82347.0,0,0,38,556,54,845,202,133,63,1,7,7,10,3,1,0,0,1,0,0,3,11,0,63,2759,0,1,0,0,0,1,0,0,0,0,1790.0,1727,2,2n Cycle,0.45394463886397907
30843.0,1,1,43,24,0,2,0,0,9,2,1,1,2,5,1,0,0,0,0,0,3,11,0,54,2193,0,0,0,1,0,0,0,0,0,1,26.0,17,1,PhD,0.08858356983909807
46374.0,0,1,1,408,0,21,0,0,17,3,7,1,7,8,0,1,0,1,0,0,3,11,1,46,2263,0,1,0,0,0,0,0,0,0,1,429.0,412,2,PhD,0.2143479682720961
60474.0,0,1,25,265,199,303,234,9,170,7,10,2,12,7,0,0,0,0,0,0,3,11,0,41,2613,0,0,1,0,0,0,0,1,0,0,1010.0,840,0,Graduation,0.2742592784906259
38576.0,0,1,2,34,0,7,0,0,0,1,1,0,3,7,0,0,0,0,0,0,3,11,0,47,2276,0,1,0,0,0,0,0,0,1,0,41.0,41,0,Master,0.1231901857225359
55357.0,2,0,66,374,64,116,84,25,64,3,6,2,11,5,0,0,0,0,0,0,3,11,0,35,2654,0,1,0,0,0,0,0,1,0,0,663.0,599,0,Graduation,0.1808204814534765
37758.0,1,1,49,27,2,10,0,0,1,2,1,0,3,8,0,0,0,0,0,0,3,11,0,54,2792,0,0,0,1,0,0,0,1,0,0,39.0,38,0,Graduation,0.06978585395605784
85710.0,0,0,5,600,20,350,29,30,33,1,6,9,10,2,0,0,1,0,0,0,3,11,0,31,2579,0,1,0,0,0,1,0,0,0,0,1029.0,996,1,2n Cycle,0.2843023551899025
23228.0,1,0,71,13,2,18,6,1,0,2,2,0,3,8,0,0,0,0,0,0,3,11,0,51,2313,0,0,0,1,0,0,0,1,0,0,40.0,40,0,Graduation,0.055565618211376365
44602.0,1,1,35,167,2,89,0,0,34,6,6,1,4,8,0,0,0,0,0,0,3,11,0,51,2293,0,0,0,1,0,0,0,0,1,0,258.0,224,0,Master,0.12695772823833942
7500.0,0,0,94,0,2,3,4,1,5,1,0,0,3,6,0,0,0,0,0,0,3,11,0,33,2695,0,1,0,0,0,0,0,1,0,0,10.0,5,0,Graduation,0.025598655535483582
38683.0,1,0,80,46,35,69,84,41,66,6,4,1,6,7,0,0,0,0,0,0,3,11,0,31,2792,0,0,0,1,0,1,0,0,0,0,275.0,209,0,2n Cycle,0.05527253896737246
49514.0,1,0,61,88,39,78,58,13,93,2,6,1,4,7,0,0,0,0,0,0,3,11,0,45,2353,0,0,1,0,0,1,0,0,0,0,276.0,183,0,2n Cycle,0.06812735098951758
57906.0,0,1,29,243,11,119,10,3,15,3,4,2,8,4,0,0,0,0,0,0,3,11,0,47,2542,0,0,0,1,0,0,0,0,0,1,386.0,371,0,PhD,0.0904826520351071
43456.0,0,1,0,275,11,68,25,7,7,3,5,1,8,5,0,0,0,0,0,0,3,11,0,54,2619,0,0,1,0,0,0,0,0,1,0,386.0,379,0,Master,0.2105568625073878
19485.0,2,0,80,6,0,4,0,0,0,1,1,0,2,7,0,0,0,0,0,0,3,11,0,34,2437,0,0,1,0,0,0,0,0,1,0,10.0,10,0,Master,0.07788645636709883
53172.0,0,1,54,121,62,90,68,20,125,3,2,3,8,3,0,0,0,0,0,0,3,11,0,42,2578,0,0,0,1,0,0,0,1,0,0,361.0,236,0,Graduation,0.053729538036996385
30545.0,1,0,71,4,12,15,19,7,12,2,2,0,3,7,0,0,0,0,0,0,3,11,0,41,2779,0,0,0,1,0,0,0,1,0,0,57.0,45,0,Graduation,0.05107040036010996
70123.0,0,0,27,1308,0,396,23,0,0,1,5,7,4,3,0,1,0,0,1,0,3,11,0,37,2433,0,0,0,1,0,0,0,0,0,1,1727.0,1727,2,PhD,0.5642009998086154
62450.0,0,1,61,515,47,267,62,66,38,2,5,5,4,3,0,1,0,0,0,0,3,11,0,61,2333,0,0,1,0,0,0,0,1,0,0,957.0,919,1,Graduation,0.11399135743298011
21675.0,1,0,55,4,0,16,17,4,4,3,4,0,3,7,0,0,0,0,0,0,3,11,0,44,2177,0,0,0,1,0,0,0,1,0,0,41.0,37,0,Graduation,0.08386864817020531
42395.0,1,1,35,48,13,57,24,15,25,4,3,1,4,7,0,0,0,0,0,0,3,11,0,39,2245,0,0,1,0,0,1,0,0,0,0,157.0,132,0,2n Cycle,0.11265193202109883
61346.0,1,0,34,562,58,168,43,16,142,1,5,7,10,3,0,0,0,0,0,0,3,11,0,42,2425,0,0,0,1,0,0,0,0,1,0,847.0,705,0,Master,0.2660516946596017
80812.0,0,0,95,769,22,500,210,143,33,1,4,8,5,2,1,0,1,1,0,0,3,11,0,67,2444,0,0,0,1,0,0,0,1,0,0,1644.0,1611,3,Graduation,0.1342825163568289
42835.0,1,1,64,379,4,93,12,9,98,7,6,6,4,6,0,0,0,0,0,0,3,11,0,49,2523,1,0,0,0,0,0,0,0,1,0,497.0,399,0,Master,0.10773991133729391
39922.0,1,0,30,29,12,59,19,1,36,2,3,0,4,8,0,0,0,0,0,0,3,11,0,37,2659,0,1,0,0,0,0,0,1,0,0,120.0,84,0,Graduation,0.12316910374880145
86424.0,0,0,12,387,68,569,89,45,68,1,6,9,12,1,0,0,0,0,0,0,3,11,0,64,2244,0,0,1,0,0,0,0,0,1,0,1158.0,1090,0,Master,0.28516400103065176
17117.0,1,0,96,12,23,38,30,18,7,4,3,1,3,9,0,0,0,0,0,0,3,11,0,42,2687,0,0,0,1,0,1,0,0,0,0,121.0,114,0,2n Cycle,0.04144255002400959
24762.0,1,0,16,6,10,12,3,15,40,3,3,1,2,8,1,0,0,0,0,0,3,11,1,48,2298,0,0,1,0,0,0,0,1,0,0,46.0,6,1,Graduation,0.1837081805904391
35797.0,0,1,16,27,1,14,4,1,21,2,2,0,3,8,0,0,0,0,0,0,3,11,0,45,2780,0,1,0,0,0,0,0,1,0,0,47.0,26,0,Graduation,0.09665236216603432
36627.0,2,0,78,9,1,5,0,0,1,1,0,0,3,5,0,0,0,0,0,0,3,11,0,45,2500,1,0,0,0,0,0,0,1,0,0,15.0,14,0,Graduation,0.058528288236056686
51111.0,1,1,83,22,0,19,6,5,3,2,2,0,3,6,0,0,0,0,0,0,3,11,0,39,2169,0,1,0,0,0,1,0,0,0,0,52.0,49,0,2n Cycle,0.02575192170982759
86857.0,0,0,96,899,102,838,133,102,40,1,5,6,10,2,0,0,0,0,0,0,3,11,1,48,2814,0,0,1,0,0,0,0,0,0,1,2074.0,2034,0,PhD,0.2518422587210589
82072.0,0,0,67,889,55,685,168,92,129,1,3,2,13,1,0,0,0,0,0,0,3,11,0,50,2521,0,0,0,1,0,0,0,0,0,1,1889.0,1760,0,PhD,0.34028330621853115
46231.0,2,1,87,189,2,55,0,5,12,4,6,1,4,9,0,0,0,0,0,0,3,11,0,67,2739,0,0,1,0,0,0,0,0,0,1,251.0,239,0,PhD,0.05967016880379543
42243.0,1,1,34,48,0,2,0,0,5,2,2,0,3,7,0,0,0,0,0,0,3,11,0,61,2359,0,1,0,0,0,0,0,1,0,0,50.0,45,0,Graduation,0.09085318509871097
51195.0,1,1,46,230,14,156,82,24,58,8,9,2,5,8,0,0,0,0,0,0,3,11,0,58,2613,0,0,0,1,0,0,0,1,0,0,506.0,448,0,Graduation,0.13714213731209254
68092.0,0,0,7,852,60,207,78,36,48,2,2,6,10,5,0,0,0,0,0,0,3,11,0,42,2354,0,0,1,0,0,0,0,0,1,0,1233.0,1185,0,Master,0.4430195185946949
31814.0,1,0,73,35,3,20,4,1,20,2,2,0,3,9,1,0,0,0,0,0,3,11,0,47,2664,0,1,0,0,0,0,0,1,0,0,63.0,43,1,Graduation,0.04753419233443318
51390.0,1,1,54,205,20,47,23,2,56,6,5,2,5,5,0,0,0,0,0,0,3,11,0,55,2818,0,0,0,0,1,0,0,0,1,0,297.0,241,0,Master,0.07870128240943662
76630.0,0,0,93,255,31,446,40,56,175,1,3,10,11,1,0,0,0,0,0,0,3,11,0,37,2325,0,1,0,0,0,0,0,1,0,0,828.0,653,0,Graduation,0.03451689785731249
26868.0,1,0,52,0,0,1,8,3,2,1,1,0,2,7,0,0,0,0,0,0,3,11,0,29,2219,0,0,1,0,0,0,1,0,0,0,12.0,10,0,Basic,0.07967483643397359
48948.0,0,0,53,437,8,206,160,49,42,2,7,10,5,6,1,0,0,0,0,0,3,11,1,77,2672,1,0,0,0,0,0,0,0,0,1,860.0,818,1,PhD,0.1396815329478656
55260.0,0,1,81,825,8,53,11,0,242,2,8,10,5,6,0,0,0,0,0,0,3,11,0,48,2723,0,0,1,0,0,0,0,0,0,1,897.0,655,0,PhD,0.07633131872349114
64090.0,0,1,8,316,58,161,76,51,135,1,6,9,4,5,0,0,0,0,0,0,3,11,1,64,2485,0,0,0,1,0,0,0,1,0,0,662.0,527,0,Graduation,0.19969837974939397
78331.0,0,1,97,756,138,354,160,169,61,2,10,6,7,4,0,0,0,0,0,0,3,11,0,62,2316,1,0,0,0,0,0,0,1,0,0,1577.0,1516,0,Graduation,0.12034537860889602
37087.0,1,0,50,194,55,134,15,0,3,3,4,2,8,6,0,0,0,0,0,0,3,11,0,46,2481,0,1,0,0,0,0,0,0,0,1,398.0,395,0,PhD,0.13581149200128478
21846.0,1,0,38,7,17,18,6,10,26,4,4,0,3,8,0,0,0,0,0,0,3,11,0,34,2409,1,0,0,0,0,0,0,1,0,0,58.0,32,0,Graduation,0.12794268654303168
81320.0,0,0,61,183,33,493,59,103,57,1,4,3,10,2,0,0,0,0,0,0,3,11,0,62,2667,0,1,0,0,0,0,0,1,0,0,871.0,814,0,Graduation,0.06884526866993396
54137.0,0,1,46,171,0,11,0,1,20,2,4,1,4,6,0,0,0,0,0,0,3,11,0,50,2476,1,0,0,0,0,0,0,1,0,0,183.0,163,0,Graduation,0.04427494286352196
66825.0,0,0,73,243,101,405,29,40,40,1,4,5,6,2,0,0,0,0,0,0,3,11,0,53,2509,0,0,0,1,0,0,0,1,0,0,818.0,778,0,Graduation,0.06301535335851075
57100.0,0,0,19,181,21,69,39,3,96,1,3,3,6,3,0,0,0,0,0,0,3,11,0,47,2366,0,0,0,1,0,0,0,1,0,0,313.0,217,0,Graduation,0.10022785892020945
58917.0,1,2,10,151,7,89,0,7,28,5,4,1,6,5,0,0,0,0,0,0,3,11,0,51,2621,0,0,0,1,0,0,0,1,0,0,254.0,226,0,Graduation,0.16707444953203973
85072.0,0,0,94,494,92,391,194,11,241,1,3,4,10,0,0,0,0,0,0,0,3,11,0,43,2240,0,0,1,0,0,0,0,1,0,0,1182.0,941,0,Graduation,0.05654932702922572
86429.0,0,0,10,464,28,873,29,18,37,0,7,4,7,2,0,0,0,1,0,0,3,11,1,59,2379,0,0,1,0,0,0,0,1,0,0,1412.0,1375,1,Graduation,0.4157603733273868
45684.0,1,0,37,5,1,5,10,0,7,1,1,0,2,7,0,0,0,0,0,0,3,11,0,49,2368,0,0,0,0,1,0,0,1,0,0,21.0,14,0,Graduation,0.07738296075472505
47889.0,1,0,94,29,0,29,0,5,4,1,2,0,3,5,0,0,0,0,0,0,3,11,0,46,2335,0,0,0,1,0,0,0,1,0,0,63.0,59,0,Graduation,0.021195249561888955
45921.0,0,0,23,102,9,49,24,3,12,1,2,1,6,4,0,0,0,0,0,0,3,11,0,34,2270,0,1,0,0,0,0,0,0,0,1,187.0,175,0,PhD,0.09121211371050632
78420.0,0,0,75,604,28,674,91,28,28,1,3,10,8,1,0,0,0,0,0,0,3,11,0,54,2524,0,0,1,0,0,0,0,0,0,1,1425.0,1397,0,PhD,0.14901299032086832
75114.0,0,0,40,571,12,523,63,60,24,1,3,10,5,2,0,0,0,0,0,0,3,11,0,28,2393,0,0,0,1,0,0,0,1,0,0,1229.0,1205,0,Graduation,0.23899439688170876
52278.0,0,1,24,953,0,71,0,0,174,6,10,5,10,8,0,0,0,0,0,0,3,11,1,57,2679,0,0,0,0,1,0,0,0,0,1,1024.0,850,0,PhD,0.311781736268546
35641.0,1,0,11,63,3,67,8,9,28,2,3,1,4,7,0,0,0,0,0,0,3,11,1,48,2509,0,1,0,0,0,0,0,0,1,0,150.0,122,0,Master,0.2021534954401117
62820.0,0,0,51,398,61,265,138,61,53,1,3,4,6,1,0,0,0,0,0,0,3,11,0,66,2573,0,1,0,0,0,0,0,1,0,0,923.0,870,0,Graduation,0.13097498205107028
73113.0,0,0,86,741,19,154,50,9,28,1,3,4,7,2,0,0,0,0,0,0,3,11,0,60,2344,0,0,0,1,0,0,0,0,1,0,973.0,945,0,Master,0.055022190769927766
84169.0,0,0,9,1478,19,403,0,19,0,1,7,6,6,3,0,1,1,0,0,0,3,11,1,38,2485,0,1,0,0,0,0,0,0,0,1,1919.0,1919,2,PhD,0.6923220644229526
42607.0,0,1,30,156,29,56,30,32,47,2,3,2,7,3,0,0,0,0,0,0,3,11,0,66,2383,0,0,1,0,0,1,0,0,0,0,303.0,256,0,2n Cycle,0.09632493377304313
74637.0,0,0,73,960,64,464,146,0,16,1,6,9,9,3,0,0,0,1,0,0,3,11,0,66,2566,0,0,1,0,0,0,0,0,0,1,1634.0,1618,1,PhD,0.22839205740115912
46015.0,1,1,25,38,0,2,0,0,6,1,1,0,3,7,1,0,0,0,1,0,3,11,0,65,2236,0,0,0,1,0,0,0,0,0,1,40.0,34,2,PhD,0.10099361411707804
72354.0,0,0,67,315,26,473,220,12,182,1,2,10,6,1,0,0,0,0,0,0,3,11,0,27,2597,0,0,1,0,0,0,0,1,0,0,1046.0,864,0,Graduation,0.10536231128558754
39858.0,1,0,67,15,20,25,2,7,26,1,2,0,4,6,0,0,0,0,0,0,3,11,1,51,2680,0,0,1,0,0,0,0,0,1,0,69.0,43,0,Master,0.04711609803091244
34469.0,1,1,58,19,6,20,0,5,12,3,1,1,4,4,0,0,0,0,0,0,3,11,0,72,2215,0,1,0,0,0,0,0,0,0,1,50.0,38,0,PhD,0.05935265765475849
83033.0,1,0,82,812,99,431,237,149,33,1,11,4,10,5,0,0,0,1,0,0,3,11,0,34,2201,0,0,0,1,0,0,0,1,0,0,1728.0,1695,1,Graduation,0.3075647448127159
24401.0,0,0,98,73,28,217,10,24,115,3,6,1,6,8,0,0,0,0,0,0,3,11,0,41,2826,0,0,0,1,0,0,0,0,1,0,352.0,237,0,Master,0.032487257164223494
77583.0,0,0,93,372,23,384,250,12,108,1,4,5,9,2,0,0,0,1,0,0,3,11,0,42,2298,0,1,0,0,0,0,0,1,0,0,1041.0,933,1,Graduation,0.050870830877462074
74116.0,0,0,53,871,111,704,145,55,166,1,4,4,10,2,0,1,0,0,0,0,3,11,0,38,2340,0,0,1,0,0,1,0,0,0,0,1886.0,1720,1,2n Cycle,0.4653939583563437
74293.0,0,0,66,375,152,335,93,91,81,1,5,4,6,2,0,0,0,0,0,0,3,11,0,27,2215,0,0,1,0,0,0,0,1,0,0,1046.0,965,0,Graduation,0.10404567562850275
68397.0,0,1,6,760,80,466,17,13,80,1,6,9,5,3,0,0,0,0,0,0,3,11,0,44,2383,0,1,0,0,0,0,0,0,0,1,1336.0,1256,0,PhD,0.4988812434371135
79632.0,0,0,42,471,0,510,99,21,12,1,6,4,9,2,0,0,0,0,0,0,3,11,0,46,2241,0,0,0,1,0,0,0,0,0,1,1101.0,1089,0,PhD,0.1681909373731969
46107.0,1,0,78,31,9,27,16,9,33,1,1,1,4,3,0,0,0,0,0,0,3,11,0,31,2298,0,0,1,0,0,0,0,1,0,0,92.0,59,0,Graduation,0.03519319487799567
64950.0,0,1,29,819,0,72,12,0,63,2,11,2,10,7,0,1,0,0,0,0,3,11,0,69,2845,0,0,1,0,0,0,0,0,0,1,903.0,840,1,PhD,0.1913986557208497
25443.0,1,0,82,1,4,3,8,9,7,1,1,0,3,8,0,0,0,0,0,0,3,11,0,31,2713,0,1,0,0,0,0,1,0,0,0,25.0,18,0,Basic,0.041710358187447706
75127.0,0,0,92,203,35,305,46,17,227,1,2,11,5,1,0,0,0,0,0,0,3,11,0,68,2197,0,0,1,0,0,0,0,1,0,0,606.0,379,0,Graduation,0.021919144460283403
32892.0,1,0,78,26,0,15,2,1,2,2,3,0,3,8,0,0,0,0,0,0,3,11,0,49,2194,0,0,0,1,0,0,0,0,0,1,44.0,42,0,PhD,0.03972168483252397
71796.0,0,0,54,354,21,311,167,75,32,1,9,3,4,4,0,0,0,0,0,0,3,11,0,49,2407,0,0,0,1,0,0,0,1,0,0,928.0,896,0,Graduation,0.1093457987059057
67536.0,0,1,45,1253,0,447,23,71,35,3,11,5,11,8,0,0,0,1,0,0,3,11,0,50,2562,0,1,0,0,0,0,0,0,0,1,1794.0,1759,1,PhD,0.49376608742582395
55239.0,0,1,59,371,17,238,23,24,106,3,7,5,11,5,0,0,0,0,0,0,3,11,0,49,2509,0,0,1,0,0,0,0,1,0,0,673.0,567,0,Graduation,0.0823280357977351
60554.0,1,0,8,588,7,76,110,15,15,2,8,4,9,6,0,0,0,0,0,0,3,11,0,45,2483,1,0,0,0,0,0,0,0,0,1,796.0,781,0,PhD,0.3846252978405337
64831.0,1,1,51,480,86,249,75,86,144,8,6,3,5,6,0,0,0,0,0,0,3,11,0,68,2543,0,0,1,0,0,1,0,0,0,0,976.0,832,0,2n Cycle,0.2147736603591962
56067.0,0,1,51,517,12,54,16,6,120,2,7,4,7,5,0,0,0,0,0,0,3,11,0,58,2503,0,0,0,1,0,0,0,0,0,1,605.0,485,0,PhD,0.08397913150888695
82025.0,0,0,76,267,98,606,48,70,98,1,3,2,6,1,0,0,1,0,0,0,3,11,1,37,2556,1,0,0,0,0,0,0,1,0,0,1089.0,991,1,Graduation,0.07674108672915826
14906.0,0,0,86,7,7,14,7,16,15,3,2,1,3,7,0,0,0,0,0,0,3,11,0,34,2713,0,0,1,0,0,0,1,0,0,0,51.0,36,0,Basic,0.029069957645274556
51563.0,0,0,60,1166,0,48,0,0,36,1,4,4,10,8,0,1,1,0,0,0,3,11,0,33,2795,0,1,0,0,0,0,0,0,0,1,1214.0,1178,2,PhD,0.2274961351592638
57937.0,0,1,56,261,42,144,55,48,133,3,4,4,9,3,0,0,0,0,0,0,3,11,0,38,2292,0,1,0,0,0,1,0,0,0,0,550.0,417,0,2n Cycle,0.0679878507122319
68274.0,1,1,83,135,25,51,23,25,46,2,4,2,5,3,0,0,0,0,0,0,3,11,0,41,2431,1,0,0,0,0,0,0,1,0,0,259.0,213,0,Graduation,0.027733239582967837
39771.0,1,0,92,6,2,18,2,8,14,1,2,0,3,4,0,0,0,0,0,0,3,11,0,43,2364,0,0,0,1,0,0,0,1,0,0,36.0,22,0,Graduation,0.02484244614762231
67893.0,0,1,31,711,28,142,49,18,47,2,3,2,9,8,0,0,0,0,0,0,3,11,0,45,2795,1,0,0,0,0,1,0,0,0,0,948.0,901,0,2n Cycle,0.19717330425196386
27922.0,1,0,80,11,0,13,2,4,11,1,2,0,3,4,0,0,0,0,0,0,3,11,0,41,2209,0,0,0,1,0,0,0,0,0,1,30.0,19,0,PhD,0.041232254852373786
52190.0,1,1,39,42,0,17,0,0,18,3,2,1,3,5,1,0,0,0,0,0,3,11,0,44,2211,0,0,0,1,0,0,0,0,0,1,59.0,41,1,PhD,0.07117780746494143
44051.0,1,1,20,79,7,58,6,3,18,4,3,1,4,6,0,0,0,0,0,0,3,11,1,47,2675,1,0,0,0,0,0,0,0,1,0,153.0,135,0,Master,0.1475870158460326
42767.0,2,0,53,20,6,43,19,5,38,1,3,1,2,8,0,0,0,0,0,0,3,11,0,49,2573,0,0,1,0,0,0,0,0,0,1,93.0,55,0,PhD,0.1057673645895871
46106.0,1,1,84,30,0,8,2,0,14,1,1,1,2,6,0,0,0,0,0,0,3,11,0,44,2208,0,0,0,1,0,0,0,0,1,0,40.0,26,0,Master,0.026765412551890817
16927.0,1,1,50,20,2,23,3,1,4,5,3,0,4,8,0,0,0,0,0,0,3,11,0,44,2663,0,1,0,0,0,0,0,0,0,1,49.0,45,0,PhD,0.10368832857738611
59754.0,0,1,96,115,27,44,4,146,139,3,5,2,6,5,0,0,0,0,0,0,3,11,1,55,2734,0,1,0,0,0,0,0,1,0,0,336.0,197,0,Graduation,0.016096891320529258
53700.0,0,1,94,263,5,233,69,41,83,4,5,5,8,5,0,0,0,0,0,0,3,11,0,68,2840,0,0,1,0,0,0,0,1,0,0,611.0,528,0,Graduation,0.03198082733260111
59041.0,1,1,25,69,2,15,2,2,6,2,2,0,4,5,0,0,0,0,0,0,3,11,0,47,2212,0,1,0,0,0,0,0,1,0,0,90.0,84,0,Graduation,0.09078143449905723
54237.0,0,1,48,267,3,30,4,0,57,4,5,2,5,6,0,0,0,0,0,0,3,11,0,63,2587,1,0,0,0,0,0,0,0,0,1,304.0,247,0,PhD,0.05191570750210451
70647.0,0,1,65,561,85,171,25,123,114,2,4,7,13,2,0,0,0,0,0,0,3,11,0,53,2805,1,0,0,0,0,0,0,1,0,0,965.0,851,0,Graduation,0.09292260714928927
52597.0,0,1,69,492,0,37,7,0,42,3,6,3,8,5,0,0,0,0,0,0,3,11,0,58,2212,0,0,1,0,0,0,0,0,0,1,536.0,494,0,PhD,0.05195128793276779
41021.0,1,0,12,14,7,9,6,16,12,2,2,0,3,6,0,0,0,0,0,0,3,11,1,51,2705,0,0,0,1,0,0,0,0,1,0,52.0,40,0,Master,0.15297446349720598
40233.0,0,1,84,80,4,46,0,17,2,5,2,1,5,6,0,0,0,0,0,0,3,11,0,45,2417,0,1,0,0,0,0,0,0,0,1,147.0,145,0,PhD,0.022044405943197034
50183.0,1,1,47,97,12,84,13,10,15,7,3,1,6,5,0,0,0,0,0,0,3,11,0,40,2163,0,1,0,0,0,0,0,1,0,0,216.0,201,0,Graduation,0.08346491440279746
54753.0,0,1,87,197,107,227,7,59,131,3,5,2,11,4,0,0,0,0,0,0,3,11,0,61,2449,0,0,0,1,0,0,0,1,0,0,597.0,466,0,Graduation,0.03654330238153146
33471.0,1,0,47,43,2,27,0,9,12,3,3,0,4,7,0,0,0,0,0,0,3,11,0,47,2784,0,1,0,0,0,0,0,1,0,0,81.0,69,0,Graduation,0.08673798532495006
34596.0,1,0,48,14,0,2,0,0,7,1,1,0,2,8,0,0,0,0,0,0,3,11,1,46,2601,0,1,0,0,0,0,0,0,0,1,16.0,9,0,PhD,0.07366650155736175
44010.0,1,0,46,186,36,234,86,72,48,6,10,2,6,9,0,0,0,0,0,0,3,11,0,40,2783,0,0,0,1,0,0,0,1,0,0,614.0,566,0,Graduation,0.1921939023389464
84219.0,0,0,27,434,137,400,45,137,45,1,3,4,10,1,0,0,0,0,0,0,3,11,0,32,2306,0,1,0,0,0,0,0,1,0,0,1153.0,1108,0,Graduation,0.2343652531533478
40706.0,2,1,37,59,0,11,4,2,5,4,3,0,4,7,0,0,0,0,0,0,3,11,0,52,2687,0,0,0,1,0,0,0,0,0,1,76.0,71,0,PhD,0.149151380058938
15716.0,1,0,8,16,5,30,8,7,26,3,3,0,4,8,0,0,0,0,0,1,3,11,0,32,2753,0,1,0,0,0,1,0,0,0,0,66.0,40,0,2n Cycle,0.26150411186397654
59052.0,0,1,29,230,35,75,63,57,31,3,7,1,7,5,0,0,0,0,0,0,3,11,0,61,2383,1,0,0,0,0,1,0,0,0,0,460.0,429,0,2n Cycle,0.09882568027889728
80573.0,0,0,85,829,138,430,60,92,15,1,4,6,13,2,0,0,0,0,0,0,3,11,0,49,2782,0,0,0,1,0,0,0,0,1,0,1549.0,1534,0,Master,0.14590110796145714
83715.0,0,0,2,318,8,407,150,35,8,1,2,8,13,0,0,0,0,0,0,0,3,11,0,58,2305,0,1,0,0,0,0,0,1,0,0,918.0,910,0,Graduation,0.250531050412571
82576.0,0,0,66,1206,55,445,168,18,18,1,2,4,12,1,0,0,1,0,0,0,3,11,0,61,2856,0,0,0,1,0,0,0,0,1,0,1892.0,1874,1,Master,0.339486489242957
56962.0,2,1,60,292,3,77,10,3,26,7,6,3,5,7,0,0,0,0,0,0,3,11,0,55,2420,0,1,0,0,0,0,0,0,1,0,385.0,359,0,Master,0.11848148292217953
35704.0,1,1,54,30,9,12,2,11,30,3,2,0,4,4,0,0,0,0,0,0,3,11,0,68,2336,0,1,0,0,0,0,0,1,0,0,64.0,34,0,Graduation,0.0658741029286122
53103.0,0,1,70,729,17,133,11,0,195,5,10,6,7,7,1,0,0,0,0,0,3,11,0,66,2449,0,0,0,1,0,0,0,1,0,0,890.0,695,1,Graduation,0.09677667978593155
46779.0,1,1,55,12,1,3,0,0,7,1,0,1,2,4,0,0,0,0,0,0,3,11,0,60,2511,0,0,0,0,1,1,0,0,0,0,16.0,9,0,2n Cycle,0.048447032158577624
4861.0,0,0,20,2,1,1,1,0,1,0,0,0,0,14,0,0,0,0,0,0,3,11,0,55,2166,1,0,0,0,0,0,0,1,0,0,5.0,4,0,Graduation,0.1388902398090837
33462.0,1,0,78,22,3,18,0,0,11,1,2,0,3,7,0,0,0,0,0,0,3,11,0,41,2485,1,0,0,0,0,0,0,0,1,0,43.0,32,0,Master,0.03988305740981359
63693.0,0,1,63,587,43,337,42,87,54,3,11,6,9,6,0,0,0,0,0,0,3,11,0,42,2417,1,0,0,0,0,0,0,1,0,0,1096.0,1042,0,Graduation,0.14198534224446438
80763.0,0,0,17,674,168,108,192,42,231,1,5,11,6,3,0,0,1,1,0,0,3,11,1,70,2477,0,1,0,0,0,0,0,1,0,0,1184.0,953,2,Graduation,0.29125392292061114
65352.0,0,1,43,284,3,84,4,7,23,2,4,2,8,4,0,0,0,0,0,0,3,11,0,46,2471,0,1,0,0,0,0,0,0,0,1,382.0,359,0,PhD,0.05696714190125651
82170.0,0,0,13,1023,93,651,49,55,37,1,5,6,7,2,0,0,0,0,0,0,3,11,0,42,2375,0,1,0,0,0,0,0,0,0,1,1871.0,1834,0,PhD,0.6560170620017935
75759.0,0,0,46,1394,22,708,89,91,182,1,9,7,9,5,1,0,1,1,0,0,3,11,1,51,2406,0,1,0,0,0,0,0,1,0,0,2302.5,2122,3,Graduation,0.6948042894334764
79689.0,0,0,65,311,26,640,180,37,121,1,4,9,13,2,0,0,0,0,0,0,3,11,0,44,2572,0,0,1,0,0,1,0,0,0,0,1194.0,1073,0,2n Cycle,0.12225341862735298
35340.0,1,1,1,27,0,12,0,1,5,2,2,0,3,5,0,0,0,0,0,0,3,11,0,64,2159,0,0,0,0,1,0,0,0,0,1,40.0,35,0,PhD,0.20089651233073685
85683.0,0,0,6,1296,17,311,45,69,51,1,2,4,10,1,0,1,1,1,1,0,3,11,1,66,2259,1,0,0,0,0,0,0,1,0,0,1738.0,1687,4,Graduation,0.6042839710345945
24884.0,1,0,32,3,6,7,0,0,3,1,0,0,3,7,0,0,0,0,0,0,3,11,0,48,2736,0,1,0,0,0,1,0,0,0,0,16.0,13,0,2n Cycle,0.12468364557055046
42021.0,1,0,34,393,5,136,7,5,27,5,10,1,6,9,1,0,0,0,0,0,3,11,0,39,2826,0,0,0,1,0,0,0,0,1,0,546.0,519,1,Master,0.22486261803508498
64449.0,1,0,70,218,63,282,137,35,70,4,5,3,12,4,0,0,0,0,0,0,3,11,0,31,2290,0,0,1,0,0,0,0,1,0,0,735.0,665,0,Graduation,0.10276516500059509
64587.0,1,1,49,66,0,16,0,6,20,2,1,1,4,3,0,0,0,0,0,0,3,11,0,66,2166,1,0,0,0,0,0,0,1,0,0,88.0,68,0,Graduation,0.04516711701952395
34824.0,0,0,65,4,2,11,2,0,4,1,1,0,2,6,0,0,0,0,0,0,3,11,0,25,2254,0,0,1,0,0,0,0,1,0,0,19.0,15,0,Graduation,0.031238103057362483
75437.0,0,0,25,795,0,545,95,58,0,1,8,4,10,6,0,0,0,1,0,0,3,11,0,42,2391,0,0,0,1,0,0,0,1,0,0,1493.0,1493,1,Graduation,0.428659600504614
26091.0,1,1,84,15,10,19,8,17,20,3,2,1,3,5,0,0,0,0,0,0,3,11,0,63,2283,0,0,0,1,0,0,0,1,0,0,69.0,49,0,Graduation,0.04003322516829006
52845.0,1,0,7,384,25,292,130,41,64,3,8,8,6,6,1,0,0,0,0,0,3,11,0,47,2479,0,1,0,0,0,0,0,1,0,0,872.0,808,1,Graduation,0.4648318849433931
46086.0,0,1,34,244,8,32,7,2,50,4,3,1,8,4,0,0,0,0,0,0,3,11,0,64,2397,1,0,0,0,0,0,0,1,0,0,293.0,243,0,Graduation,0.08147090134093621
78028.0,0,1,38,158,19,288,25,0,38,1,6,4,9,7,0,1,1,0,0,0,3,11,1,64,2816,0,0,0,0,1,0,0,0,0,1,490.0,452,2,PhD,0.05978213806525285
56337.0,1,1,25,349,16,144,28,5,182,5,8,5,4,8,1,0,0,1,0,0,3,11,1,39,2618,0,1,0,0,0,1,0,0,0,0,542.0,360,2,2n Cycle,0.21254758038896235
22434.0,1,0,25,4,12,11,3,13,15,2,2,0,3,8,0,0,0,0,0,0,3,11,0,33,2660,0,0,0,1,0,0,0,1,0,0,43.0,28,0,Graduation,0.16252692250787665
36930.0,0,1,50,223,2,31,0,2,39,5,5,2,4,8,0,0,0,0,0,0,3,11,0,66,2567,0,1,0,0,0,0,0,0,0,1,258.0,219,0,PhD,0.062410304465819445
36130.0,0,1,46,157,43,127,68,56,37,6,3,8,4,4,1,0,0,0,0,0,3,11,1,66,2671,0,0,1,0,0,0,0,1,0,0,451.0,414,1,Graduation,0.09965052307885436
65569.0,0,1,96,397,46,288,20,38,70,2,6,5,10,3,0,0,0,0,0,0,3,11,0,67,2760,0,1,0,0,0,0,0,0,1,0,789.0,719,0,Master,0.0345479983674955
83844.0,0,0,57,901,31,345,75,31,191,1,4,4,11,1,0,0,1,0,0,0,3,11,0,68,2572,0,0,0,1,0,0,0,1,0,0,1383.0,1192,1,Graduation,0.17884544751414833
19514.0,1,1,47,14,3,21,2,1,28,4,3,1,2,8,1,0,0,0,0,0,3,11,0,52,2313,0,1,0,0,0,0,0,1,0,0,41.0,13,1,Graduation,0.10260476020285489
36736.0,1,1,52,10,0,3,0,0,4,1,1,0,2,6,0,0,0,0,0,0,3,11,0,57,2574,0,0,1,0,0,0,0,0,0,1,13.0,9,0,PhD,0.06278894795077351
77568.0,0,1,30,1230,0,396,232,178,158,1,10,2,8,5,0,1,1,1,0,0,3,11,0,41,2832,0,0,0,1,0,0,0,1,0,0,2036.0,1878,3,Graduation,0.658846722737681
49187.0,0,1,63,81,1,31,2,1,0,1,1,1,5,2,0,0,0,0,0,0,3,11,0,44,2328,0,0,0,1,0,0,0,0,0,1,116.0,116,0,PhD,0.02888090142781195
30168.0,1,0,51,154,20,66,0,12,27,7,6,1,4,9,0,0,0,0,0,0,3,11,0,42,2638,0,0,1,0,0,0,0,1,0,0,252.0,225,0,Graduation,0.1164463885969087
34053.0,0,1,14,63,0,21,7,0,12,1,3,0,3,8,0,0,0,0,0,0,3,11,0,52,2816,0,0,0,1,0,0,0,0,1,0,91.0,79,0,Master,0.11139325230722134
38196.0,1,1,20,30,0,11,0,0,3,3,2,0,4,5,0,0,0,0,0,0,3,11,0,49,2231,0,1,0,0,0,0,0,0,1,0,41.0,38,0,Master,0.13353616875528634
59412.0,0,0,56,90,67,165,30,43,11,1,4,2,8,3,0,0,0,0,0,0,3,11,0,69,2230,0,1,0,0,0,0,0,0,1,0,395.0,384,0,Master,0.04599106730312791
70924.0,0,0,41,635,114,254,132,152,76,1,6,6,7,3,0,0,1,0,0,0,3,11,0,55,2242,0,1,0,0,0,1,0,0,0,0,1287.0,1211,1,2n Cycle,0.26108435383945905
54165.0,0,0,72,127,4,73,15,6,11,1,2,1,7,2,0,0,0,0,0,0,3,11,0,51,2556,0,0,0,1,0,0,0,1,0,0,225.0,214,0,Graduation,0.02586147203215861
32300.0,1,0,1,13,3,6,6,5,6,1,1,0,3,8,0,0,0,0,0,0,3,11,0,47,2701,0,1,0,0,0,0,0,1,0,0,33.0,27,0,Graduation,0.21468053310339105
20180.0,0,0,27,18,42,24,15,20,18,1,2,1,4,7,0,0,0,0,0,0,3,11,0,44,2653,0,0,1,0,0,0,0,1,0,0,119.0,101,0,Graduation,0.11454625846861402
34961.0,1,0,77,45,2,26,4,1,1,3,3,1,3,7,0,0,0,0,0,0,3,11,0,47,2169,0,1,0,0,0,0,0,1,0,0,78.0,77,0,Graduation,0.041961735813959754
28440.0,1,0,87,38,1,24,0,0,0,1,2,0,3,8,0,0,0,0,0,0,3,11,0,46,2516,0,0,0,1,0,0,0,0,0,1,63.0,63,0,PhD,0.03652232577312034
64504.0,1,2,81,986,36,168,16,0,108,7,11,3,4,7,0,0,0,0,0,0,3,11,1,67,2641,0,0,0,1,0,0,0,0,0,1,1206.0,1098,0,PhD,0.17419458386865608
33564.0,0,1,51,61,0,3,0,0,7,1,1,1,3,5,0,0,0,0,0,0,3,11,0,54,2164,0,0,0,1,0,0,0,0,1,0,64.0,57,0,Master,0.04579114847065323
17345.0,1,0,79,4,9,16,17,0,12,2,2,1,2,8,0,0,0,0,0,0,3,11,0,42,2762,0,1,0,0,0,0,0,1,0,0,46.0,34,0,Graduation,0.05312517054661092
56320.0,0,1,11,201,53,172,116,77,83,3,5,4,9,4,0,0,0,0,0,0,3,11,0,53,2606,0,1,0,0,0,0,0,0,0,1,619.0,536,0,PhD,0.20250982412749155
28647.0,1,0,54,19,8,29,0,12,26,1,2,2,2,7,1,0,0,0,0,0,3,11,1,42,2471,0,0,1,0,0,0,0,1,0,0,68.0,42,1,Graduation,0.07975063681701902
15038.0,1,0,93,4,8,11,19,12,26,2,2,1,2,9,0,0,0,0,0,0,3,11,0,33,2675,0,0,1,0,0,0,1,0,0,0,54.0,28,0,Basic,0.041374184729466364
32173.0,0,1,0,18,0,2,0,0,2,1,1,0,3,4,0,0,0,0,0,0,3,11,0,62,2491,1,0,0,0,0,0,0,0,0,1,20.0,18,0,PhD,0.13451141516165252
68316.0,0,1,54,806,80,161,120,11,33,5,10,7,10,6,0,0,0,0,0,0,3,11,0,56,2761,0,0,0,1,0,1,0,0,0,0,1178.0,1145,0,2n Cycle,0.17755448058037535
74538.0,0,0,21,380,98,733,110,112,28,1,8,8,5,3,0,0,1,0,0,0,3,11,1,49,2524,0,0,0,1,0,0,0,1,0,0,1433.0,1405,1,Graduation,0.4233784438389207
91700.0,0,0,58,576,172,961,125,115,19,1,8,6,5,3,0,0,0,0,0,0,3,11,1,49,2687,0,0,1,0,0,0,0,1,0,0,1949.0,1930,0,Graduation,0.37571394391383384
68695.0,0,0,3,458,81,356,106,50,40,1,4,4,7,2,0,0,0,0,0,0,3,11,0,51,2163,0,0,0,1,0,0,0,1,0,0,1051.0,1011,0,Graduation,0.36958902631206614
31056.0,1,0,99,5,10,13,3,8,16,1,1,0,3,8,0,0,0,0,0,0,3,11,0,43,2682,0,1,0,0,0,1,0,0,0,0,39.0,23,0,2n Cycle,0.025027409221445227
79593.0,0,0,70,350,60,568,110,133,145,1,5,6,7,2,0,0,1,0,0,0,3,11,0,47,2207,0,1,0,0,0,0,0,1,0,0,1221.0,1076,1,Graduation,0.11467489454695166
28071.0,0,0,65,39,33,130,41,26,44,2,5,1,5,8,0,0,0,0,0,0,3,11,0,40,2828,0,0,1,0,0,0,0,1,0,0,269.0,225,0,Graduation,0.05612948095797303
37334.0,1,1,44,26,1,16,2,2,15,4,3,0,4,4,0,0,0,0,0,0,3,11,0,62,2282,0,0,0,1,0,0,0,0,0,1,47.0,32,0,PhD,0.07872528454712194
46423.0,1,1,6,68,0,16,0,0,8,3,2,0,4,7,0,0,0,0,0,0,3,11,0,48,2443,0,0,1,0,0,0,0,0,1,0,84.0,76,0,Master,0.16804390989742618
37126.0,1,0,9,45,3,9,4,4,7,1,1,2,2,6,1,0,0,0,0,0,3,11,1,49,2250,0,1,0,0,0,0,0,0,0,1,65.0,58,1,PhD,0.17813287227860714
47703.0,0,1,95,359,0,134,13,26,123,4,6,3,8,5,0,0,0,0,0,0,3,11,0,67,2555,0,1,0,0,0,0,0,1,0,0,532.0,409,0,Graduation,0.03005266055413233
61180.0,0,1,70,403,24,29,6,24,218,2,5,5,6,3,1,0,0,0,0,0,3,11,0,61,2226,0,1,0,0,0,0,0,1,0,0,486.0,268,1,Graduation,0.03884696826826869
38998.0,1,1,92,34,1,14,0,0,5,3,2,0,3,8,0,0,0,0,0,1,3,11,0,66,2762,0,1,0,0,0,0,0,1,0,0,49.0,44,0,Graduation,0.024632023255157245
8028.0,0,0,62,73,18,66,7,12,2,15,0,1,0,19,0,0,0,0,0,0,3,11,0,29,2808,0,0,1,0,0,0,0,1,0,0,176.0,174,0,Graduation,0.07483776494985225
76081.0,0,0,85,292,30,415,63,33,200,1,4,5,4,2,0,0,0,1,0,0,3,11,0,58,2196,0,0,0,1,0,0,0,1,0,0,833.0,633,1,Graduation,0.04072052641363405
34728.0,1,0,2,14,0,16,0,0,6,1,1,1,2,6,0,0,0,0,0,0,3,11,1,34,2493,0,0,0,1,0,0,0,1,0,0,30.0,24,0,Graduation,0.20629135759562475
33168.0,0,1,0,80,1,37,0,1,3,3,2,1,4,7,0,0,0,0,0,0,3,11,0,55,2783,0,0,1,0,0,0,0,0,1,0,119.0,116,0,Master,0.15923893581235582
33585.0,0,1,91,30,11,33,13,6,29,1,2,0,4,4,0,0,0,0,0,0,3,11,0,54,2436,0,1,0,0,0,0,0,0,1,0,93.0,64,0,Master,0.018665758883235285
77037.0,0,1,3,463,96,333,168,53,10,1,7,7,12,3,0,0,0,0,0,0,3,11,0,60,2418,0,1,0,0,0,0,0,0,0,1,1113.0,1103,0,PhD,0.3558333316227537
35196.0,1,0,68,75,12,141,43,39,187,6,6,1,5,8,0,0,0,0,0,0,3,11,1,36,2752,0,0,0,1,0,0,0,1,0,0,310.0,123,0,Graduation,0.08215725247950259
44529.0,0,1,98,538,13,91,17,6,26,6,6,2,11,5,0,1,0,0,0,0,3,11,0,54,2518,0,1,0,0,0,0,0,1,0,0,665.0,639,1,Graduation,0.039748834589706225
70924.0,0,0,41,635,114,254,132,152,76,1,6,6,7,3,0,0,1,0,0,0,3,11,0,55,2242,0,1,0,0,0,1,0,0,0,0,1287.0,1211,1,2n Cycle,0.26108435383945905
28764.0,1,1,16,8,0,3,0,0,1,1,1,0,2,8,1,0,0,0,0,0,3,11,0,54,2183,0,0,0,1,0,0,0,0,0,1,11.0,10,1,PhD,0.16031497200544545
69098.0,0,0,82,1315,22,780,145,0,178,1,7,8,9,5,0,0,0,0,0,0,3,11,0,71,2657,0,1,0,0,0,0,0,0,0,1,2262.0,2084,0,PhD,0.48572467926623514
25959.0,1,1,1,4,2,12,7,5,26,2,1,2,2,6,0,0,0,0,0,0,3,11,1,50,2659,1,0,0,0,0,1,0,0,0,0,30.0,4,0,2n Cycle,0.23446364510562925
27100.0,1,0,64,12,0,13,2,0,10,1,1,0,3,7,0,0,0,0,0,0,3,11,0,37,2609,0,1,0,0,0,0,0,0,1,0,27.0,17,0,Master,0.06101592437872791
70596.0,0,0,68,347,44,534,17,0,26,1,3,5,12,2,0,0,0,0,0,0,3,11,0,35,2791,0,0,1,0,0,0,0,1,0,0,942.0,916,0,Graduation,0.08638724805119889
42557.0,0,1,98,192,5,53,0,5,15,4,6,1,4,8,0,0,0,0,0,0,3,11,0,46,2828,0,1,0,0,0,0,0,1,0,0,255.0,240,0,Graduation,0.018617089052887878
53312.0,0,0,32,241,0,12,0,0,25,1,5,1,5,7,0,0,0,0,0,0,3,11,0,69,2483,0,1,0,0,0,0,0,0,0,1,253.0,228,0,PhD,0.06849429890005311
72228.0,0,0,87,631,28,491,30,14,56,1,6,7,8,3,0,0,0,0,0,0,3,11,0,68,2738,0,0,1,0,0,0,0,1,0,0,1194.0,1138,0,Graduation,0.08190488022727616
67605.0,0,0,84,336,28,282,184,54,54,1,2,8,6,1,0,0,0,0,0,0,3,11,0,33,2614,0,0,0,1,0,0,0,1,0,0,884.0,830,0,Graduation,0.05696513459250869
62845.0,1,1,3,1099,0,45,0,0,34,11,3,4,10,8,0,1,0,0,0,0,3,11,0,71,2795,0,1,0,0,0,0,0,0,1,0,1144.0,1110,1,Master,0.5648120738099306
65196.0,0,2,34,743,19,181,12,0,200,2,7,6,11,5,1,0,0,0,0,0,3,11,0,62,2498,0,0,0,1,0,0,0,1,0,0,955.0,755,1,Graduation,0.19042135793080683
42000.0,0,0,23,124,83,267,85,59,35,2,5,2,11,5,0,0,0,0,0,0,3,11,1,33,2694,0,0,1,0,0,0,0,0,0,1,618.0,583,0,PhD,0.20776086658711865
35860.0,1,1,37,15,0,8,4,2,20,2,1,1,2,5,1,0,0,0,0,0,3,11,0,47,2200,1,0,0,0,0,0,0,0,0,1,29.0,9,1,PhD,0.09432987744536152
65526.0,0,1,22,397,19,69,12,0,9,1,4,4,8,2,0,0,0,0,0,0,3,11,0,56,2238,0,1,0,0,0,0,0,0,0,1,497.0,488,0,PhD,0.11099848075552797
16860.0,1,1,19,10,4,4,3,3,14,3,1,1,3,7,0,0,0,0,0,0,3,11,0,59,2814,0,1,0,0,0,0,0,1,0,0,24.0,10,0,Graduation,0.18589845204619557
83528.0,0,0,7,530,117,678,134,44,147,1,4,10,8,1,1,0,0,1,0,0,3,11,1,28,2218,0,0,1,0,0,0,0,1,0,0,1503.0,1356,2,Graduation,0.5113890022256463
64176.0,0,1,52,1215,33,249,64,116,149,8,8,9,8,6,0,0,0,0,0,0,3,11,0,55,2854,1,0,0,0,0,1,0,0,0,0,1677.0,1528,0,2n Cycle,0.406096505717032
22304.0,0,0,91,3,2,7,0,4,2,1,1,0,2,8,0,0,0,0,0,0,3,11,0,64,2853,1,0,0,0,0,0,0,1,0,0,16.0,14,0,Graduation,0.019519762083406222
67023.0,0,0,93,444,44,382,11,8,17,1,3,7,13,2,0,0,0,0,0,1,3,11,0,42,2276,0,1,0,0,0,0,0,1,0,0,889.0,872,0,Graduation,0.046259091884718405
32892.0,1,0,78,26,0,15,2,1,2,2,3,0,3,8,0,0,0,0,0,0,3,11,0,49,2194,0,0,0,1,0,0,0,0,0,1,44.0,42,0,PhD,0.03972168483252397
70713.0,0,1,23,736,114,279,82,76,190,6,5,6,8,3,0,0,0,0,0,0,3,11,0,54,2732,0,0,0,1,0,0,0,1,0,0,1287.0,1097,0,Graduation,0.35639903759569425
59925.0,0,1,83,473,21,176,19,21,56,3,9,2,9,6,0,0,0,0,0,0,3,11,0,65,2735,0,0,0,1,0,0,0,1,0,0,710.0,654,0,Graduation,0.0450117615432232
39722.0,0,1,92,32,0,5,2,0,8,2,2,0,3,5,0,0,0,0,0,0,3,11,0,67,2284,0,1,0,0,0,0,0,1,0,0,39.0,31,0,Graduation,0.014090414475394861
46610.0,0,0,4,288,10,30,4,10,125,1,6,1,6,6,0,0,0,0,0,0,3,11,0,62,2505,0,0,0,1,0,0,0,1,0,0,342.0,217,0,Graduation,0.16933627566343415
88347.0,0,0,32,1050,178,555,77,138,118,1,4,7,9,1,0,0,0,1,0,0,3,11,0,59,2520,0,0,0,1,0,0,0,1,0,0,1998.0,1880,1,Graduation,0.5687685330271072
87171.0,0,0,27,1001,44,107,58,44,44,1,6,7,11,2,1,0,1,0,0,0,3,11,0,39,2583,0,1,0,0,0,0,0,0,0,1,1254.0,1210,2,PhD,0.25886930213253456
26907.0,1,1,10,9,1,7,0,3,2,2,1,0,3,7,0,0,0,0,0,0,3,11,0,44,2472,0,0,0,1,0,1,0,0,0,0,20.0,18,0,2n Cycle,0.19297025810342824
50014.0,1,0,9,234,14,77,19,10,42,2,4,1,8,5,0,0,0,0,0,0,3,11,0,52,2317,0,0,1,0,0,0,0,0,1,0,354.0,312,0,Master,0.23104197789507216
41014.0,1,0,65,7,2,6,2,0,3,1,1,0,2,7,0,0,0,0,0,0,3,11,0,42,2592,0,1,0,0,0,0,0,0,0,1,17.0,14,0,PhD,0.04448653430328014
66294.0,0,0,68,251,108,334,65,92,117,1,4,3,5,2,0,0,0,0,0,0,3,11,0,55,2263,0,0,1,0,0,0,0,1,0,0,850.0,733,0,Graduation,0.0755266255830782
36715.0,1,0,16,172,10,125,21,13,16,6,7,2,4,9,0,0,0,0,0,0,3,11,1,49,2748,0,1,0,0,0,0,0,1,0,0,341.0,325,0,Graduation,0.24425061763525052
79456.0,0,0,12,565,42,548,64,83,99,1,5,6,4,3,0,0,0,0,0,0,3,11,1,64,2835,0,1,0,0,0,0,0,1,0,0,1302.0,1203,0,Graduation,0.3808248532373303
40479.0,1,0,95,5,0,8,2,0,0,1,0,0,3,4,0,0,0,0,0,0,3,11,0,38,2475,0,0,0,1,0,0,0,1,0,0,15.0,15,0,Graduation,0.02209977753992801
75345.0,0,0,16,918,57,842,99,38,133,1,5,8,6,3,0,0,0,1,0,0,3,11,1,50,2671,0,0,1,0,0,0,0,0,1,0,1954.0,1821,1,Master,0.7025939900373288
54233.0,0,1,46,652,8,158,21,0,142,4,11,6,5,8,0,0,0,0,0,0,3,11,0,43,2669,0,1,0,0,0,0,0,1,0,0,839.0,697,0,Graduation,0.15199805928543264
24163.0,1,1,3,4,1,7,2,1,2,2,1,0,3,4,0,0,0,0,0,0,3,11,0,50,2419,0,0,1,0,0,0,0,1,0,0,15.0,13,0,Graduation,0.22665149945240876
84460.0,0,0,80,152,27,103,106,54,81,0,9,9,4,5,0,1,1,1,1,0,3,11,1,62,2700,0,0,0,1,0,0,0,0,0,1,442.0,361,4,PhD,0.017798790018260024
43776.0,1,0,77,8,0,9,2,1,3,1,1,0,2,6,0,0,0,0,0,0,3,11,0,37,2216,0,0,0,1,0,0,0,1,0,0,20.0,17,0,Graduation,0.03228780183956448
71691.0,0,0,0,336,130,411,240,32,43,1,4,7,5,2,0,0,0,0,0,0,3,11,1,62,2263,0,0,1,0,0,0,0,0,0,1,1149.0,1106,0,PhD,0.41483606040622867
85844.0,0,0,62,938,19,843,25,95,38,1,6,6,7,2,0,0,1,0,0,0,3,11,0,47,2190,0,1,0,0,0,0,0,0,0,1,1920.0,1882,1,PhD,0.3671919702083335
39190.0,1,0,91,68,8,18,19,8,12,2,2,1,4,5,0,0,0,0,0,0,3,11,0,46,2223,0,0,1,0,0,0,0,0,0,1,121.0,109,0,PhD,0.030268801157785963
71367.0,0,0,24,227,23,389,42,21,75,1,4,5,7,2,0,0,0,0,0,0,3,11,0,61,2469,0,0,0,1,0,0,0,1,0,0,702.0,627,0,Graduation,0.13721211860651197
38578.0,1,1,2,38,4,22,3,3,3,3,3,0,3,8,0,0,0,0,0,0,3,11,0,48,2531,0,0,1,0,0,0,0,0,0,1,70.0,67,0,PhD,0.20208084057772815
57236.0,1,1,22,105,0,9,2,1,4,3,2,1,4,3,0,0,0,0,0,0,3,11,0,55,2268,0,1,0,0,0,0,0,0,0,1,117.0,113,0,PhD,0.10369499473698311
61825.0,0,1,56,162,50,100,55,30,27,1,4,2,8,4,0,0,0,0,0,0,3,11,0,41,2485,0,0,1,0,0,0,0,1,0,0,397.0,370,0,Graduation,0.046772914407123826
79803.0,0,1,54,574,8,216,21,16,33,1,4,3,5,1,0,0,0,0,0,0,3,11,0,62,2186,1,0,0,0,0,0,0,1,0,0,835.0,802,0,Graduation,0.0775868568726279
80910.0,0,0,71,160,80,369,67,39,41,1,3,3,8,1,0,0,0,0,0,0,3,11,0,34,2765,0,0,1,0,0,1,0,0,0,0,715.0,674,0,2n Cycle,0.04313608049108355
27590.0,1,0,38,6,0,5,0,0,1,1,1,0,2,7,0,0,0,0,0,0,3,11,0,38,2591,0,0,0,1,0,0,0,0,1,0,11.0,10,0,Master,0.10540537377051767
56775.0,0,1,62,614,35,160,58,35,35,2,5,8,10,5,0,0,0,0,0,0,3,11,0,41,2702,0,1,0,0,0,0,0,1,0,0,902.0,867,0,Graduation,0.11605528568017255
83829.0,0,0,78,897,161,430,186,161,27,0,4,7,6,1,1,0,1,1,0,0,3,11,1,45,2423,1,0,0,0,0,0,0,1,0,0,1835.0,1808,3,Graduation,0.2559801842896308
54210.0,0,1,18,70,54,109,80,9,45,2,4,1,7,5,0,0,0,0,0,0,3,11,0,41,2564,0,1,0,0,0,1,0,0,0,0,322.0,277,0,2n Cycle,0.11096874103209073
38508.0,1,0,95,120,19,206,25,19,54,6,7,2,5,8,0,0,0,0,0,0,3,11,0,34,2490,0,1,0,0,0,0,0,1,0,0,389.0,335,0,Graduation,0.04842768246639308
53187.0,1,0,66,211,2,30,7,7,10,2,4,1,6,5,0,0,0,0,0,0,3,11,0,50,2405,0,0,0,1,0,0,0,1,0,0,257.0,247,0,Graduation,0.054070660748440004
30023.0,1,0,28,11,0,16,7,6,21,1,2,0,3,8,0,0,0,0,0,0,3,11,0,48,2256,0,1,0,0,0,0,0,1,0,0,40.0,19,0,Graduation,0.1296773317220707
76045.0,0,0,78,760,53,400,17,93,0,1,4,5,11,2,0,0,0,1,0,0,3,11,0,60,2385,0,0,1,0,0,0,0,0,0,1,1323.0,1323,1,PhD,0.12022109777194191
50870.0,0,1,13,53,0,8,0,0,2,1,2,0,3,5,0,0,0,0,0,0,3,11,0,68,2169,0,1,0,0,0,0,0,0,0,1,61.0,59,0,PhD,0.0770074938720759
15315.0,0,0,27,7,4,13,15,8,17,2,2,0,4,5,0,0,0,0,0,0,3,11,0,50,2489,0,1,0,0,0,1,0,0,0,0,47.0,30,0,2n Cycle,0.10828447122986086
65463.0,1,0,17,391,32,70,21,32,16,2,6,2,9,5,0,1,0,0,0,0,3,11,0,46,2309,0,1,0,0,0,1,0,0,0,0,546.0,530,1,2n Cycle,0.21383514402203216
66480.0,1,1,71,199,9,57,20,21,6,7,4,1,7,4,0,0,0,0,0,0,3,11,0,55,2188,0,1,0,0,0,0,0,1,0,0,306.0,300,0,Graduation,0.04066614548236967
76773.0,0,0,79,516,56,449,86,33,16,1,2,2,11,1,0,0,0,0,0,0,3,11,0,66,2648,1,0,0,0,0,0,0,1,0,0,1140.0,1124,0,Graduation,0.08193406714649805
81698.0,0,0,1,709,45,115,30,160,45,1,8,2,5,5,0,0,0,1,0,0,3,11,1,37,2644,0,0,1,0,0,1,0,0,0,0,1059.0,1014,1,2n Cycle,0.3325256651779585
54466.0,1,1,78,12,0,4,0,0,0,1,1,0,2,5,0,0,0,0,0,0,3,11,0,47,2299,0,0,1,0,0,0,0,0,0,1,16.0,16,0,PhD,0.024888580625297474
16269.0,1,0,75,19,3,18,3,1,0,3,3,0,3,8,0,0,0,0,0,0,3,11,0,36,2462,0,0,1,0,0,0,0,0,0,1,44.0,44,0,PhD,0.0600015071616315
71819.0,0,1,70,1224,28,140,0,14,168,3,3,3,5,6,0,1,1,0,0,0,3,11,0,49,2464,0,0,0,1,0,0,0,1,0,0,1406.0,1238,2,Graduation,0.18012018440000163
33569.0,1,0,10,16,2,18,3,0,24,1,1,1,2,8,1,0,0,0,0,0,3,11,1,37,2415,0,1,0,0,0,0,0,0,0,1,39.0,15,1,PhD,0.18102744857312902
36262.0,0,0,24,88,39,54,64,28,153,1,3,5,3,6,1,0,0,0,0,0,3,11,1,37,2441,0,1,0,0,0,0,0,0,1,0,273.0,120,1,Master,0.12325163703630732
22634.0,0,0,47,2,23,11,8,6,46,1,2,1,2,8,0,0,0,0,0,0,3,11,0,54,2688,0,0,0,1,0,0,1,0,0,0,50.0,4,0,Basic,0.06013853976399673
47025.0,0,1,98,508,11,59,23,5,29,5,11,1,6,9,0,0,0,0,0,0,3,11,0,42,2449,0,1,0,0,0,1,0,0,0,0,606.0,577,0,2n Cycle,0.03460949485197442
70566.0,0,1,4,381,28,215,84,28,21,2,6,5,9,3,0,0,0,0,0,0,3,11,0,52,2425,0,0,1,0,0,0,0,1,0,0,736.0,715,0,Graduation,0.22420926193275348
31605.0,1,0,15,74,0,42,2,1,6,2,2,1,4,7,0,0,0,0,0,0,3,11,0,41,2743,0,1,0,0,0,0,0,0,0,1,119.0,113,0,PhD,0.1917409767355713
52034.0,1,1,67,146,0,93,7,13,73,5,4,2,5,7,0,0,0,0,0,0,3,11,0,47,2567,1,0,0,0,0,0,0,0,1,0,259.0,186,0,Master,0.05453653015447265
48526.0,1,0,32,23,17,23,43,20,9,1,2,1,4,3,0,0,0,0,0,0,3,11,0,41,2346,0,0,1,0,0,0,0,1,0,0,126.0,117,0,Graduation,0.10155746468927612
46734.0,0,1,40,110,5,137,26,23,29,2,6,1,5,7,0,0,0,0,0,0,3,11,0,66,2747,0,1,0,0,0,0,0,1,0,0,301.0,272,0,Graduation,0.07101839922277647
39552.0,1,1,54,165,3,147,4,24,41,7,6,2,5,8,0,0,0,0,0,0,3,11,1,58,2717,1,0,0,0,0,0,0,1,0,0,343.0,302,0,Graduation,0.10556832791179584
86358.0,1,1,78,957,47,494,82,47,95,4,5,3,6,8,0,0,0,0,0,0,3,11,0,54,2849,0,0,1,0,0,0,0,1,0,0,1627.0,1532,0,Graduation,0.26314419285504637
46931.0,2,1,94,41,0,17,3,1,16,2,1,1,3,3,0,0,0,0,0,0,3,11,0,43,2225,0,0,0,1,0,0,0,1,0,0,62.0,46,0,Graduation,0.03638121780251581
16581.0,0,0,51,1,3,4,2,3,11,1,0,0,3,4,0,0,0,0,0,0,3,11,0,35,2692,0,0,1,0,0,0,1,0,0,0,13.0,2,0,Basic,0.05949438853881494
63998.0,0,0,42,176,29,818,0,33,112,1,7,6,11,4,0,0,0,0,0,0,3,11,1,68,2350,1,0,0,0,0,1,0,0,0,0,1056.0,944,0,2n Cycle,0.1935319423842008
67381.0,0,1,67,815,8,53,11,0,70,4,2,2,9,7,0,1,0,0,0,0,3,11,0,69,2689,0,1,0,0,0,0,0,0,1,0,887.0,817,1,Master,0.07892124759751458
25930.0,1,1,87,6,1,2,2,0,4,1,1,0,2,7,0,0,0,0,0,0,3,11,0,53,2421,0,0,1,0,0,0,0,1,0,0,11.0,7,0,Graduation,0.034085694253060954
42693.0,1,0,29,8,4,20,6,3,16,1,1,0,3,5,0,0,0,0,0,0,3,11,0,42,2181,0,1,0,0,0,0,0,1,0,0,41.0,25,0,Graduation,0.10287155603986277
85606.0,0,1,89,717,42,864,219,30,84,2,6,7,9,3,0,0,0,1,0,0,3,11,0,44,2753,0,0,0,1,0,0,0,1,0,0,1872.0,1788,1,Graduation,0.21495762706251548
72903.0,0,0,74,1067,138,750,0,19,39,1,7,5,8,4,0,1,1,1,0,0,3,11,1,35,2402,0,0,1,0,0,0,0,1,0,0,1974.0,1935,3,Graduation,0.3905778457635136
49669.0,1,0,97,166,5,107,11,8,29,2,5,1,6,6,0,0,0,0,0,0,3,11,0,46,2195,0,0,0,1,0,1,0,0,0,0,297.0,268,0,2n Cycle,0.03035304446631132
36778.0,1,1,63,29,4,34,2,4,4,3,3,0,3,9,0,0,0,0,0,0,3,11,0,52,2852,0,1,0,0,0,0,0,0,0,1,73.0,69,0,PhD,0.05514344169087529
85696.0,0,0,88,714,76,395,116,0,12,1,4,6,9,1,0,0,0,0,0,0,3,11,1,58,2581,1,0,0,0,0,0,0,0,0,1,1301.0,1289,0,PhD,0.07803920014114461
10979.0,0,0,34,8,4,10,2,2,4,2,3,0,3,5,0,0,0,0,0,0,3,11,0,31,2197,1,0,0,0,0,0,0,0,1,0,26.0,22,0,Master,0.10018134125188538
49678.0,0,1,81,229,5,56,3,2,20,2,6,2,4,7,0,0,0,0,0,0,3,11,0,59,2671,0,1,0,0,0,0,0,1,0,0,295.0,275,0,Graduation,0.025693254270353825
56129.0,0,1,65,320,48,133,39,72,48,4,6,2,10,4,0,0,0,0,0,0,3,11,0,67,2533,0,0,0,1,0,0,0,0,1,0,612.0,564,0,Master,0.06061272681196044
37155.0,1,0,51,23,0,26,7,15,3,1,2,0,4,5,0,0,0,0,0,0,3,11,0,31,2673,0,1,0,0,0,0,0,1,0,0,71.0,68,0,Graduation,0.07507980424313511
21282.0,1,0,76,1,5,8,4,8,20,2,2,1,2,6,0,0,0,0,0,0,3,11,0,42,2208,1,0,0,0,0,1,0,0,0,0,26.0,6,0,2n Cycle,0.05088233850642111
33419.0,0,1,76,56,0,12,0,0,18,2,2,0,4,7,0,0,0,0,0,0,3,11,0,58,2475,0,0,1,0,0,0,0,0,0,1,68.0,50,0,PhD,0.025340362276895755
63285.0,0,0,84,508,124,249,50,38,134,1,6,5,13,3,0,0,0,0,0,0,3,11,0,75,2395,0,0,0,0,1,0,0,1,0,0,969.0,835,0,Graduation,0.06663768567640888
21255.0,1,0,56,29,0,25,2,2,3,4,2,1,4,4,0,0,0,0,0,0,3,11,0,46,2318,0,0,0,1,0,0,0,0,1,0,58.0,55,0,Master,0.0849563032512123
42162.0,1,0,31,46,7,59,2,4,27,2,3,1,3,6,1,0,0,0,0,0,3,11,1,39,2381,0,0,0,1,0,0,0,1,0,0,118.0,91,1,Graduation,0.1150154659292657
54450.0,1,1,0,454,0,171,8,19,32,12,9,2,8,8,0,0,0,0,0,0,3,11,0,64,2812,0,0,0,1,0,0,0,1,0,0,652.0,620,0,Graduation,0.3805188659747237
57744.0,0,1,91,350,3,39,0,0,19,2,9,1,4,8,0,0,0,0,0,0,3,11,0,66,2388,0,1,0,0,0,0,0,0,0,1,392.0,373,0,PhD,0.02063950792110142
26576.0,1,0,40,10,0,8,0,0,9,1,1,0,2,9,1,0,0,0,0,0,3,11,1,34,2783,0,0,1,0,0,0,0,1,0,0,18.0,9,1,Graduation,0.10485110370053075
57513.0,0,0,59,735,40,183,52,20,30,2,9,3,13,6,0,0,0,0,0,0,3,11,0,77,2517,0,0,0,0,1,0,0,0,0,1,1030.0,1000,0,PhD,0.14317449561123202
68142.0,0,1,96,897,126,196,91,112,37,3,10,4,7,6,0,0,0,0,0,0,3,11,0,56,2828,0,0,0,1,0,0,0,1,0,0,1422.0,1385,0,Graduation,0.11257163408226599
7500.0,0,1,61,5,2,3,3,0,5,1,1,0,2,8,0,0,0,0,0,0,3,11,0,41,2828,0,1,0,0,0,0,0,1,0,0,13.0,8,0,Graduation,0.055263400307648376
83145.0,0,0,14,777,35,731,39,137,114,1,5,9,11,2,0,0,1,0,0,0,3,11,1,46,2804,0,0,0,1,0,0,0,1,0,0,1719.0,1605,1,Graduation,0.5701252832262201
54197.0,0,1,16,162,6,37,6,13,13,2,1,3,6,1,0,0,0,0,0,0,3,11,0,60,2246,0,1,0,0,0,0,0,0,1,0,224.0,211,0,Master,0.09335102255729454
23091.0,1,1,98,35,0,11,0,0,2,4,2,1,3,7,0,0,0,0,0,0,3,11,0,57,2191,0,0,1,0,0,0,0,0,0,1,46.0,44,0,PhD,0.02943730388159641
46049.0,1,1,11,342,9,112,19,14,19,10,5,2,9,7,0,0,0,0,0,0,3,11,1,44,2502,0,1,0,0,0,0,0,1,0,0,496.0,477,0,Graduation,0.2962902481365463
56715.0,0,0,52,258,105,239,237,172,9,1,7,3,4,4,0,0,0,0,0,0,3,11,0,46,2730,0,0,0,1,0,0,0,1,0,0,1011.0,1002,0,Graduation,0.17200017850319863
79410.0,0,0,19,658,80,483,123,13,13,1,3,2,5,1,0,0,0,0,0,0,3,11,0,59,2190,0,1,0,0,0,0,0,1,0,0,1357.0,1344,0,Graduation,0.36957342627478595
57304.0,0,1,61,356,80,329,138,17,106,2,7,6,10,5,0,0,0,0,0,0,3,11,0,69,2634,0,1,0,0,0,0,0,1,0,0,920.0,814,0,Graduation,0.11494412372775777
44375.0,0,1,73,213,5,28,7,7,41,1,4,1,6,5,0,0,0,0,0,0,3,11,0,55,2257,0,1,0,0,0,0,0,1,0,0,260.0,219,0,Graduation,0.032433284505649806
54450.0,1,1,0,454,0,171,8,19,32,12,9,2,8,8,0,0,0,0,0,0,3,11,0,64,2812,0,0,0,1,0,0,0,1,0,0,652.0,620,0,Graduation,0.3805188659747237
59594.0,0,1,74,457,4,29,0,0,9,1,8,1,7,7,0,1,0,0,0,0,3,11,0,55,2776,0,1,0,0,0,0,0,1,0,0,490.0,481,1,Graduation,0.03718614089446442
80685.0,0,0,55,241,45,604,34,26,54,1,6,4,10,2,0,0,0,0,0,0,3,11,0,26,2835,0,0,0,1,0,0,0,1,0,0,950.0,896,0,Graduation,0.09942433027476971
40344.0,0,1,48,210,0,6,0,0,2,2,4,1,5,7,0,0,0,0,0,0,3,11,0,46,2418,0,1,0,0,0,0,0,0,0,1,216.0,214,0,PhD,0.05896035237377561
62710.0,0,1,53,441,35,83,7,29,11,4,4,2,12,4,0,0,0,0,0,0,3,11,0,48,2561,0,1,0,0,0,0,0,1,0,0,595.0,584,0,Graduation,0.07112813138095173
48985.0,0,1,13,19,13,18,10,7,8,1,1,1,3,3,0,0,0,0,0,0,3,11,0,52,2518,0,1,0,0,0,1,0,0,0,0,67.0,59,0,2n Cycle,0.08327657051992317
35322.0,1,2,34,28,9,37,12,7,13,3,2,0,4,8,0,0,0,0,0,0,3,11,0,52,2835,0,0,0,1,0,0,0,1,0,0,93.0,80,0,Graduation,0.11327998607677263
77142.0,0,0,54,476,75,162,29,151,97,1,4,4,8,2,0,0,0,0,0,0,3,11,0,72,2555,0,1,0,0,0,0,0,1,0,0,893.0,796,0,Graduation,0.08898016586655035
81657.0,0,0,69,364,40,425,158,60,50,1,3,4,8,1,0,0,0,0,0,0,3,11,0,51,2317,0,0,1,0,0,0,0,1,0,0,1047.0,997,0,Graduation,0.08132300300960699
14421.0,0,0,81,0,0,2,3,3,8,1,1,0,2,5,1,0,0,0,0,0,3,11,0,24,2291,0,1,0,0,0,0,1,0,0,0,8.0,0,1,Basic,0.031019637310762835
20130.0,0,0,99,0,6,3,7,6,12,1,1,0,3,8,0,0,0,0,0,0,3,11,0,46,2263,0,1,0,0,0,1,0,0,0,0,22.0,10,0,2n Cycle,0.017667316738571685
74214.0,0,0,3,863,83,547,86,99,33,1,8,2,5,5,0,0,0,0,0,0,3,11,0,30,2831,0,1,0,0,0,0,0,0,0,1,1678.0,1645,0,PhD,0.6643154742093547
66726.0,1,1,61,349,7,35,0,0,47,3,8,2,4,7,0,1,0,0,0,0,3,11,0,63,2327,0,1,0,0,0,0,0,0,1,0,391.0,344,1,Master,0.05931481029824103
23724.0,1,0,65,5,23,15,0,18,14,2,2,0,3,8,0,0,0,0,0,0,3,11,0,41,2696,0,0,0,1,0,0,1,0,0,0,61.0,47,0,Basic,0.06720988019600986
47353.0,0,1,93,184,2,19,8,8,4,3,2,2,6,5,0,0,0,0,0,0,3,11,0,60,2387,0,1,0,0,0,0,0,0,1,0,221.0,217,0,Master,0.01733179089786633
33444.0,1,1,24,8,0,8,0,0,2,1,1,0,2,8,0,0,0,0,0,0,3,11,0,68,2762,0,1,0,0,0,0,0,0,1,0,16.0,14,0,Master,0.12274827209978348
54386.0,0,1,8,277,21,64,62,21,25,2,3,2,10,3,0,0,0,0,0,0,3,11,0,39,2567,0,1,0,0,0,0,0,1,0,0,445.0,420,0,Graduation,0.17040395314877402
28510.0,1,1,72,44,5,19,0,4,19,3,2,0,4,5,0,0,0,0,0,0,3,11,0,39,2601,1,0,0,0,0,0,0,1,0,0,72.0,53,0,Graduation,0.05359908783290734
90638.0,0,0,29,1156,120,915,94,144,96,1,3,4,10,1,0,0,1,0,0,0,3,11,0,29,2295,0,0,1,0,0,0,0,0,1,0,2302.5,2333,1,Master,0.7296513765823902
48070.0,0,1,33,373,14,83,6,9,19,3,8,2,6,7,0,0,0,0,0,1,3,11,0,70,2691,0,0,0,1,0,0,0,1,0,0,485.0,466,0,Graduation,0.11318290203246101
43140.0,0,1,68,134,8,76,6,0,11,1,4,1,5,6,0,0,0,0,0,0,3,11,0,63,2699,0,1,0,0,0,0,0,1,0,0,224.0,213,0,Graduation,0.034254259019330865
54959.0,0,1,55,1148,0,60,0,0,24,3,9,5,4,7,0,1,0,0,0,0,3,11,1,59,2685,1,0,0,0,0,0,0,0,0,1,1208.0,1184,1,PhD,0.2250095466582526
15056.0,1,1,76,6,12,3,21,6,40,5,2,2,3,5,0,0,0,0,0,0,3,11,0,62,2581,0,0,1,0,0,0,1,0,0,0,48.0,8,0,Basic,0.0572672867547105
26954.0,1,0,17,4,1,11,0,0,1,1,1,0,2,7,0,0,0,0,0,0,3,11,0,49,2211,0,0,1,0,0,0,0,1,0,0,16.0,15,0,Graduation,0.1647659751460351
22327.0,1,0,94,5,4,8,2,0,5,1,1,0,3,5,0,0,0,0,0,0,3,11,0,35,2490,0,0,1,0,0,0,0,1,0,0,19.0,14,0,Graduation,0.032652984234134784
44393.0,1,1,86,24,2,20,2,2,10,2,1,0,4,4,0,0,0,0,0,0,3,11,0,55,2470,0,1,0,0,0,0,0,1,0,0,50.0,40,0,Graduation,0.02627792522624611
62000.0,0,1,25,899,0,101,0,0,20,1,6,6,13,4,0,0,0,1,0,0,3,11,0,68,2467,0,0,1,0,0,0,0,0,0,1,1000.0,980,1,PhD,0.25285428497251755
31497.0,0,1,22,108,1,28,13,1,4,2,3,1,4,8,0,0,0,0,0,0,3,11,0,58,2729,0,0,0,1,0,0,0,0,0,1,151.0,147,0,PhD,0.10782183698503343
45894.0,0,2,15,27,2,7,0,2,13,1,1,0,3,5,0,0,0,0,0,0,3,11,0,46,2281,0,1,0,0,0,1,0,0,0,0,38.0,25,0,2n Cycle,0.08074763002942693
78579.0,0,0,35,816,66,549,216,66,99,1,5,6,4,3,0,0,0,0,0,0,3,11,1,50,2713,1,0,0,0,0,0,0,0,1,0,1713.0,1614,0,Master,0.4589908679440283
67369.0,0,1,81,1298,0,70,37,14,42,4,7,4,10,4,0,1,1,0,0,0,3,11,1,51,2748,0,0,0,0,1,0,0,0,1,0,1419.0,1377,2,Master,0.15771181628599357
58401.0,0,1,55,10,0,11,17,29,29,1,1,2,2,4,0,0,0,0,0,0,3,11,0,60,2229,1,0,0,0,0,0,0,1,0,0,67.0,38,0,Graduation,0.02564566098459368
62307.0,0,1,94,87,13,34,10,6,10,1,4,0,4,5,0,0,0,0,0,0,3,11,0,68,2291,0,0,1,0,0,0,0,1,0,0,150.0,140,0,Graduation,0.010739508503177835
43641.0,1,1,50,57,2,51,4,2,23,3,2,1,4,6,0,0,0,0,0,0,3,11,0,51,2592,0,1,0,0,0,0,0,0,1,0,116.0,93,0,Master,0.0712253141830623
63841.0,0,1,64,635,15,100,20,7,131,1,9,3,9,6,0,0,0,0,0,0,3,11,0,52,2593,1,0,0,0,0,0,0,0,1,0,777.0,646,0,Master,0.07586714693539315
46891.0,0,1,91,43,12,23,29,15,61,1,2,1,4,4,0,0,0,0,0,0,3,11,0,55,2460,0,1,0,0,0,1,0,0,0,0,122.0,61,0,2n Cycle,0.01521044088900377
70091.0,1,0,11,964,34,137,15,0,11,2,5,2,10,8,0,1,0,0,0,0,3,11,0,51,2614,0,1,0,0,0,0,0,0,1,0,1150.0,1139,1,Master,0.49393736998339144
78075.0,0,0,72,572,8,259,34,35,80,1,3,5,5,1,0,0,0,0,0,0,3,11,0,48,2244,0,1,0,0,0,0,0,0,0,1,908.0,828,0,PhD,0.06272931878156465
59184.0,0,1,6,341,142,113,259,151,66,3,6,6,12,5,0,0,0,0,0,0,3,11,0,59,2817,0,0,0,0,1,1,0,0,0,0,1006.0,940,0,2n Cycle,0.37104803303230327
54809.0,1,1,0,63,6,57,13,13,22,4,2,1,5,4,0,0,0,0,0,0,3,11,0,43,2450,0,1,0,0,0,0,0,1,0,0,152.0,130,0,Graduation,0.18706217047299248
58113.0,0,1,66,221,104,169,102,78,84,3,9,2,8,7,0,0,0,0,0,1,3,11,0,61,2679,0,1,0,0,0,0,0,1,0,0,674.0,590,0,Graduation,0.06506711309791799
51412.0,0,1,42,140,3,29,4,5,14,2,3,2,4,4,0,0,0,0,0,0,3,11,0,62,2339,0,1,0,0,0,0,0,0,1,0,181.0,167,0,Master,0.0497444020891662
15287.0,1,0,60,1,2,8,4,3,13,2,1,1,2,7,1,0,0,0,0,0,3,11,1,41,2786,1,0,0,0,0,0,0,1,0,0,18.0,5,1,Graduation,0.08114016365060824
66636.0,0,0,64,291,10,689,84,10,0,1,3,4,9,1,0,0,0,0,0,0,3,11,0,63,2475,0,0,0,1,0,0,0,0,1,0,1084.0,1084,0,Master,0.12423302256928687
50965.0,0,1,87,544,13,85,8,6,29,3,10,4,5,8,1,0,0,0,0,0,3,11,0,64,2653,0,1,0,0,0,0,0,0,1,0,656.0,627,1,Master,0.0438284073401276
84618.0,0,0,96,684,100,801,21,66,0,1,6,9,10,2,0,0,1,0,0,0,3,11,0,55,2378,0,1,0,0,0,0,0,0,0,1,1672.0,1672,1,PhD,0.1323347662446545
18351.0,0,0,1,1,12,9,0,14,7,1,2,0,3,7,0,0,0,0,0,0,3,11,0,30,2402,0,1,0,0,0,0,0,1,0,0,36.0,29,0,Graduation,0.18130210812224395
40451.0,0,2,54,35,0,4,0,0,10,1,1,1,2,5,1,0,0,0,0,0,3,11,0,63,2292,0,0,0,1,0,0,0,0,0,1,39.0,29,1,PhD,0.0349328226295073
36317.0,0,1,53,87,3,25,3,2,13,2,3,0,4,7,0,0,0,0,0,0,3,11,0,55,2562,0,0,0,1,0,0,0,1,0,0,120.0,107,0,Graduation,0.04614451746196173
42213.0,0,1,96,309,3,24,4,3,20,2,5,1,7,7,0,1,0,0,0,0,3,11,0,63,2419,0,0,0,1,0,0,0,1,0,0,343.0,323,1,Graduation,0.022608132020688256
65748.0,0,1,58,172,73,93,95,78,34,2,2,4,10,1,0,0,0,0,0,1,3,11,0,65,2599,0,0,0,1,0,0,0,1,0,0,511.0,477,0,Graduation,0.04916979067626835
77044.0,0,1,12,625,38,242,50,34,76,2,7,11,11,4,1,0,0,0,0,0,3,11,0,48,2404,0,0,0,1,0,0,0,1,0,0,989.0,913,1,Graduation,0.2607933005277917
74918.0,0,0,78,972,59,913,25,19,59,1,5,9,6,3,0,0,1,0,0,0,3,11,0,51,2633,0,0,0,1,0,0,0,1,0,0,1988.0,1929,1,Graduation,0.3566030190323342
56721.0,1,1,64,157,6,39,6,13,75,5,4,1,5,6,0,0,0,0,0,0,3,11,0,48,2765,0,1,0,0,0,0,0,1,0,0,221.0,146,0,Graduation,0.04963196757458338
42160.0,1,1,26,48,9,45,3,15,20,4,2,1,4,6,0,0,0,0,0,0,3,11,1,45,2525,0,0,1,0,0,0,0,1,0,0,120.0,100,0,Graduation,0.12713059553982728
61559.0,0,1,8,279,83,88,32,14,34,1,4,2,10,3,0,0,0,0,0,0,3,11,0,55,2506,0,0,1,0,0,0,0,1,0,0,496.0,462,0,Graduation,0.16018339006731958
33629.0,1,1,49,132,0,16,0,0,4,5,3,1,4,9,0,0,0,0,0,0,3,11,0,57,2849,0,0,0,1,0,0,0,0,0,1,148.0,144,0,PhD,0.0918115617743501
68682.0,0,0,56,919,0,505,99,30,45,1,4,9,10,2,0,0,0,0,0,0,3,11,0,29,2425,0,0,0,1,0,0,0,0,0,1,1553.0,1508,0,PhD,0.3177162786215576
34377.0,0,1,55,62,0,22,3,1,26,2,2,2,2,7,0,0,0,0,0,0,3,11,0,57,2685,0,0,1,0,0,0,0,1,0,0,88.0,62,0,Graduation,0.04273657156696123
8940.0,1,0,25,1,45,3,4,6,42,3,3,1,3,8,0,0,0,0,0,0,3,11,0,34,2835,0,0,1,0,0,0,1,0,0,0,59.0,17,0,Basic,0.20749480248217314
26228.0,1,0,50,2,6,4,3,1,9,1,1,0,2,8,0,0,0,0,0,0,3,11,0,47,2439,0,1,0,0,0,0,0,1,0,0,16.0,7,0,Graduation,0.08193844395210854
77297.0,0,0,84,408,61,109,48,122,41,1,5,7,9,4,0,0,0,1,0,0,3,11,0,63,2678,1,0,0,0,0,1,0,0,0,0,748.0,707,1,2n Cycle,0.03410315793931556
40211.0,1,1,30,51,1,7,2,1,25,2,2,1,2,8,1,0,0,0,0,0,3,11,0,39,2493,0,1,0,0,0,0,0,1,0,0,62.0,37,1,Graduation,0.10993970471932726
33438.0,1,1,81,62,1,16,3,2,6,4,2,1,4,5,0,0,0,0,0,0,3,11,0,62,2439,0,0,0,0,1,0,0,0,0,1,84.0,78,0,PhD,0.03853128458320689
75032.0,0,1,74,952,12,180,47,12,12,2,5,4,9,3,0,0,0,0,0,0,3,11,0,61,2586,0,1,0,0,0,0,0,0,0,1,1203.0,1191,0,PhD,0.10726751577044123
61284.0,0,0,76,618,15,106,20,7,45,1,11,2,8,6,0,1,0,0,0,0,3,11,0,65,2419,0,0,1,0,0,0,0,0,0,1,766.0,721,1,PhD,0.05758003287068772
22518.0,1,0,36,11,7,12,2,2,27,2,2,1,2,5,1,0,0,0,0,0,3,11,1,34,2774,0,1,0,0,0,0,0,1,0,0,34.0,7,1,Graduation,0.12647812718165663
54730.0,0,1,64,318,3,17,4,7,56,5,4,1,8,4,0,0,0,0,0,0,3,11,0,45,2477,0,1,0,0,0,0,0,0,1,0,349.0,293,0,Master,0.04004844978713612
38452.0,1,1,62,56,0,14,0,0,2,3,3,0,3,7,0,0,0,0,0,0,3,11,0,65,2250,0,1,0,0,0,0,0,0,1,0,70.0,68,0,Master,0.05291873144511315
44421.0,1,1,53,110,5,59,7,1,7,5,5,0,4,8,0,0,0,0,0,0,3,11,0,49,2658,1,0,0,0,0,0,0,1,0,0,182.0,175,0,Graduation,0.0745916030949324
38197.0,1,0,86,23,0,11,2,1,3,1,1,0,3,5,0,0,0,0,0,0,3,11,0,34,2524,0,0,0,1,0,0,0,0,0,1,37.0,34,0,PhD,0.03020247015597907
41986.0,0,1,15,27,5,8,8,3,12,3,3,0,4,4,0,0,0,0,0,0,3,11,0,42,2299,1,0,0,0,0,0,0,1,0,0,51.0,39,0,Graduation,0.08956379835514543
28427.0,1,0,67,18,3,19,3,3,6,2,2,0,3,8,0,0,0,0,0,0,3,11,0,37,2624,0,0,0,1,0,0,0,1,0,0,46.0,40,0,Graduation,0.05758761202294053
37395.0,1,0,47,18,0,9,0,1,11,1,1,0,3,6,0,0,0,0,0,0,3,11,0,44,2217,0,0,0,1,0,0,0,0,0,1,28.0,17,0,PhD,0.07351117644012127
64722.0,1,0,47,303,0,280,60,147,15,4,8,2,11,6,0,0,0,0,0,0,3,11,0,49,2193,0,1,0,0,0,0,0,1,0,0,790.0,775,0,Graduation,0.177448107124862
55249.0,0,1,81,97,1,19,2,0,11,1,2,1,4,3,0,0,0,0,0,0,3,11,0,64,2232,0,0,0,1,0,0,0,0,1,0,119.0,108,0,Master,0.01603289631661887
84906.0,0,0,98,997,15,414,99,30,76,1,5,6,12,2,0,1,1,0,1,0,3,11,0,48,2427,0,0,0,1,0,0,0,1,0,0,1555.0,1479,3,Graduation,0.10350157418306741
28691.0,1,0,56,5,4,13,8,0,4,1,1,0,3,8,0,0,0,0,0,0,3,11,0,31,2519,0,1,0,0,0,0,0,1,0,0,30.0,26,0,Graduation,0.07248115631168973
44213.0,1,1,48,95,11,35,0,4,7,4,2,1,5,6,0,0,0,0,0,0,3,11,0,68,2371,0,0,1,0,0,0,0,1,0,0,145.0,138,0,Graduation,0.0752680594904365
25707.0,1,0,18,1,6,2,3,6,3,1,1,0,3,7,0,0,0,0,0,0,3,11,0,36,2321,0,0,1,0,0,0,1,0,0,0,18.0,15,0,Basic,0.16935474529453487
59062.0,2,1,74,46,1,12,3,0,9,2,2,0,3,4,0,0,0,0,0,0,3,11,0,53,2428,0,1,0,0,0,0,0,0,0,1,62.0,53,0,PhD,0.04528759752573862
76624.0,0,1,68,411,106,147,54,115,66,1,5,10,7,1,1,0,0,0,0,0,3,11,0,58,2195,0,0,1,0,0,0,0,1,0,0,833.0,767,1,Graduation,0.05997510155717092
66000.0,0,0,36,244,51,270,101,0,45,1,1,3,5,1,0,0,0,0,0,0,3,11,0,73,2229,0,0,0,1,0,0,0,0,1,0,666.0,621,0,Master,0.10651192436528618
27683.0,1,0,90,152,9,121,12,12,45,4,6,2,4,8,0,0,0,0,0,0,3,11,0,42,2853,0,0,0,1,0,0,0,0,0,1,306.0,261,0,PhD,0.055917133862325524
1730.0,0,0,65,1,1,3,1,1,1,15,0,0,0,20,0,0,0,0,0,0,3,11,0,49,2201,1,0,0,0,0,0,0,1,0,0,7.0,6,0,Graduation,0.05457393105407288
7500.0,1,0,63,10,17,18,8,26,40,4,3,2,2,9,0,0,0,0,0,0,3,11,0,28,2732,0,0,1,0,0,0,1,0,0,0,79.0,39,0,Basic,0.10043987577080062
40521.0,1,1,82,12,0,5,0,0,4,1,0,1,2,5,0,0,0,0,0,0,3,11,0,52,2609,0,0,0,1,0,0,0,1,0,0,17.0,13,0,Graduation,0.029381579639499986
20427.0,1,0,63,5,0,4,0,0,1,1,1,0,2,8,0,0,0,0,0,0,3,11,0,47,2256,0,0,0,1,0,0,0,0,0,1,9.0,8,0,PhD,0.06693023351605014
65106.0,0,1,55,790,19,133,12,0,19,3,8,3,13,6,0,1,0,0,0,0,3,11,0,45,2195,0,1,0,0,0,0,0,1,0,0,954.0,935,1,Graduation,0.12710671660791062
69969.0,0,0,64,882,29,514,38,29,44,1,4,2,6,3,0,0,1,1,0,0,3,11,1,55,2465,0,1,0,0,0,0,0,0,0,1,1492.0,1448,2,PhD,0.23710214414716704
67433.0,0,2,51,615,28,259,12,48,30,4,6,5,13,4,0,1,0,0,0,0,3,11,0,68,2507,0,1,0,0,0,0,0,1,0,0,962.0,932,1,Graduation,0.12908316065588618
77766.0,0,1,97,1004,59,265,115,59,27,2,11,10,11,6,1,0,0,0,0,0,3,11,1,53,2651,0,1,0,0,0,0,0,0,0,1,1502.0,1475,1,PhD,0.1080112332425327
74716.0,0,1,92,133,27,421,13,195,71,2,7,3,5,4,0,0,0,0,0,0,3,11,0,48,2449,0,1,0,0,0,0,0,1,0,0,789.0,718,0,Graduation,0.03317266003220946
68118.0,0,1,51,595,23,123,10,23,154,2,8,9,4,6,0,0,0,0,0,0,3,11,0,57,2413,1,0,0,0,0,0,0,1,0,0,774.0,620,0,Graduation,0.09259141493872573
55158.0,1,1,72,293,0,87,4,11,23,4,7,2,5,7,0,0,0,0,0,0,3,11,1,50,2858,0,1,0,0,0,0,0,0,0,1,395.0,372,0,PhD,0.05913320093721545
62972.0,0,1,39,313,15,47,20,0,192,2,7,4,3,6,0,0,0,0,0,0,3,11,1,65,2854,0,1,0,0,0,1,0,0,0,0,395.0,203,0,2n Cycle,0.06439971777994087
74190.0,0,1,49,151,81,86,168,91,64,2,4,2,11,2,0,0,0,0,0,0,3,11,0,45,2207,0,1,0,0,0,0,0,1,0,0,577.0,513,0,Graduation,0.061223369338076934
39356.0,1,1,21,15,0,2,0,0,6,1,1,0,2,6,1,0,0,0,0,0,3,11,0,44,2261,0,1,0,0,0,0,0,1,0,0,17.0,11,1,Graduation,0.12392586145681868
76653.0,0,0,91,736,63,946,219,189,126,1,4,7,11,2,0,0,1,1,0,0,3,11,0,51,2476,0,0,0,1,0,0,0,1,0,0,2153.0,2027,2,Graduation,0.3525898829543067
35860.0,1,1,37,15,0,8,4,2,20,2,1,1,2,5,1,0,0,0,0,0,3,11,0,47,2200,1,0,0,0,0,0,0,0,0,1,29.0,9,1,PhD,0.09432987744536152
90687.0,0,0,98,982,17,672,23,34,51,1,6,2,8,2,0,0,1,0,0,0,3,11,1,37,2562,1,0,0,0,0,0,0,0,0,1,1728.0,1677,1,PhD,0.1304880632589828
73450.0,0,0,85,1142,51,415,90,69,37,1,7,8,11,3,1,0,0,1,0,0,3,11,0,38,2365,0,0,0,1,0,0,0,0,1,0,1767.0,1730,2,Master,0.23944102616479895
31454.0,1,1,40,28,0,11,0,0,9,3,2,0,3,8,0,0,0,0,0,0,3,11,0,60,2517,0,1,0,0,0,0,0,1,0,0,39.0,30,0,Graduation,0.09482542820506445
47139.0,1,1,2,46,0,12,0,2,23,2,2,1,2,7,0,0,0,0,0,0,3,11,1,68,2274,0,0,1,0,0,0,0,1,0,0,60.0,37,0,Graduation,0.16680011292982735
83829.0,0,0,78,897,161,430,186,161,27,0,4,7,6,1,1,0,1,1,0,0,3,11,1,45,2423,1,0,0,0,0,0,0,1,0,0,1835.0,1808,3,Graduation,0.2559801842896308
53378.0,1,1,41,489,6,152,8,6,132,10,9,4,6,8,0,0,0,0,0,0,3,11,1,57,2802,0,1,0,0,0,0,0,0,0,1,661.0,529,0,PhD,0.19138878989463645
19656.0,1,0,94,25,4,9,6,8,32,3,2,1,3,7,0,0,0,0,0,0,3,11,0,50,2665,0,0,0,1,0,0,0,1,0,0,52.0,20,0,Graduation,0.03553541417427967
45579.0,0,1,10,145,1,33,2,1,1,1,4,1,4,6,0,0,0,0,0,0,3,11,0,72,2472,0,1,0,0,0,0,0,0,0,1,182.0,181,0,PhD,0.11242883592493819
85485.0,0,0,73,630,26,611,44,18,54,1,6,6,6,2,0,0,0,0,0,0,3,11,0,62,2167,0,0,1,0,0,1,0,0,0,0,1329.0,1275,0,2n Cycle,0.11429126792612426
55956.0,0,0,22,760,38,104,50,9,38,2,7,3,4,4,0,1,0,0,0,0,3,11,0,76,2242,0,1,0,0,0,0,0,1,0,0,961.0,923,1,Graduation,0.27162100448095217
64191.0,0,1,30,420,15,186,151,38,15,3,5,3,13,3,0,0,0,0,0,0,3,11,0,57,2682,0,0,1,0,0,0,0,0,1,0,810.0,795,0,Master,0.1660497620160038
38808.0,1,0,21,125,17,52,3,19,30,4,5,1,4,8,1,0,0,0,0,0,3,11,1,48,2831,0,0,1,0,0,0,0,1,0,0,216.0,186,1,Graduation,0.17547562410824702
57183.0,1,1,51,464,5,64,7,0,70,8,9,1,7,8,0,0,0,0,0,0,3,11,0,54,2626,0,1,0,0,0,0,0,0,1,0,540.0,470,0,Master,0.11884814335070154
23748.0,1,0,97,6,6,29,12,15,8,3,2,1,3,8,0,0,0,0,0,0,3,11,0,52,2744,1,0,0,0,0,0,0,0,1,0,68.0,60,0,Master,0.031426763342893495
66303.0,0,1,56,1090,12,96,16,12,60,4,3,4,11,8,0,1,0,0,0,0,3,11,0,49,2647,0,1,0,0,0,0,0,1,0,0,1226.0,1166,1,Graduation,0.19330874492579705
37368.0,1,0,4,3,2,11,2,2,10,1,1,0,2,6,1,0,0,0,0,0,3,11,0,45,2354,0,1,0,0,0,0,0,0,1,0,20.0,10,1,Master,0.18333418924419717
40800.0,1,2,77,24,0,27,8,30,10,2,3,0,3,7,0,0,0,0,0,1,3,11,0,56,2703,0,1,0,0,0,0,0,1,0,0,89.0,79,0,Graduation,0.03761938943043158
71847.0,0,0,95,737,21,106,55,63,210,0,6,7,9,3,0,0,0,1,0,0,3,11,0,42,2805,1,0,0,0,0,0,0,1,0,0,982.0,772,1,Graduation,0.04826394349944535
46149.0,0,1,36,254,6,71,4,0,27,5,5,1,7,5,0,0,0,0,0,0,3,11,0,45,2371,0,1,0,0,0,0,0,1,0,0,335.0,308,0,Graduation,0.08743453425353342
78687.0,0,0,13,817,185,687,145,55,241,1,4,6,8,2,0,0,1,0,0,0,3,11,1,37,2848,0,0,0,1,0,0,0,1,0,0,1889.0,1648,1,Graduation,0.6819603651492895
49118.0,0,0,90,620,54,239,99,98,119,2,9,7,10,7,0,1,0,0,1,0,3,11,1,49,2839,1,0,0,0,0,1,0,0,0,0,1110.0,991,2,2n Cycle,0.1034417402226551
37633.0,1,1,49,13,4,20,0,0,1,2,1,0,3,9,0,0,0,0,0,0,3,11,0,63,2806,0,1,0,0,0,0,0,0,0,1,37.0,36,0,PhD,0.0684079735401211
39767.0,0,0,18,113,61,204,34,26,47,2,7,1,7,8,0,0,0,0,0,0,3,11,0,69,2502,0,0,0,1,0,0,0,0,1,0,438.0,391,0,Master,0.1655074474772735
26997.0,0,0,89,7,23,78,133,49,144,2,4,2,5,7,0,0,0,0,0,0,3,11,0,69,2760,0,1,0,0,0,0,1,0,0,0,290.0,146,0,Basic,0.03190796617888567
33986.0,1,0,43,16,2,18,2,1,5,1,1,0,3,7,0,0,0,0,0,0,3,11,0,50,2631,1,0,0,0,0,0,0,1,0,0,39.0,34,0,Graduation,0.0864046556707797
57091.0,0,1,82,462,0,24,6,0,4,2,9,2,5,7,0,1,0,0,0,0,3,11,1,48,2742,0,1,0,0,0,0,0,0,0,1,492.0,488,1,PhD,0.03288284129355615
46831.0,1,1,84,22,2,10,6,4,34,2,1,2,2,4,0,0,0,0,0,0,3,11,0,51,2545,0,1,0,0,0,1,0,0,0,0,44.0,10,0,2n Cycle,0.026205730412082278
83151.0,0,0,80,968,147,842,137,42,210,1,5,7,10,2,1,0,1,1,0,0,3,11,1,48,2663,0,1,0,0,0,0,0,0,1,0,2136.0,1926,3,Master,0.3788002489673508
52531.0,0,0,68,283,112,151,51,72,125,2,7,2,10,6,0,0,0,0,0,0,3,11,0,49,2705,0,1,0,0,0,0,0,1,0,0,669.0,544,0,Graduation,0.06999492454981834
15759.0,0,0,12,1,2,5,6,0,3,1,1,0,2,7,0,0,0,0,0,0,3,11,0,64,2456,0,1,0,0,0,0,0,1,0,0,14.0,11,0,Graduation,0.13629833180110712
22804.0,1,0,75,14,1,7,2,1,1,1,2,0,2,9,0,0,0,0,0,0,3,11,0,49,2492,0,0,1,0,0,0,0,1,0,0,25.0,24,0,Graduation,0.049773608044135303
43050.0,1,0,10,30,5,24,6,3,8,2,2,0,4,5,0,0,0,0,0,0,3,11,0,47,2262,0,1,0,0,0,1,0,0,0,0,68.0,60,0,2n Cycle,0.15959975520482986
42997.0,1,1,91,4,0,5,0,1,5,1,1,0,2,7,0,0,0,0,0,0,3,11,0,43,2363,0,0,1,0,0,0,0,0,0,1,10.0,5,0,PhD,0.02269095496630963
48918.0,1,1,21,52,0,9,0,0,1,2,1,0,4,4,0,0,0,0,0,0,3,11,0,57,2237,0,0,1,0,0,0,0,0,0,1,61.0,60,0,PhD,0.11054663609685489
60033.0,0,1,28,62,1,57,19,11,48,2,2,1,5,2,0,0,0,0,0,0,3,11,0,66,2251,0,0,0,1,0,0,0,0,1,0,150.0,102,0,Master,0.054716736527570066
34043.0,1,0,97,20,2,14,3,0,10,1,2,0,2,9,0,0,0,0,0,0,3,11,0,42,2406,0,0,0,1,0,0,0,0,0,1,39.0,29,0,PhD,0.024829864683186847
57811.0,0,1,49,545,7,114,37,21,78,5,7,2,11,5,0,1,0,0,0,0,3,11,0,54,2529,0,0,0,1,0,0,0,1,0,0,724.0,646,1,Graduation,0.10686064882588629
78569.0,0,0,14,558,79,622,207,175,95,1,4,6,4,1,0,0,1,0,0,0,3,11,1,74,2289,0,1,0,0,0,0,0,1,0,0,1641.0,1546,1,Graduation,0.5380793136046211
7500.0,1,1,5,6,5,4,13,4,25,4,2,1,3,6,0,0,0,0,0,0,3,11,0,42,2708,0,0,1,0,0,0,0,1,0,0,32.0,7,0,Graduation,0.2906903828133234
23148.0,0,0,83,4,6,8,6,3,10,1,2,0,3,7,0,0,0,0,0,0,3,11,0,35,2290,0,1,0,0,0,1,0,0,0,0,27.0,17,0,2n Cycle,0.02532688925032099
44267.0,1,1,48,183,5,65,3,5,49,5,5,2,4,9,0,0,0,0,0,0,3,11,0,50,2648,1,0,0,0,0,0,0,1,0,0,261.0,212,0,Graduation,0.09682621648155279
71626.0,0,0,94,546,72,376,94,145,72,1,5,5,8,3,0,1,0,0,0,0,3,11,0,41,2764,0,1,0,0,0,0,0,1,0,0,1233.0,1161,1,Graduation,0.08033114108360971
60894.0,0,1,61,606,7,155,10,0,54,5,10,3,8,7,0,0,0,0,0,0,3,11,0,54,2525,0,0,0,1,0,0,0,1,0,0,778.0,724,0,Graduation,0.08551453939940093
50200.0,1,1,70,266,6,51,8,6,64,6,7,1,5,8,0,0,0,0,0,0,3,11,0,44,2611,0,0,0,1,0,0,0,1,0,0,337.0,273,0,Graduation,0.06156151343203793
81051.0,0,0,43,1142,29,249,38,29,14,1,5,5,12,2,0,1,1,0,0,0,3,11,0,55,2196,0,1,0,0,0,0,0,0,0,1,1487.0,1473,2,PhD,0.2925508130353898
65169.0,0,0,23,1074,0,69,0,0,46,1,10,4,13,6,1,0,1,1,1,0,3,11,1,38,2325,0,1,0,0,0,0,0,1,0,0,1143.0,1097,4,Graduation,0.32315611728247784
59868.0,0,1,37,771,51,154,54,10,154,7,11,2,12,6,0,0,0,0,0,0,3,11,0,48,2501,0,0,0,1,0,0,0,1,0,0,1040.0,886,0,Graduation,0.22961752020586476
65695.0,0,1,50,371,32,189,0,58,6,2,5,4,10,4,0,0,0,0,0,0,3,11,0,60,2308,0,1,0,0,0,0,0,0,0,1,650.0,644,0,PhD,0.07803825226961356
64857.0,0,0,78,556,14,717,210,0,43,1,7,5,10,4,0,0,0,0,0,0,3,11,0,64,2742,0,0,1,0,0,0,0,0,1,0,1497.0,1454,0,Master,0.19453110994124295
45143.0,0,1,74,202,5,74,11,5,14,3,6,1,5,7,0,0,0,0,0,0,3,11,0,55,2466,0,0,0,1,0,0,0,0,1,0,297.0,283,0,Master,0.033570476300040036
74805.0,0,1,14,209,162,209,41,162,37,5,4,7,10,2,0,0,0,0,0,0,3,11,0,65,2394,0,0,0,1,0,1,0,0,0,0,783.0,746,0,2n Cycle,0.18175087672605386
59060.0,1,0,77,35,40,111,36,40,12,3,3,1,7,4,0,0,0,0,0,0,3,11,0,31,2328,0,1,0,0,0,1,0,0,0,0,262.0,250,0,2n Cycle,0.0392585333395292
27238.0,1,1,39,37,0,17,0,0,3,3,3,0,3,9,0,0,0,0,0,0,3,11,0,58,2594,0,0,1,0,0,0,0,0,0,1,54.0,51,0,PhD,0.10789664765588061
47009.0,0,1,89,171,45,73,59,10,90,4,3,2,8,4,0,0,0,0,0,0,3,11,0,55,2430,0,0,0,1,0,0,0,1,0,0,358.0,268,0,Graduation,0.02553885214725152
46094.0,1,1,62,12,2,20,3,2,5,1,1,0,3,7,0,0,0,0,0,0,3,11,0,47,2178,0,1,0,0,0,1,0,0,0,0,39.0,34,0,2n Cycle,0.04476197614500158
40321.0,1,1,59,44,4,21,6,0,27,2,3,0,3,7,0,0,0,0,0,0,3,11,0,48,2494,0,1,0,0,0,0,0,1,0,0,75.0,48,0,Graduation,0.05730255758255621
37235.0,1,0,68,20,2,9,4,6,20,1,1,1,2,4,0,0,0,0,0,0,3,11,0,36,2307,0,0,0,1,0,0,0,1,0,0,41.0,21,0,Graduation,0.04727596571713542
81843.0,0,0,13,779,86,537,34,69,138,1,5,9,12,3,0,0,0,0,0,0,3,11,0,60,2592,0,1,0,0,0,0,0,0,1,0,1505.0,1367,0,Master,0.4663249229771247
46692.0,0,1,37,170,6,97,24,12,88,3,6,1,5,6,0,0,0,0,0,0,3,11,0,62,2547,0,0,0,1,0,0,0,0,1,0,309.0,221,0,Master,0.07789146129415354
77382.0,0,1,36,491,48,231,112,105,134,2,5,7,12,1,0,0,1,0,0,0,3,11,0,52,2332,0,0,0,1,0,0,0,1,0,0,987.0,853,1,Graduation,0.16083592164135557
37774.0,2,0,28,173,8,107,7,2,176,4,7,2,3,9,1,0,0,0,0,1,3,11,1,43,2823,0,0,1,0,0,0,0,1,0,0,297.0,121,1,Graduation,0.27085831541022615
18393.0,1,0,2,7,10,13,16,0,4,2,3,0,3,8,0,0,0,0,0,0,3,11,0,46,2251,0,1,0,0,0,0,1,0,0,0,46.0,42,0,Basic,0.2658894008729104
72828.0,0,1,17,1205,0,235,19,14,205,6,6,3,13,7,0,0,0,0,0,0,3,11,0,58,2659,0,1,0,0,0,0,0,0,1,0,1473.0,1268,0,Master,0.47139085189803376
24711.0,0,0,86,10,7,25,6,3,7,1,3,0,3,7,0,0,0,0,0,0,3,11,0,38,2231,0,1,0,0,0,0,0,1,0,0,51.0,44,0,Graduation,0.02382719998914623
45503.0,1,0,54,97,4,44,6,1,18,1,3,1,4,5,0,0,0,0,0,0,3,11,0,45,2436,0,1,0,0,0,0,0,0,0,1,152.0,134,0,PhD,0.06806330268848267
6560.0,0,0,2,67,11,26,4,3,262,0,1,0,1,17,0,0,0,0,0,0,3,11,0,38,2358,0,0,1,0,0,0,0,0,1,0,111.0,-151,0,Master,0.2383770497032973
71604.0,0,0,3,345,53,528,98,75,97,1,8,3,5,4,1,0,0,0,0,0,3,11,1,75,2383,0,0,0,1,0,0,0,0,0,1,1099.0,1002,1,PhD,0.36659953781431354
27244.0,1,0,84,6,5,17,3,24,46,2,2,2,2,7,0,0,0,0,0,0,3,11,0,41,2273,0,1,0,0,0,0,0,1,0,0,55.0,9,0,Graduation,0.03991433939065202
48752.0,1,1,8,73,57,100,71,15,0,5,6,1,5,9,0,0,0,0,0,0,3,11,1,51,2723,0,1,0,0,0,0,0,1,0,0,316.0,316,0,Graduation,0.22652006668262475
71434.0,0,1,4,711,36,217,172,96,168,3,7,4,7,4,0,1,0,1,0,0,3,11,0,58,2443,0,1,0,0,0,0,0,1,0,0,1232.0,1064,2,Graduation,0.43560646942061587
90842.0,0,0,57,774,70,118,182,187,93,1,4,9,13,1,0,0,0,0,0,0,3,11,0,72,2494,0,0,1,0,0,0,0,1,0,0,1331.0,1238,0,Graduation,0.14446617338323176
88097.0,1,0,24,163,0,480,0,126,75,1,6,5,8,9,0,1,1,1,0,0,3,11,1,42,2839,0,1,0,0,0,0,0,0,1,0,769.0,694,3,Master,0.1882825282326576
51948.0,0,1,51,82,33,54,71,30,41,2,5,2,4,5,0,0,0,0,0,0,3,11,0,45,2444,0,1,0,0,0,0,0,1,0,0,270.0,229,0,Graduation,0.04913605005668378
71853.0,0,0,29,358,108,413,141,97,32,1,2,8,6,1,0,0,0,0,0,0,3,11,0,38,2576,0,0,0,1,0,0,0,1,0,0,1117.0,1085,0,Graduation,0.25478230409137403
35876.0,0,0,13,66,2,40,4,3,14,1,3,1,3,6,0,0,0,0,0,0,3,11,0,37,2229,0,1,0,0,0,0,0,0,1,0,115.0,101,0,Master,0.11854675838763365
40049.0,0,1,23,13,6,7,0,3,3,1,1,0,3,6,0,0,0,0,0,0,3,11,0,68,2415,0,0,0,0,1,0,0,1,0,0,29.0,26,0,Graduation,0.07047495397277838
39660.0,1,0,36,139,13,78,20,13,36,3,7,1,3,9,0,0,0,0,0,0,3,11,1,38,2849,0,0,1,0,0,0,0,1,0,0,263.0,227,0,Graduation,0.1399903061815003
50127.0,0,1,88,274,0,21,4,6,15,1,5,1,6,6,0,1,0,0,0,0,3,11,0,58,2190,0,0,0,1,0,0,0,1,0,0,305.0,290,1,Graduation,0.022008655001965458
43263.0,0,1,2,262,6,61,0,10,102,3,5,2,6,5,0,0,0,0,0,0,3,11,0,43,2744,0,1,0,0,0,0,0,0,1,0,339.0,237,0,Master,0.1917510842787105
62845.0,1,1,3,1099,0,45,0,0,34,11,3,4,10,8,0,1,0,0,0,0,3,11,1,71,2795,0,1,0,0,0,0,0,0,1,0,1144.0,1110,1,Master,0.5648120738099306
18929.0,0,0,15,32,0,8,23,4,18,1,1,0,4,6,0,0,0,0,0,0,3,11,0,30,2657,0,1,0,0,0,0,0,1,0,0,67.0,49,0,Graduation,0.14182047187371877
24367.0,1,0,58,2,4,2,0,11,5,1,1,0,2,9,0,0,0,0,0,0,3,11,0,38,2625,0,0,1,0,0,0,1,0,0,0,19.0,14,0,Basic,0.07242046204558603
33249.0,1,0,11,6,10,21,19,14,42,2,2,1,3,6,0,0,0,0,0,0,3,11,0,45,2653,0,0,1,0,0,0,0,1,0,0,70.0,28,0,Graduation,0.18513236902849933
26887.0,0,1,27,6,7,4,3,4,6,1,1,0,3,6,0,0,0,0,0,0,3,11,0,61,2663,0,1,0,0,0,1,0,0,0,0,24.0,18,0,2n Cycle,0.08239372069074177
50150.0,0,0,32,135,46,92,65,61,11,2,5,2,7,5,0,0,0,0,0,0,3,11,0,37,2533,0,1,0,0,0,0,0,0,0,1,399.0,388,0,PhD,0.10170801559424937
62061.0,0,1,12,641,7,84,0,30,38,3,10,4,7,6,0,1,0,0,0,0,3,11,0,44,2461,0,0,0,1,0,0,0,1,0,0,762.0,724,1,Graduation,0.23184979578128198
85696.0,0,0,88,714,76,395,116,0,12,1,4,6,9,1,0,0,0,0,0,0,3,11,1,58,2581,1,0,0,0,0,0,0,0,0,1,1301.0,1289,0,PhD,0.07803920014114461
76542.0,0,0,91,794,73,573,0,29,14,1,4,8,10,2,0,0,0,0,0,0,3,11,0,64,2615,0,0,0,1,0,0,0,0,0,1,1469.0,1455,0,PhD,0.11600619831178584
70515.0,0,0,12,420,0,452,182,64,140,1,6,6,4,2,0,0,0,0,0,0,3,11,1,27,2410,0,0,1,0,0,0,0,1,0,0,1118.0,978,0,Graduation,0.3538816946460937
18227.0,1,0,21,1,2,7,4,3,11,1,0,1,2,8,0,0,0,0,0,0,3,11,0,33,2757,0,0,0,1,0,0,0,1,0,0,17.0,6,0,Graduation,0.18088652717716294
69139.0,0,1,23,86,12,75,33,15,6,1,4,1,5,4,0,0,0,0,0,0,3,11,0,55,2312,0,1,0,0,0,0,0,1,0,0,221.0,215,0,Graduation,0.06073449259522353
69109.0,0,0,10,823,25,459,124,29,95,1,6,6,7,4,0,0,1,0,0,0,3,11,1,38,2756,0,1,0,0,0,0,0,1,0,0,1460.0,1365,1,Graduation,0.5372638862836104
69627.0,0,1,35,231,161,215,171,30,53,2,8,2,11,5,0,0,0,0,0,0,3,11,0,58,2628,0,0,1,0,0,0,0,1,0,0,808.0,755,0,Graduation,0.13568967886659097
38136.0,1,0,69,8,15,27,0,20,33,2,3,1,2,8,1,0,0,0,0,0,3,11,0,42,2592,0,1,0,0,0,0,0,1,0,0,70.0,37,1,Graduation,0.04743074267549802
62159.0,0,0,68,182,17,259,77,70,29,1,6,2,10,4,0,0,0,0,0,0,3,11,0,74,2221,0,0,1,0,0,0,0,0,0,1,605.0,576,0,PhD,0.049057666353634496
80695.0,0,0,85,557,129,984,193,37,18,1,5,8,5,2,0,0,0,0,0,0,3,11,0,57,2341,0,0,1,0,0,0,0,1,0,0,1900.0,1882,0,Graduation,0.25531789993799714
33316.0,1,1,34,79,1,31,4,4,12,3,2,1,4,6,0,0,0,0,0,0,3,11,0,49,2427,0,0,1,0,0,0,0,0,1,0,119.0,107,0,Master,0.12368594063567769
58554.0,1,1,55,368,24,68,38,0,88,6,8,2,6,7,0,0,0,0,0,0,3,11,0,52,2800,0,0,0,1,0,0,0,1,0,0,498.0,410,0,Graduation,0.09881233662664597
17256.0,1,0,10,6,4,14,8,8,22,2,2,1,2,8,1,0,0,0,0,0,3,11,0,28,2377,0,1,0,0,0,0,1,0,0,0,40.0,18,1,Basic,0.2382400862599536
53034.0,1,1,30,160,15,196,15,11,50,8,6,1,7,8,0,0,0,0,0,0,3,11,0,46,2554,1,0,0,0,0,0,0,1,0,0,397.0,347,0,Graduation,0.1573164031418082
52203.0,0,0,36,488,21,238,56,108,28,1,8,7,11,6,0,0,0,0,0,0,3,11,0,70,2857,0,0,0,1,0,1,0,0,0,0,911.0,883,0,2n Cycle,0.20669539805412995
59601.0,0,1,14,691,7,69,0,7,23,4,2,2,7,8,0,1,0,0,0,0,3,11,0,43,2498,1,0,0,0,0,1,0,0,0,0,774.0,751,1,2n Cycle,0.2366086350218467
75154.0,0,1,79,543,10,205,160,143,82,1,6,3,6,3,0,0,0,0,0,0,3,11,1,62,2822,0,0,1,0,0,0,0,0,1,0,1061.0,979,0,Master,0.07333300862291878
47025.0,0,1,52,254,7,108,20,0,26,3,6,3,5,6,0,0,0,0,0,0,3,11,0,44,2393,0,0,1,0,0,0,0,1,0,0,389.0,363,0,Graduation,0.06635645491852012
37971.0,1,0,97,5,4,10,2,2,7,1,1,0,3,8,0,0,0,0,0,0,3,11,0,47,2375,0,1,0,0,0,0,0,1,0,0,23.0,16,0,Graduation,0.0220412425143557
41335.0,1,0,24,112,19,21,16,14,5,3,4,1,4,7,0,0,0,0,0,0,3,11,0,52,2344,1,0,0,0,0,0,0,0,1,0,182.0,177,0,Master,0.148080497451121
67267.0,0,1,0,134,11,59,15,2,30,1,3,2,5,2,0,0,0,0,0,0,3,11,0,62,2206,0,1,0,0,0,0,0,1,0,0,221.0,191,0,Graduation,0.10426001358021762
57338.0,0,1,96,143,6,52,11,8,17,2,4,1,5,5,0,0,0,0,0,0,3,11,0,45,2220,0,0,1,0,0,0,0,1,0,0,220.0,203,0,Graduation,0.01365937188980558
50523.0,1,1,89,51,4,24,4,7,1,2,2,0,4,6,0,0,0,0,0,0,3,11,0,60,2345,0,0,0,1,0,1,0,0,0,0,90.0,89,0,2n Cycle,0.02325409640257413
35791.0,2,1,94,27,0,5,0,0,3,2,1,0,3,8,0,0,0,0,0,0,3,11,0,55,2578,0,0,1,0,0,0,0,0,1,0,32.0,29,0,Master,0.04139650927453679
50611.0,0,1,98,459,0,24,6,0,4,6,4,5,7,6,0,1,0,0,0,0,3,11,0,60,2792,1,0,0,0,0,0,0,0,0,1,489.0,485,1,PhD,0.024639509747292447
56242.0,0,1,72,689,8,167,11,8,88,5,8,4,11,6,0,0,0,0,0,0,3,11,0,51,2642,0,1,0,0,0,0,0,0,0,1,883.0,795,0,PhD,0.08894452914828115
48904.0,0,1,1,283,10,38,0,13,27,4,7,2,4,8,0,0,0,0,0,0,3,11,0,60,2733,0,0,1,0,0,0,0,1,0,0,344.0,317,0,Graduation,0.1745440762146789
56243.0,1,2,26,347,0,35,4,3,7,6,4,2,8,5,0,0,0,0,0,0,3,11,0,45,2340,0,0,1,0,0,0,0,1,0,0,389.0,382,0,Graduation,0.16002944220644622
21355.0,1,0,5,5,13,14,0,5,31,2,2,1,2,6,1,0,0,0,0,0,3,11,1,35,2472,0,1,0,0,0,0,0,1,0,0,37.0,6,1,Graduation,0.24184679672055817
57420.0,0,1,22,280,0,18,0,0,24,3,5,1,6,7,0,1,0,0,0,0,3,11,0,49,2528,0,0,0,1,0,0,0,0,1,0,298.0,274,1,Master,0.090304111856073
46390.0,0,1,56,95,14,64,2,9,38,1,4,2,3,7,0,0,0,0,0,0,3,11,0,65,2214,1,0,0,0,0,0,0,0,1,0,184.0,146,0,Master,0.03936601958339746
54342.0,1,1,74,84,10,34,11,10,28,4,3,1,4,6,0,0,0,0,0,0,3,11,0,64,2520,0,0,0,1,0,1,0,0,0,0,149.0,121,0,2n Cycle,0.03445217290679393
20895.0,1,0,24,18,3,17,3,0,4,1,2,0,3,9,0,0,0,0,0,0,3,11,0,47,2790,0,1,0,0,0,0,0,1,0,0,41.0,37,0,Graduation,0.16531630040091017
92344.0,0,0,9,992,24,694,51,19,119,0,5,10,5,1,1,0,1,0,0,0,3,11,0,72,2324,0,1,0,0,0,0,0,1,0,0,1780.0,1661,2,Graduation,0.571823446029863
26907.0,1,1,10,9,1,7,0,3,2,2,1,0,3,7,0,0,0,0,0,0,3,11,0,44,2472,0,0,0,1,0,1,0,0,0,0,20.0,18,0,2n Cycle,0.19297025810342824
44964.0,1,1,35,19,1,17,2,0,2,1,1,0,3,8,0,0,0,0,0,0,3,11,0,40,2719,0,0,0,1,0,0,0,1,0,0,39.0,37,0,Graduation,0.0864083972616285
75507.0,0,0,56,709,93,374,104,80,80,1,8,6,6,3,0,0,0,0,0,0,3,11,0,41,2217,0,0,0,1,0,0,0,1,0,0,1360.0,1280,0,Graduation,0.21067320257215755
53761.0,1,1,7,158,0,76,13,7,71,6,4,4,3,5,0,0,0,0,0,0,3,11,0,48,2420,0,1,0,0,0,0,0,0,1,0,254.0,183,0,Master,0.1941448088430489
22682.0,1,0,51,10,14,29,4,2,36,3,2,1,4,4,0,0,0,0,0,0,3,11,0,47,2428,0,0,0,1,0,0,0,1,0,0,59.0,23,0,Graduation,0.09259003398375718
38887.0,1,0,17,25,1,13,0,0,3,1,1,0,3,7,0,0,0,0,0,0,3,11,0,48,2278,0,0,0,1,0,0,0,0,0,1,39.0,36,0,PhD,0.14041038981063664
41658.0,1,1,30,8,4,12,15,4,29,2,1,1,2,4,0,0,0,0,0,0,3,11,0,45,2756,0,0,1,0,0,1,0,0,0,0,43.0,14,0,2n Cycle,0.10227318443084857
29791.0,1,0,21,14,0,6,0,0,0,2,2,0,3,5,0,0,0,0,0,0,3,11,0,48,2204,0,1,0,0,0,0,0,0,0,1,20.0,20,0,PhD,0.1458174671854374
63915.0,0,2,2,622,7,115,30,0,15,2,6,3,12,5,0,0,0,0,0,0,3,11,0,64,2493,0,1,0,0,0,0,0,0,1,0,774.0,759,0,Master,0.2673012816354818
39996.0,1,1,85,11,0,3,0,0,1,1,1,0,2,6,0,0,0,0,0,0,3,11,0,46,2197,1,0,0,0,0,0,0,1,0,0,14.0,13,0,Graduation,0.027818981370006386
26759.0,1,0,65,25,3,16,8,5,2,2,2,1,3,6,0,0,0,0,0,0,3,11,0,48,2301,1,0,0,0,0,0,0,1,0,0,57.0,55,0,Graduation,0.06212608021620674
63841.0,0,1,64,635,15,100,20,7,131,1,9,3,9,6,0,0,0,0,0,0,3,11,0,52,2593,1,0,0,0,0,0,0,0,1,0,777.0,646,0,Master,0.07586714693539315
51039.0,1,1,11,100,64,79,65,0,109,2,6,2,4,7,0,0,0,0,0,0,3,11,0,51,2725,0,1,0,0,0,0,0,0,0,1,308.0,199,0,PhD,0.20362221400565905
60544.0,1,1,92,201,2,43,3,5,35,4,5,1,5,6,0,0,0,0,0,0,3,11,0,59,2832,0,1,0,0,0,0,0,1,0,0,254.0,219,0,Graduation,0.024741212271694246
65685.0,0,1,54,642,14,49,0,7,57,1,9,2,9,5,0,0,0,0,0,0,3,11,0,48,2251,0,1,0,0,0,0,0,1,0,0,712.0,655,0,Graduation,0.08207466024316137
37716.0,0,1,4,97,1,41,6,2,41,2,4,1,3,7,0,0,0,0,0,0,3,11,0,67,2228,0,1,0,0,0,0,0,1,0,0,147.0,106,0,Graduation,0.1391643835056969
36864.0,0,1,53,204,5,39,17,0,89,3,5,2,4,8,0,0,0,0,0,0,3,11,1,63,2844,0,0,1,0,0,0,0,1,0,0,265.0,176,0,Graduation,0.059458348709052485
44511.0,1,0,39,513,7,133,46,14,14,6,8,4,8,8,0,0,0,0,0,0,3,11,0,50,2784,0,1,0,0,0,0,0,0,1,0,713.0,699,0,Master,0.25097049157162743
36947.0,1,1,49,88,3,21,4,1,29,4,3,0,4,9,0,0,0,0,0,0,3,11,0,53,2850,0,1,0,0,0,0,0,0,0,1,117.0,88,0,PhD,0.0822364604420195
47352.0,0,1,70,172,12,112,8,0,15,4,6,1,5,7,0,0,0,0,0,0,3,11,0,69,2603,0,0,0,1,0,0,0,0,1,0,304.0,289,0,Master,0.034819933594814154
67087.0,0,1,40,329,35,222,130,35,43,2,7,5,8,4,0,0,0,0,0,0,3,11,0,67,2353,0,1,0,0,0,0,0,0,1,0,751.0,708,0,Master,0.11302776546505068
57045.0,0,1,40,296,13,104,11,13,17,3,4,2,9,3,0,0,0,0,0,0,3,11,0,70,2818,0,1,0,0,0,0,0,1,0,0,437.0,420,0,Graduation,0.07531371243527436
36957.0,1,1,43,100,2,16,2,1,31,4,3,2,2,9,0,0,0,0,0,0,3,11,1,67,2820,1,0,0,0,0,0,0,0,0,1,121.0,90,0,PhD,0.09215642839880828
69389.0,0,1,17,422,7,238,69,46,15,1,7,2,12,4,0,0,0,0,0,0,3,11,0,43,2798,0,1,0,0,0,0,0,0,0,1,782.0,767,0,PhD,0.19404225336834752
80134.0,1,0,40,1218,16,272,104,0,80,2,5,3,6,6,0,1,1,1,0,0,3,11,1,48,2564,0,1,0,0,0,0,0,1,0,0,1610.0,1530,3,Graduation,0.5019752188105703
43142.0,1,1,84,5,1,7,2,1,4,1,1,0,2,7,0,0,0,0,0,0,3,11,0,51,2290,0,1,0,0,0,0,0,0,1,0,16.0,12,0,Master,0.026626480862267755
80589.0,0,0,25,507,93,520,242,40,26,1,5,10,5,1,0,0,0,1,0,0,3,11,1,76,2317,0,1,0,0,0,0,0,1,0,0,1402.0,1376,1,Graduation,0.3428202049068271
34412.0,1,0,62,52,12,50,4,36,55,3,5,0,3,9,0,0,0,0,0,0,3,11,0,30,2660,0,0,1,0,0,0,0,1,0,0,154.0,99,0,Graduation,0.07206088781264164
57537.0,1,0,83,191,56,139,51,8,100,4,4,3,8,4,0,0,0,0,0,0,3,11,0,41,2543,0,0,1,0,0,0,0,1,0,0,445.0,345,0,Graduation,0.04911791738738053
22634.0,0,0,47,2,23,11,8,6,46,1,2,1,2,8,0,0,0,0,0,0,3,11,0,54,2688,0,0,0,1,0,0,1,0,0,0,50.0,4,0,Basic,0.06013853976399673
51315.0,0,0,45,68,28,39,16,30,41,1,2,2,5,2,0,0,0,0,0,0,3,11,0,72,2285,0,0,0,1,0,0,0,1,0,0,181.0,140,0,Graduation,0.04548807843535921
36026.0,2,1,34,20,4,10,6,4,17,2,2,0,3,6,0,0,0,0,0,0,3,11,0,48,2264,0,1,0,0,0,0,0,1,0,0,44.0,27,0,Graduation,0.1637351313115378
24639.0,1,1,3,20,3,16,0,4,1,3,2,0,4,6,0,0,0,0,0,0,3,11,0,47,2311,0,1,0,0,0,0,0,1,0,0,43.0,42,0,Graduation,0.23630958631826623
34578.0,2,1,1,7,0,1,0,0,0,1,1,0,2,6,0,0,0,0,0,0,3,11,0,48,2238,0,0,0,1,0,0,0,0,0,1,8.0,8,0,PhD,0.2966392417491262
65704.0,0,0,18,279,172,74,38,8,246,1,2,10,10,1,0,0,0,0,0,0,3,11,0,48,2418,0,0,1,0,0,1,0,0,0,0,571.0,325,0,2n Cycle,0.13979711931203342
63810.0,0,1,45,977,12,253,16,12,101,4,4,3,12,8,0,1,0,0,0,0,3,11,0,54,2754,0,0,1,0,0,0,0,1,0,0,1270.0,1169,1,Graduation,0.26318780518727986
54132.0,0,1,81,30,1,8,0,0,3,1,1,0,3,7,0,0,0,0,0,0,3,11,0,51,2292,0,0,0,1,0,0,0,0,0,1,39.0,36,0,PhD,0.014352173726710772
18690.0,0,0,77,6,1,7,23,4,19,1,1,1,2,8,0,0,0,0,0,0,3,11,0,61,2707,0,1,0,0,0,0,0,1,0,0,41.0,22,0,Graduation,0.030995242018630895
28164.0,1,0,23,3,18,26,11,8,12,3,2,0,4,7,0,0,0,0,0,0,3,11,0,50,2580,0,1,0,0,0,0,0,1,0,0,66.0,54,0,Graduation,0.15511351011449528
34596.0,1,0,48,14,0,2,0,0,7,1,1,0,2,8,0,0,0,0,0,0,3,11,0,46,2601,0,1,0,0,0,0,0,0,0,1,16.0,9,0,PhD,0.07366650155736175
43269.0,1,0,61,10,1,7,0,0,1,1,1,0,2,8,0,0,0,0,0,0,3,11,0,48,2445,0,1,0,0,0,0,0,0,0,1,18.0,17,0,PhD,0.0463194080716599
38741.0,1,1,60,7,10,17,8,6,13,2,2,0,3,7,0,0,0,0,0,0,3,11,0,62,2250,0,0,1,0,0,1,0,0,0,0,48.0,35,0,2n Cycle,0.05317680298762663
31907.0,0,0,75,33,87,64,175,16,74,1,6,1,6,7,0,0,0,0,0,0,3,11,0,48,2641,0,0,1,0,0,0,0,1,0,0,375.0,301,0,Graduation,0.049924520994241384
27100.0,1,0,64,12,0,13,2,0,10,1,1,0,3,7,0,0,0,0,0,0,3,11,0,37,2609,0,1,0,0,0,0,0,0,1,0,27.0,17,0,Master,0.06101592437872791
31163.0,1,0,54,2,3,10,11,2,10,1,1,0,3,6,0,0,0,0,0,0,3,11,0,47,2295,1,0,0,0,0,1,0,0,0,0,28.0,18,0,2n Cycle,0.06987649489258091
92533.0,0,0,84,693,21,118,110,147,42,1,6,5,11,2,0,0,1,1,0,0,3,11,0,35,2351,0,1,0,0,0,0,0,1,0,0,1089.0,1047,2,Graduation,0.05268133360722387
34853.0,1,1,75,9,3,15,2,3,2,2,2,0,3,6,0,0,0,0,0,0,3,11,0,47,2347,0,0,1,0,0,0,0,1,0,0,32.0,30,0,Graduation,0.04028351785220279
70844.0,1,1,16,129,26,67,3,67,2,5,6,1,5,7,0,0,0,0,0,0,3,11,0,53,2401,1,0,0,0,0,0,0,1,0,0,292.0,290,0,Graduation,0.12800662834616477
31086.0,1,1,79,16,2,11,3,0,16,2,1,1,2,8,1,0,0,0,0,0,3,11,0,41,2580,0,1,0,0,0,1,0,0,0,0,32.0,16,1,2n Cycle,0.03989435700085227
60544.0,1,1,92,201,2,43,3,5,35,4,5,1,5,6,0,0,0,0,0,0,3,11,0,59,2832,0,1,0,0,0,0,0,1,0,0,254.0,219,0,Graduation,0.024741212271694246
20491.0,0,0,16,5,4,5,4,2,10,1,0,1,2,7,0,0,0,0,0,0,3,11,0,34,2679,0,0,0,1,0,1,0,0,0,0,20.0,10,0,2n Cycle,0.12338278004719565
42523.0,0,0,96,14,36,11,3,26,35,1,1,1,4,2,0,0,0,0,0,0,3,11,0,56,2226,0,1,0,0,0,0,0,1,0,0,90.0,55,0,Graduation,0.01373537062356154
39922.0,1,0,30,29,12,59,19,1,36,2,3,0,4,8,0,0,0,0,0,0,3,11,0,37,2659,0,1,0,0,0,0,0,1,0,0,120.0,84,0,Graduation,0.12316910374880145
33402.0,1,1,60,26,2,19,10,5,8,3,2,1,3,8,0,0,0,0,0,0,3,11,0,68,2505,0,0,0,1,0,0,0,1,0,0,62.0,54,0,Graduation,0.05965343101387362
36408.0,1,1,11,9,1,4,3,2,3,1,1,0,2,6,0,0,0,0,0,0,3,11,0,71,2440,0,1,0,0,0,0,0,0,1,0,19.0,16,0,Master,0.15363756599314093
21645.0,1,0,75,14,0,23,4,5,19,3,3,0,3,9,0,0,0,0,0,0,3,11,1,41,2823,0,0,0,1,0,0,0,1,0,0,46.0,27,0,Graduation,0.05388028117598239
78427.0,0,0,36,972,19,595,180,26,138,3,3,7,10,3,0,0,0,1,0,0,3,11,1,72,2772,0,0,0,0,1,0,0,0,1,0,1792.0,1654,1,Master,0.4817232144324729
82657.0,0,0,71,966,168,672,246,105,126,1,7,5,10,4,0,1,0,1,0,0,3,11,0,74,2434,0,0,0,1,0,0,0,1,0,0,2157.0,2031,2,Graduation,0.43100546311130267
51876.0,0,0,88,99,27,102,28,48,6,1,2,2,8,1,0,0,0,0,0,0,3,11,0,62,2416,0,1,0,0,0,0,0,1,0,0,304.0,298,0,Graduation,0.021045792260857614
78041.0,0,0,93,482,35,553,72,160,17,1,4,4,9,2,0,0,0,0,0,0,3,11,0,49,2719,0,1,0,0,0,1,0,0,0,0,1302.0,1285,0,2n Cycle,0.0818211706592323
52852.0,0,1,93,714,8,99,11,0,47,4,10,7,5,8,1,0,0,0,0,0,3,11,0,63,2734,0,1,0,0,0,0,0,1,0,0,832.0,785,1,Graduation,0.05184223107202335
70038.0,0,0,54,587,54,348,71,54,130,1,4,4,8,2,0,0,0,0,0,0,3,11,0,38,2406,0,0,0,1,0,0,0,0,0,1,1114.0,984,0,PhD,0.15998277219384033
69401.0,0,1,41,399,27,159,58,8,39,4,4,4,5,2,0,0,0,0,0,0,3,11,0,47,2257,0,0,0,1,0,1,0,0,0,0,651.0,612,0,2n Cycle,0.09186757238760915
46053.0,1,0,46,56,10,92,19,7,25,3,3,2,4,5,0,0,0,0,0,0,3,11,0,48,2656,0,0,0,1,0,0,0,1,0,0,184.0,159,0,Graduation,0.0853163912157505
77343.0,0,0,28,227,151,573,98,54,31,1,3,4,9,1,0,0,0,0,0,0,3,11,0,55,2179,0,1,0,0,0,0,0,1,0,0,1103.0,1072,0,Graduation,0.22720856936149372
73892.0,0,0,40,703,102,601,0,58,43,1,3,11,8,1,0,0,0,0,0,0,3,11,1,67,2387,0,0,1,0,0,0,0,1,0,0,1464.0,1421,0,Graduation,0.3230237723836802
40304.0,1,0,82,37,0,17,0,0,3,1,2,0,3,7,0,0,0,0,0,0,3,11,0,53,2431,0,0,1,0,0,0,0,0,0,1,54.0,51,0,PhD,0.03167958323390353
32727.0,0,0,38,167,13,180,86,13,70,2,7,3,5,8,0,0,0,0,0,0,3,11,0,55,2829,0,0,0,1,0,0,0,0,0,1,459.0,389,0,PhD,0.13057758472482342
68695.0,0,0,3,458,81,356,106,50,40,1,4,4,7,2,0,0,0,0,0,0,3,11,0,51,2163,0,0,0,1,0,0,0,1,0,0,1051.0,1011,0,Graduation,0.36958902631206614
43300.0,0,1,87,91,3,52,2,1,31,3,4,0,4,8,0,0,0,0,0,0,3,11,1,49,2783,1,0,0,0,0,0,0,1,0,0,149.0,118,0,Graduation,0.019225813761542542
26290.0,1,1,49,15,8,16,11,5,22,4,2,0,4,6,0,0,0,0,0,0,3,11,0,48,2692,0,0,0,1,0,0,0,1,0,0,55.0,33,0,Graduation,0.08984792725345214
38410.0,0,0,65,153,64,123,116,64,14,2,5,2,9,6,0,0,0,0,0,0,3,11,1,46,2812,0,1,0,0,0,0,0,0,0,1,520.0,506,0,PhD,0.07384253089728045
64866.0,0,1,9,508,5,21,7,5,10,4,7,3,7,5,0,1,0,0,0,0,3,11,0,70,2313,0,0,0,0,1,0,0,0,1,0,546.0,536,1,Master,0.15731511245651558
57957.0,0,1,24,290,59,177,77,5,29,7,4,6,8,3,0,0,0,0,0,1,3,11,0,61,2473,0,0,0,1,0,0,0,1,0,0,608.0,579,0,Graduation,0.14638064352923258
46015.0,1,1,25,38,0,2,0,0,6,1,1,0,3,7,1,0,0,0,1,0,3,11,0,65,2236,0,0,0,1,0,0,0,0,0,1,40.0,34,2,PhD,0.10099361411707804
16531.0,1,0,43,2,13,6,7,5,11,3,3,0,3,7,0,0,0,0,0,0,3,11,0,42,2170,0,0,0,1,0,0,0,1,0,0,33.0,22,0,Graduation,0.1186758558132466
28072.0,1,0,10,30,0,10,2,0,5,1,1,0,3,7,0,0,0,0,0,0,3,11,0,34,2515,0,1,0,0,0,0,0,0,1,0,42.0,37,0,Master,0.19987259914204028
49476.0,0,1,29,386,23,95,54,41,196,4,2,11,5,2,0,0,0,0,0,0,3,11,0,57,2533,1,0,0,0,0,0,0,0,1,0,599.0,403,0,Master,0.15099597693863018
50725.0,0,1,45,443,10,75,0,10,48,4,8,1,8,8,0,0,0,0,0,0,3,11,0,67,2660,0,1,0,0,0,0,0,1,0,0,538.0,490,0,Graduation,0.0917883363472737
83844.0,0,0,57,901,31,345,75,31,191,1,4,4,11,1,0,0,1,0,0,0,3,11,0,68,2572,0,0,0,1,0,0,0,1,0,0,1383.0,1192,1,Graduation,0.17884544751414833
41145.0,1,1,20,9,0,3,0,0,1,1,0,0,3,3,0,0,0,0,0,0,3,11,0,70,2300,0,1,0,0,0,0,0,0,0,1,12.0,11,0,PhD,0.11564648428943734
67419.0,0,1,29,846,84,352,91,56,42,4,9,4,8,5,0,0,0,0,0,0,3,11,0,50,2688,0,0,0,1,0,0,0,1,0,0,1429.0,1387,0,Graduation,0.40751953433855304
23162.0,1,1,82,8,3,9,19,4,22,3,1,1,3,6,0,0,0,0,0,0,3,11,0,50,2349,0,1,0,0,0,1,0,0,0,0,43.0,21,0,2n Cycle,0.04335378251489165
34380.0,1,0,68,72,7,58,13,1,24,4,4,1,3,8,0,0,0,0,0,0,3,11,0,43,2582,0,1,0,0,0,0,0,1,0,0,151.0,127,0,Graduation,0.06081247733557447
34704.0,0,1,65,29,0,5,0,1,5,1,1,0,3,5,0,0,0,0,0,0,3,11,0,54,2587,0,0,1,0,0,0,0,1,0,0,35.0,30,0,Graduation,0.030377250304624733
65148.0,0,1,9,460,35,422,33,12,153,2,6,6,7,4,0,0,0,0,0,0,3,11,0,62,2749,0,1,0,0,0,0,0,1,0,0,962.0,809,0,Graduation,0.3064261275288965
39898.0,0,1,20,69,8,26,12,7,12,2,3,0,4,7,0,0,0,0,0,0,3,11,0,66,2661,0,0,0,1,0,0,0,1,0,0,122.0,110,0,Graduation,0.09043951737275525
64857.0,0,0,78,556,14,717,210,0,43,1,7,5,10,4,0,0,0,0,0,0,3,11,0,64,2742,0,0,1,0,0,0,0,0,1,0,1497.0,1454,0,Master,0.19453110994124295
59892.0,0,1,26,73,0,13,0,1,0,1,2,1,3,3,0,0,0,0,0,0,3,11,0,50,2398,0,1,0,0,0,0,0,0,0,1,87.0,87,0,PhD,0.052616043699570444
41020.0,0,0,68,112,1,54,7,7,36,1,3,2,4,3,0,0,0,0,0,0,3,11,0,33,2403,0,0,1,0,0,0,0,0,1,0,181.0,145,0,Master,0.03494077060978979
57072.0,0,1,79,944,0,60,0,0,30,2,7,5,13,5,1,0,0,0,0,0,3,11,0,59,2315,0,1,0,0,0,0,0,0,0,1,1004.0,974,1,PhD,0.09229536666482974
60474.0,0,1,25,265,199,303,234,9,170,7,10,2,12,7,0,0,0,0,0,0,3,11,0,41,2613,0,0,1,0,0,0,0,1,0,0,1010.0,840,0,Graduation,0.2742592784906259
62807.0,0,1,83,526,28,135,10,21,99,3,5,3,12,5,0,0,0,0,0,0,3,11,0,60,2826,0,0,0,1,0,0,0,1,0,0,720.0,621,0,Graduation,0.04390673416781761
19414.0,1,0,32,2,3,12,3,5,7,1,1,0,3,8,0,0,0,0,0,0,3,11,0,39,2415,0,0,0,1,0,1,0,0,0,0,25.0,18,0,2n Cycle,0.1416611383815234
19107.0,1,0,49,2,4,9,10,5,16,2,1,0,3,7,0,0,0,0,0,0,3,11,0,40,2470,0,1,0,0,0,0,0,1,0,0,30.0,14,0,Graduation,0.09923691038767471
75484.0,0,1,50,378,97,259,197,194,34,2,7,3,6,4,0,0,0,0,0,0,3,11,0,44,2855,0,0,0,1,0,1,0,0,0,0,1125.0,1091,0,2n Cycle,0.1598626534823714
70379.0,0,1,84,553,25,142,65,67,8,3,6,3,13,4,0,0,0,0,0,0,3,11,0,44,2642,0,0,1,0,0,0,0,0,1,0,852.0,844,0,Master,0.04966382201689944
79419.0,0,0,96,751,127,687,20,15,31,1,4,6,4,2,0,0,0,0,0,0,3,11,0,50,2166,0,0,0,1,0,0,0,0,1,0,1600.0,1569,0,Master,0.12866204630820277
64014.0,2,1,56,406,0,30,0,0,8,7,8,2,5,7,0,0,0,1,0,0,3,11,0,74,2178,0,0,0,1,0,0,0,0,0,1,436.0,428,1,PhD,0.12059989699813471
76998.0,0,1,85,1449,89,161,69,35,107,2,11,8,8,6,0,0,1,0,0,0,3,11,0,65,2693,0,1,0,0,0,0,0,1,0,0,1803.0,1696,1,Graduation,0.22926782290282716
49854.0,1,0,63,123,17,171,39,0,30,5,6,2,5,6,0,0,0,0,0,0,3,11,0,48,2390,0,0,0,1,0,0,0,0,1,0,350.0,320,0,Master,0.07396561083922945
60585.0,1,1,17,267,42,309,55,42,21,10,7,4,9,5,0,0,0,0,0,0,3,11,1,49,2529,0,1,0,0,0,0,0,0,0,1,715.0,694,0,PhD,0.29603658924685544
42873.0,1,1,11,209,0,40,3,2,15,4,6,1,4,8,0,0,0,0,0,0,3,11,0,70,2683,1,0,0,0,0,0,0,0,0,1,254.0,239,0,PhD,0.20535453839180015
87679.0,0,0,62,1259,172,815,97,148,33,1,7,11,10,4,1,0,1,1,0,0,3,11,1,32,2496,0,0,0,1,0,0,0,1,0,0,2302.5,2458,3,Graduation,0.5580469452749163
57867.0,1,0,48,344,35,178,15,23,17,7,7,2,9,6,0,0,0,0,0,0,3,11,0,42,2430,0,0,0,1,0,0,0,1,0,0,595.0,578,0,Graduation,0.14130984907035465
35765.0,1,0,86,22,3,30,0,5,15,2,2,0,4,6,0,0,0,0,0,0,3,11,0,30,2359,0,1,0,0,0,0,0,1,0,0,60.0,45,0,Graduation,0.03341040583429644
65492.0,0,0,73,247,161,295,210,85,47,2,4,7,13,2,0,0,0,0,0,0,3,11,0,61,2313,0,1,0,0,0,0,0,1,0,0,998.0,951,0,Graduation,0.08925297091740983
32952.0,1,0,36,38,0,12,3,1,1,1,2,0,3,7,0,0,0,0,0,0,3,11,0,43,2369,1,0,0,0,0,0,0,1,0,0,54.0,53,0,Graduation,0.10722146463526193
53374.0,0,1,34,896,10,101,13,10,34,6,4,2,9,9,1,0,0,0,0,0,3,11,1,51,2841,0,0,0,1,0,0,0,0,0,1,1030.0,996,1,PhD,0.2622637964172955
71706.0,0,1,16,931,56,253,91,98,14,4,9,5,7,5,0,0,0,0,0,0,3,11,0,61,2752,0,0,0,1,0,0,0,1,0,0,1429.0,1415,0,Graduation,0.45908004981407463
68487.0,0,0,48,758,12,385,33,89,89,1,9,7,13,4,0,0,0,0,0,0,3,11,0,32,2691,0,1,0,0,0,0,0,1,0,0,1277.0,1188,0,Graduation,0.24347059120270492
53253.0,1,1,61,216,9,57,20,9,125,7,4,3,5,5,0,0,0,0,0,0,3,11,0,45,2662,0,0,0,1,0,0,0,0,1,0,311.0,186,0,Master,0.06793313411517436
31163.0,1,0,54,2,3,10,11,2,10,1,1,0,3,6,0,0,0,0,0,0,3,11,0,47,2295,1,0,0,0,0,1,0,0,0,0,28.0,18,0,2n Cycle,0.06987649489258091
42014.0,1,0,56,244,15,108,4,15,50,6,7,1,6,8,0,0,0,0,0,0,3,11,1,43,2840,0,1,0,0,0,0,0,1,0,0,386.0,336,0,Graduation,0.10771813991285986
54108.0,1,1,74,539,6,91,8,6,97,13,8,2,9,8,0,0,0,0,0,0,3,11,0,47,2760,0,1,0,0,0,0,0,0,1,0,650.0,553,0,Master,0.09380978524760518
49667.0,0,0,35,1181,26,120,17,13,39,2,5,10,5,8,1,0,0,0,0,0,3,11,1,65,2837,0,0,1,0,0,0,0,0,0,1,1357.0,1318,1,PhD,0.4138499659299482
63206.0,0,0,65,750,8,125,11,8,26,1,4,3,6,2,0,0,1,0,0,0,3,11,0,46,2260,0,1,0,0,0,0,0,0,1,0,902.0,876,1,Master,0.09592420277447473
57136.0,1,1,48,306,5,109,21,109,92,9,5,2,10,6,0,0,0,0,0,0,3,11,0,48,2514,0,1,0,0,0,0,0,0,1,0,550.0,458,0,Master,0.1306765777939656
46772.0,0,1,88,350,104,189,197,151,57,6,11,8,5,8,1,0,0,0,0,0,3,11,0,45,2758,0,0,0,1,0,1,0,0,0,0,991.0,934,1,2n Cycle,0.09130872481507815
78931.0,0,0,19,331,197,170,58,152,35,1,2,8,13,1,0,0,0,0,0,0,3,11,0,49,2406,0,1,0,0,0,0,0,0,0,1,908.0,873,0,PhD,0.19477033103498845
53977.0,0,1,21,620,16,165,0,24,82,5,5,5,12,5,0,0,0,0,0,0,3,11,0,62,2545,0,0,0,1,0,0,0,1,0,0,825.0,743,0,Graduation,0.2369960662595477
84219.0,0,0,27,434,137,400,45,137,45,1,3,4,10,1,0,0,0,0,0,0,3,11,0,32,2306,0,1,0,0,0,0,0,1,0,0,1153.0,1108,0,Graduation,0.2343652531533478
46098.0,1,1,86,57,0,27,0,0,36,4,3,2,2,8,0,0,0,0,0,0,3,11,0,45,2839,0,0,1,0,0,0,0,0,1,0,84.0,48,0,Master,0.027789241304295324
73538.0,0,1,92,811,76,428,99,137,107,3,10,4,9,7,0,0,0,0,0,0,3,11,0,55,2740,0,1,0,0,0,0,0,1,0,0,1551.0,1444,0,Graduation,0.14084845769827609
79529.0,0,0,1,423,42,706,73,197,197,1,4,8,9,2,0,0,0,0,0,0,3,11,0,34,2222,0,1,0,0,0,0,0,1,0,0,1441.0,1244,0,Graduation,0.5332238109435062
20981.0,0,0,14,2,12,10,6,13,30,1,3,1,2,8,0,0,0,0,0,0,3,11,1,43,2584,0,0,0,1,0,1,0,0,0,0,43.0,13,0,2n Cycle,0.1307663655519835
51766.0,1,0,74,60,51,87,6,20,51,2,4,2,4,5,0,0,0,0,0,0,3,11,0,40,2269,0,0,1,0,0,0,0,1,0,0,224.0,173,0,Graduation,0.04411879584609405
55759.0,0,1,84,675,0,85,10,7,77,5,10,3,8,8,0,0,0,0,0,0,3,11,0,58,2737,0,1,0,0,0,0,0,1,0,0,777.0,700,0,Graduation,0.0549869571945716
33039.0,1,0,4,30,8,12,8,8,12,1,2,0,4,5,0,0,0,0,0,0,3,11,0,42,2452,0,1,0,0,0,0,0,1,0,0,66.0,54,0,Graduation,0.21297480674788058
37787.0,1,0,50,40,1,40,4,3,18,1,3,0,3,8,0,0,0,0,0,0,3,11,0,48,2441,0,1,0,0,0,0,0,0,1,0,88.0,70,0,Master,0.07572570059057669
27242.0,1,0,2,3,17,26,20,1,39,2,2,0,3,9,0,0,0,0,0,0,3,11,1,50,2754,0,0,1,0,0,0,0,1,0,0,67.0,28,0,Graduation,0.23904831464927914
87188.0,0,0,73,910,111,724,49,74,55,1,10,2,6,3,0,0,0,0,0,0,3,11,1,37,2550,0,0,1,0,0,0,0,0,0,1,1868.0,1813,0,PhD,0.28376033117020094
69930.0,0,0,21,252,98,827,219,70,196,1,4,5,12,3,0,0,0,0,0,0,3,11,0,49,2558,0,0,0,1,0,0,0,1,0,0,1466.0,1270,0,Graduation,0.46264951800785326
37697.0,1,0,82,34,6,21,11,4,8,1,2,1,3,6,0,0,0,0,0,0,3,11,0,44,2301,0,0,1,0,0,0,0,1,0,0,76.0,68,0,Graduation,0.03546257923204366
37401.0,1,0,14,19,3,19,3,1,3,2,2,0,3,7,0,0,0,0,0,0,3,11,0,47,2213,0,1,0,0,0,0,0,0,0,1,45.0,42,0,PhD,0.15525158242968215
3502.0,1,0,56,2,1,1,0,0,1,0,0,0,0,14,0,0,0,0,0,0,3,11,0,47,2601,0,0,1,0,0,0,0,1,0,0,4.0,3,0,Graduation,0.1057013619144106
58597.0,1,1,20,490,0,184,10,28,21,12,7,4,9,7,0,0,0,0,0,0,3,11,0,44,2745,0,1,0,0,0,0,0,1,0,0,712.0,691,0,Graduation,0.28996754298960636
82032.0,0,0,54,332,194,377,149,125,57,0,4,6,7,1,0,0,0,0,0,0,3,11,0,72,2244,0,0,0,0,1,0,0,0,0,1,1177.0,1120,0,PhD,0.13661314319317888
28087.0,1,1,77,53,8,17,13,0,21,3,2,2,2,7,0,0,0,0,0,0,3,11,0,62,2724,0,0,0,1,0,0,0,1,0,0,91.0,70,0,Graduation,0.04753396335707167
74004.0,0,0,5,784,48,560,42,176,48,1,4,6,4,3,0,0,1,1,0,0,3,11,1,33,2284,0,0,1,0,0,0,0,0,0,1,1610.0,1562,2,PhD,0.6206002223163561
19740.0,0,1,65,7,11,3,10,4,20,2,1,1,3,5,0,0,0,0,0,0,3,11,0,60,2621,0,0,0,1,0,0,0,1,0,0,35.0,15,0,Graduation,0.039996463416946904
57036.0,0,1,33,1171,43,219,19,14,47,4,6,3,13,9,1,0,0,0,0,0,3,11,0,45,2724,0,1,0,0,0,1,0,0,0,0,1466.0,1419,1,2n Cycle,0.4553413992867962
53083.0,1,1,65,215,7,33,3,0,13,6,5,1,5,7,0,1,0,0,0,0,3,11,0,62,2569,0,0,0,1,0,1,0,0,0,0,258.0,245,1,2n Cycle,0.05418744343486876
69283.0,0,1,41,674,62,134,0,26,8,4,7,3,13,5,0,0,0,0,0,0,3,11,0,45,2174,0,1,0,0,0,0,0,0,0,1,896.0,888,0,PhD,0.14380957531034455
46098.0,1,1,86,57,0,27,0,0,36,4,3,2,2,8,0,0,0,0,0,0,3,11,1,45,2839,0,0,1,0,0,0,0,0,1,0,84.0,48,0,Master,0.027789241304295324
23331.0,1,0,92,5,36,7,0,10,45,2,3,0,3,8,0,0,0,0,0,0,3,11,0,32,2822,0,1,0,0,0,1,0,0,0,0,58.0,13,0,2n Cycle,0.03650294366485004
23331.0,1,0,97,104,20,101,24,15,5,6,5,1,5,9,0,0,0,0,0,0,3,11,0,32,2791,0,0,1,0,0,1,0,0,0,0,264.0,259,0,2n Cycle,0.0485422325078201
9255.0,1,0,91,9,0,7,2,0,4,1,1,1,2,8,0,0,0,0,0,0,3,11,0,31,2350,0,0,1,0,0,0,0,1,0,0,18.0,14,0,Graduation,0.045327261933733126
67786.0,0,0,0,431,82,441,80,20,102,1,3,6,6,1,0,0,0,0,0,0,3,11,1,61,2363,0,0,0,0,1,0,0,0,0,1,1054.0,952,0,PhD,0.3874720739499666
71969.0,0,1,59,1000,0,76,0,0,10,3,3,4,9,8,0,1,0,0,0,0,3,11,0,49,2780,0,1,0,0,0,0,0,0,0,1,1076.0,1066,1,PhD,0.12767124752500603
59235.0,1,0,4,448,40,469,80,0,91,3,11,2,12,7,0,0,0,0,0,0,3,11,0,53,2692,0,0,1,0,0,0,0,0,1,0,1037.0,946,0,Master,0.532265036663886
31928.0,1,0,5,33,4,24,4,2,5,2,3,0,4,7,0,0,0,0,0,0,3,11,0,31,2252,0,0,0,1,0,0,0,1,0,0,67.0,62,0,Graduation,0.21699456182245405
74881.0,1,1,48,505,72,270,36,27,54,4,9,2,12,5,0,0,0,0,0,0,3,11,0,59,2637,0,0,0,1,0,0,0,0,1,0,910.0,856,0,Master,0.17684908323116172
65819.0,0,0,99,267,38,701,149,165,63,1,5,4,10,3,0,0,0,0,0,0,3,11,0,42,2736,0,1,0,0,0,0,0,1,0,0,1320.0,1257,0,Graduation,0.09366512576283731
51411.0,1,2,81,14,0,3,0,0,1,1,0,0,3,5,0,0,0,0,0,0,3,11,0,67,2558,0,0,1,0,0,0,0,0,0,1,17.0,16,0,PhD,0.02358937207905002
51983.0,0,1,95,631,0,115,10,7,30,3,9,2,10,7,0,0,0,0,0,0,3,11,0,56,2826,1,0,0,0,0,0,0,1,0,0,763.0,733,0,Graduation,0.04463065658239123
42386.0,1,0,43,65,4,16,0,4,11,1,3,0,3,8,0,0,0,0,0,0,3,11,0,34,2691,0,0,0,1,0,0,0,0,1,0,89.0,78,0,Master,0.0840586442879575
30390.0,0,0,5,10,12,12,25,1,20,1,2,0,3,6,0,0,0,0,0,0,3,11,0,33,2459,0,1,0,0,0,1,0,0,0,0,60.0,40,0,2n Cycle,0.14141858488714723
30983.0,0,0,50,51,4,50,12,1,49,1,4,0,3,8,0,0,0,0,0,0,3,11,1,57,2756,0,0,1,0,0,0,0,1,0,0,118.0,69,0,Graduation,0.05431642553258187
66033.0,0,1,76,293,35,179,46,59,65,2,8,3,7,7,0,0,0,0,0,0,3,11,0,63,2684,0,0,0,0,1,0,0,1,0,0,612.0,547,0,Graduation,0.039165894816434614
37284.0,1,1,46,11,1,2,2,1,6,1,0,0,3,6,0,0,0,0,0,0,3,11,0,45,2616,0,1,0,0,0,1,0,0,0,0,17.0,11,0,2n Cycle,0.07365797771151528
57530.0,0,1,68,50,1,27,6,7,1,1,1,1,4,1,0,0,0,0,0,0,3,11,0,69,2419,1,0,0,0,0,0,0,0,1,0,91.0,90,0,Master,0.01963260646487771
76800.0,0,0,33,173,26,255,35,71,81,1,4,4,7,1,0,0,0,0,0,0,3,11,0,55,2272,0,1,0,0,0,1,0,0,0,0,560.0,479,0,2n Cycle,0.07979538306818741
63943.0,0,1,50,423,184,368,13,97,21,1,6,4,6,5,0,0,0,0,0,0,3,11,0,64,2824,0,1,0,0,0,0,0,1,0,0,1085.0,1064,0,Graduation,0.1743737821754121
76081.0,0,0,85,292,30,415,63,33,200,1,4,5,4,2,0,0,0,1,0,0,3,11,0,58,2196,0,0,0,1,0,0,0,1,0,0,833.0,633,1,Graduation,0.04072052641363405
67445.0,0,1,63,757,80,217,29,80,11,5,9,6,12,6,0,0,0,0,0,0,3,11,0,46,2845,0,1,0,0,0,0,0,1,0,0,1163.0,1152,0,Graduation,0.14859160668682816
37054.0,1,1,89,12,1,6,0,1,5,2,1,0,3,7,0,0,0,0,0,0,3,11,0,53,2446,0,1,0,0,0,0,0,0,1,0,20.0,15,0,Master,0.02668066666531066
47175.0,1,1,81,167,2,44,6,2,19,7,4,2,4,8,1,0,0,0,0,0,3,11,1,58,2768,0,0,0,1,0,0,0,0,1,0,221.0,202,1,Master,0.03908083676741827
31859.0,1,0,77,3,1,3,8,0,5,1,1,0,2,7,0,0,0,0,0,0,3,11,0,44,2539,1,0,0,0,0,0,0,1,0,0,15.0,10,0,Graduation,0.03960729300510528
27215.0,2,1,50,30,5,22,8,9,28,4,2,1,4,6,0,0,0,0,0,0,3,11,0,59,2681,1,0,0,0,0,0,0,1,0,0,74.0,46,0,Graduation,0.14042926829149832
70179.0,0,1,10,532,88,168,69,44,133,3,7,3,13,5,0,0,0,0,0,0,3,11,0,44,2502,1,0,0,0,0,0,0,0,0,1,901.0,768,0,PhD,0.2637296522921628
39922.0,1,0,30,29,12,59,19,1,36,2,3,0,4,8,0,0,0,0,0,0,3,11,0,37,2659,0,1,0,0,0,0,0,1,0,0,120.0,84,0,Graduation,0.12316910374880145
49681.0,0,2,66,411,0,26,0,0,21,6,7,1,7,7,0,0,0,0,0,0,3,11,0,44,2396,0,1,0,0,0,0,0,0,1,0,437.0,416,0,Master,0.05004636031040591
24645.0,1,0,16,5,3,4,4,1,0,1,1,0,2,8,0,0,0,0,0,0,3,11,0,32,2764,0,1,0,0,0,0,0,1,0,0,17.0,17,0,Graduation,0.1804864946662038
79865.0,0,1,12,71,99,278,185,121,38,1,5,10,5,1,0,0,0,0,0,0,3,11,0,66,2170,1,0,0,0,0,0,0,1,0,0,754.0,716,0,Graduation,0.16553572445730616
44322.0,1,0,30,46,0,40,3,0,3,2,3,0,3,8,0,0,0,0,0,0,3,11,0,35,2172,0,1,0,0,0,0,0,1,0,0,89.0,86,0,Graduation,0.10819058338553415
47958.0,0,1,8,268,11,88,15,3,22,2,6,3,5,5,0,0,0,0,0,0,3,11,0,68,2685,0,0,1,0,0,0,0,1,0,0,385.0,363,0,Graduation,0.16232257490656166
63972.0,0,1,93,928,63,254,0,12,12,4,5,4,10,4,0,1,0,0,0,0,3,11,0,56,2733,0,0,1,0,0,0,0,0,1,0,1257.0,1245,1,Master,0.09580577849138869
75315.0,0,1,14,459,15,171,142,23,31,2,5,4,12,2,0,0,0,0,0,0,3,11,0,66,2234,0,0,0,1,0,0,0,1,0,0,810.0,779,0,Graduation,0.18819730372530005
55517.0,1,1,53,483,0,108,0,6,36,5,11,1,6,9,0,0,0,0,0,0,3,11,1,70,2799,0,1,0,0,0,0,0,0,0,1,597.0,561,0,PhD,0.12584060043667733
75283.0,1,2,26,733,9,180,12,19,66,11,6,3,5,4,0,0,0,0,0,0,3,11,0,63,2618,0,1,0,0,0,0,0,0,0,1,953.0,887,0,PhD,0.2838305853400457
82800.0,0,0,23,1006,22,115,59,68,45,1,7,6,12,3,0,0,1,1,0,0,3,11,1,74,2741,0,0,1,0,0,0,0,0,0,1,1270.0,1225,2,PhD,0.28684728531695713
38998.0,1,1,92,34,1,14,0,0,5,3,2,0,3,8,0,0,0,0,0,1,3,11,0,66,2762,0,1,0,0,0,0,0,1,0,0,49.0,44,0,Graduation,0.024632023255157245
90638.0,0,0,29,1156,120,915,94,144,96,1,3,4,10,1,0,0,1,0,0,0,3,11,1,29,2295,0,0,1,0,0,0,0,0,1,0,2302.5,2333,1,Master,0.7296513765823902
27161.0,1,0,41,7,4,23,7,0,11,1,1,0,3,7,0,0,0,0,0,0,3,11,0,34,2403,0,1,0,0,0,0,0,0,1,0,41.0,30,0,Master,0.10585946201192532
42014.0,1,0,56,244,15,108,4,15,50,6,7,1,6,8,0,0,0,0,0,0,3,11,1,43,2840,0,1,0,0,0,0,0,1,0,0,386.0,336,0,Graduation,0.10771813991285986
38201.0,0,1,19,233,0,23,0,0,12,4,5,1,5,8,0,0,0,0,0,0,3,11,0,60,2616,0,0,0,1,0,0,0,0,0,1,256.0,244,0,PhD,0.12314227671064752
45203.0,2,0,4,35,3,67,10,8,24,1,3,1,3,6,0,0,0,0,0,0,3,11,1,38,2257,0,0,0,1,0,0,0,1,0,0,123.0,99,0,Graduation,0.29067528725005354
81574.0,0,0,89,1252,0,465,46,35,0,1,4,5,8,1,0,1,1,0,0,0,3,11,0,73,2221,0,0,0,1,0,0,0,0,0,1,1798.0,1798,2,PhD,0.19311026160554048
34935.0,0,0,71,34,4,66,3,10,20,1,2,1,4,7,0,0,0,0,0,0,3,11,0,28,2532,0,1,0,0,0,0,0,1,0,0,117.0,97,0,Graduation,0.032586592979684845
60482.0,0,1,81,255,43,134,37,14,24,1,7,2,7,7,0,0,0,0,0,0,3,11,0,44,2681,0,0,1,0,0,0,0,0,1,0,483.0,459,0,Master,0.031251964592698626
34633.0,2,1,31,8,1,5,0,0,1,1,1,0,2,6,0,0,0,0,0,0,3,11,0,64,2316,0,0,0,1,0,0,0,1,0,0,14.0,13,0,Graduation,0.16443091305697363
78093.0,0,0,53,368,32,639,13,43,10,1,4,7,5,1,0,0,0,0,0,0,3,11,0,73,2359,0,0,0,1,0,0,0,0,1,0,1095.0,1085,0,Master,0.12895507192168634
82460.0,0,0,78,255,47,573,52,32,15,1,5,3,6,1,0,0,0,0,0,0,3,11,0,70,2368,1,0,0,0,0,0,0,1,0,0,959.0,944,0,Graduation,0.052974290102040335
45903.0,0,1,80,33,8,10,2,10,3,2,2,1,3,4,0,0,0,0,0,0,3,11,0,54,2226,0,0,0,1,0,0,0,0,1,0,63.0,60,0,Master,0.01801518379288741
81361.0,0,0,18,163,23,424,27,65,76,1,3,10,13,1,0,0,0,0,0,0,3,11,1,33,2283,1,0,0,0,0,0,0,1,0,0,702.0,626,0,Graduation,0.13841343464325856
35860.0,1,1,37,15,0,8,4,2,20,2,1,1,2,5,1,0,0,0,0,0,3,11,1,47,2200,1,0,0,0,0,0,0,0,0,1,29.0,9,1,PhD,0.09432987744536152
40442.0,1,1,52,45,12,52,25,22,13,4,3,1,4,7,0,0,0,0,0,0,3,11,1,68,2838,0,0,0,1,0,0,0,0,1,0,156.0,143,0,Master,0.07521298512514782
61482.0,0,0,39,48,58,68,16,66,43,1,3,2,6,2,0,0,0,0,0,0,3,11,0,55,2161,0,1,0,0,0,0,0,1,0,0,256.0,213,0,Graduation,0.05175080315104133
34968.0,1,0,11,158,6,45,8,2,2,7,3,2,5,7,0,0,0,0,0,0,3,11,0,40,2604,0,1,0,0,0,0,0,1,0,0,219.0,217,0,Graduation,0.23130595475314428
75794.0,0,0,33,754,160,625,63,32,48,1,7,5,12,3,0,0,0,1,0,0,3,11,0,33,2346,0,1,0,0,0,0,0,1,0,0,1634.0,1586,1,Graduation,0.45424394433082327
31497.0,0,1,22,108,1,28,13,1,4,2,3,1,4,8,0,0,0,0,0,0,3,11,0,58,2729,0,0,0,1,0,0,0,0,0,1,151.0,147,0,PhD,0.10782183698503343
74268.0,0,0,83,199,66,315,97,174,41,1,4,3,5,2,0,0,0,0,0,0,3,11,0,65,2659,0,1,0,0,0,0,0,1,0,0,851.0,810,0,Graduation,0.045098166902514544
13724.0,1,0,43,2,7,5,2,15,27,1,2,0,2,9,1,0,0,0,0,0,3,11,0,32,2826,0,0,0,1,0,0,1,0,0,0,31.0,4,1,Basic,0.12662593521204726
45143.0,0,1,74,202,5,74,11,5,14,3,6,1,5,7,0,0,0,0,0,0,3,11,0,55,2466,0,0,0,1,0,0,0,0,1,0,297.0,283,0,Master,0.033570476300040036
52569.0,0,1,54,85,0,3,0,0,7,1,2,0,4,3,0,0,0,0,0,0,3,11,0,53,2244,0,0,1,0,0,0,0,0,0,1,88.0,81,0,PhD,0.031121585718191475
48432.0,0,1,3,322,3,50,4,3,42,5,7,1,6,8,0,0,0,0,0,0,3,11,1,47,2778,0,0,1,0,0,0,0,0,0,1,382.0,340,0,PhD,0.1843237715765344
17144.0,1,1,96,18,2,19,0,2,6,5,3,0,4,7,0,0,0,0,0,0,3,11,0,60,2293,0,0,0,1,0,0,0,0,1,0,41.0,35,0,Master,0.034069931362884026
36108.0,1,0,68,141,8,129,3,11,47,3,7,1,4,9,1,0,0,0,0,0,3,11,0,36,2416,0,0,1,0,0,0,0,1,0,0,292.0,245,1,Graduation,0.07810870959166688
76445.0,1,0,2,739,107,309,140,80,35,1,2,5,13,6,0,0,0,0,0,0,3,11,0,49,2798,0,1,0,0,0,0,0,1,0,0,1375.0,1340,0,Graduation,0.6305062695444855
36663.0,1,0,40,18,0,6,3,3,5,1,1,1,3,2,0,0,0,0,0,0,3,11,0,45,2224,0,1,0,0,0,0,0,0,0,1,30.0,25,0,PhD,0.08744387387689463
53843.0,0,1,64,378,0,88,19,4,73,4,8,5,3,7,0,0,0,0,0,0,3,11,0,55,2526,0,1,0,0,0,0,0,0,1,0,489.0,416,0,Master,0.05238786413410271
90226.0,0,0,26,1083,108,649,253,151,108,1,4,7,12,2,0,0,0,1,0,0,3,11,0,64,2800,0,1,0,0,0,0,0,0,1,0,2244.0,2136,1,Master,0.7064726051936684
70638.0,0,0,69,1016,12,215,16,12,63,1,4,5,10,3,0,1,0,0,0,0,3,11,0,65,2552,1,0,0,0,0,0,0,0,1,0,1271.0,1208,1,Master,0.14451268625749314
44512.0,1,1,57,23,1,6,0,0,2,2,1,0,3,4,0,0,0,0,0,0,3,11,0,60,2462,0,0,0,1,0,0,0,1,0,0,30.0,28,0,Graduation,0.0495921486530952
27116.0,1,1,78,12,1,21,2,2,3,2,2,0,3,7,0,0,0,0,0,0,3,11,0,59,2278,0,1,0,0,0,0,0,1,0,0,38.0,35,0,Graduation,0.042923078754703914
54072.0,1,1,71,35,0,4,0,0,0,1,2,0,2,8,0,0,0,0,0,0,3,11,0,57,2496,0,1,0,0,0,0,0,0,0,1,39.0,39,0,PhD,0.03038008596064454
71855.0,0,1,59,548,31,422,0,112,28,4,5,5,11,3,0,0,0,0,0,0,3,11,0,43,2688,0,1,0,0,0,0,0,1,0,0,1113.0,1085,0,Graduation,0.13815932620833377
51250.0,1,0,28,342,32,230,34,32,40,5,10,5,4,9,1,0,0,0,0,0,3,11,0,30,2615,0,0,1,0,0,1,0,0,0,0,670.0,630,1,2n Cycle,0.26877416324292064
60432.0,0,1,61,365,3,15,4,3,11,5,7,2,5,6,0,0,0,0,0,0,3,11,0,47,2271,0,1,0,0,0,0,0,0,1,0,390.0,379,0,Master,0.041593681210678655
65526.0,0,1,22,397,19,69,12,0,9,1,4,4,8,2,0,0,0,0,0,0,3,11,0,56,2238,0,1,0,0,0,0,0,0,0,1,497.0,488,0,PhD,0.11099848075552797
68655.0,0,0,95,456,19,832,75,118,38,1,4,5,11,3,0,0,0,0,0,0,3,11,0,32,2847,0,0,1,0,0,0,0,1,0,0,1500.0,1462,0,Graduation,0.13726364689455736
12393.0,0,0,38,5,6,15,11,7,13,1,2,0,3,9,0,0,0,0,0,0,3,11,0,42,2731,0,1,0,0,0,1,0,0,0,0,44.0,31,0,2n Cycle,0.0903555337238407
64509.0,0,0,19,836,185,575,24,25,77,1,6,3,9,4,1,0,0,0,0,0,3,11,1,30,2475,0,0,1,0,0,0,0,1,0,0,1645.0,1568,1,Graduation,0.6022778191827177
33955.0,1,0,92,100,2,128,23,7,10,4,5,1,5,8,0,0,0,0,0,0,3,11,0,45,2483,0,0,1,0,0,0,0,1,0,0,260.0,250,0,Graduation,0.04306113950149436
31353.0,1,1,24,10,0,10,3,1,7,2,1,1,2,8,0,0,0,0,0,0,3,11,1,43,2341,0,1,0,0,0,0,0,1,0,0,24.0,17,0,Graduation,0.1354556443065092
55434.0,1,0,21,238,115,215,169,69,76,3,5,3,13,4,0,0,0,0,0,0,3,11,0,36,2426,0,1,0,0,0,0,0,1,0,0,806.0,730,0,Graduation,0.3435471798824809
28359.0,1,0,35,6,0,5,2,1,2,1,1,0,2,7,0,0,0,0,0,0,3,11,0,37,2404,0,0,0,1,0,0,0,1,0,0,14.0,12,0,Graduation,0.11187407109382112
57100.0,1,0,9,158,11,99,15,11,17,2,3,2,7,3,0,0,0,0,0,0,3,11,0,33,2201,0,0,1,0,0,0,0,1,0,0,294.0,277,0,Graduation,0.19398189214462472
69139.0,0,1,23,86,12,75,33,15,6,1,4,1,5,4,0,0,0,0,0,0,3,11,0,55,2312,0,1,0,0,0,0,0,1,0,0,221.0,215,0,Graduation,0.06073449259522353
52973.0,0,1,92,856,0,76,12,9,199,7,9,6,9,8,0,0,0,0,0,0,3,11,0,64,2757,0,1,0,0,0,0,0,0,1,0,953.0,754,0,Master,0.06665479902810187
51717.0,0,1,55,98,1,17,0,1,5,1,3,0,4,7,0,1,0,0,0,0,3,11,0,55,2472,0,0,0,1,0,0,0,0,0,1,117.0,112,1,PhD,0.03257636420160561
18793.0,1,0,14,4,16,20,0,17,20,3,2,0,4,8,0,0,0,0,0,0,3,11,0,49,2692,0,1,0,0,0,0,0,1,0,0,57.0,37,0,Graduation,0.21366563561359644
66664.0,0,0,78,398,96,447,220,96,32,1,5,7,6,3,0,0,0,0,0,0,3,11,0,38,2801,0,0,0,1,0,1,0,0,0,0,1257.0,1225,0,2n Cycle,0.13128586480289475
50664.0,1,1,64,313,8,104,6,4,126,9,8,1,6,9,0,0,0,0,0,0,3,11,0,61,2688,0,0,1,0,0,0,0,1,0,0,435.0,309,0,Graduation,0.0814251262253005
54414.0,1,1,49,109,18,16,24,26,18,4,3,1,5,4,0,0,0,0,0,0,3,11,0,57,2681,0,0,0,1,0,0,0,1,0,0,193.0,175,0,Graduation,0.0682335238915825
54549.0,0,1,8,216,2,6,0,0,9,2,5,1,4,7,0,0,0,0,0,0,3,11,0,68,2277,0,1,0,0,0,0,0,0,0,1,224.0,215,0,PhD,0.10898160547548363
47111.0,0,1,35,595,71,153,120,112,41,6,3,2,10,9,0,0,0,0,0,0,3,11,0,49,2818,0,0,0,0,1,0,0,0,0,1,1051.0,1010,0,PhD,0.2917894550962561
41003.0,0,0,11,123,133,142,71,44,88,1,6,2,8,6,0,0,0,0,0,0,3,11,0,57,2628,1,0,0,0,0,0,0,0,0,1,513.0,425,0,PhD,0.21574811871358512
19444.0,1,0,8,16,0,23,3,2,10,3,4,1,2,7,0,0,0,0,0,0,3,11,1,38,2286,0,0,0,1,0,0,0,1,0,0,44.0,34,0,Graduation,0.23674271397332083
36301.0,1,0,53,11,12,35,3,5,12,1,3,0,3,7,0,0,0,0,0,0,3,11,0,44,2406,0,0,0,1,0,1,0,0,0,0,66.0,54,0,2n Cycle,0.07029302247391822
73059.0,0,1,36,410,112,420,0,82,71,1,9,3,13,4,0,0,0,0,0,0,3,11,0,73,2461,0,0,0,1,0,0,0,0,0,1,1024.0,953,0,PhD,0.17703510357928195
42731.0,1,0,64,159,2,51,6,2,24,3,4,1,5,5,0,0,0,0,0,0,3,11,0,51,2410,0,0,0,1,0,0,0,0,0,1,220.0,196,0,PhD,0.06404422348599062
52854.0,1,1,43,105,0,10,0,1,0,2,2,1,4,5,0,0,0,0,0,0,3,11,0,61,2256,0,1,0,0,0,0,0,0,0,1,116.0,116,0,PhD,0.06904453532696386
22775.0,1,0,40,5,1,8,0,0,1,1,1,0,2,8,0,0,0,0,0,0,3,11,0,42,2534,0,0,0,1,0,0,0,1,0,0,14.0,13,0,Graduation,0.10963494428865302
46681.0,0,2,52,269,15,69,15,19,38,2,4,6,4,5,0,0,0,0,0,0,3,11,0,72,2423,0,0,0,1,0,0,0,0,0,1,387.0,349,0,PhD,0.0627981325438175
59821.0,0,1,11,629,0,70,0,0,35,6,11,2,7,8,0,0,0,0,0,0,3,11,0,65,2602,0,1,0,0,0,0,0,0,0,1,699.0,664,0,PhD,0.21356787241216268
50002.0,0,1,21,443,5,71,21,16,82,2,8,2,7,7,0,0,0,0,0,0,3,11,0,66,2536,1,0,0,0,0,0,0,1,0,0,556.0,474,0,Graduation,0.1613680347550105
69755.0,0,0,23,217,77,373,111,23,93,1,3,6,12,1,0,0,0,0,0,0,3,11,0,75,2429,0,1,0,0,0,0,0,1,0,0,801.0,708,0,Graduation,0.16650610944196378
44078.0,1,1,17,24,1,10,2,0,4,2,2,0,3,5,0,0,0,0,0,0,3,11,0,51,2169,0,1,0,0,0,0,0,1,0,0,37.0,33,0,Graduation,0.12718787271410084
30560.0,1,0,6,9,1,5,4,5,7,1,1,0,3,7,0,0,0,0,0,0,3,11,0,44,2526,0,0,0,1,0,0,0,0,1,0,24.0,17,0,Master,0.19828443840698104
35924.0,1,1,56,8,0,14,2,3,7,1,1,0,3,5,0,0,0,0,0,0,3,11,0,51,2257,0,0,0,1,0,0,0,0,1,0,27.0,20,0,Master,0.060451456167199755
64140.0,0,2,71,1459,0,61,0,15,215,5,2,5,6,5,1,0,1,0,1,0,3,11,1,56,2438,1,0,0,0,0,0,0,0,0,1,1535.0,1320,3,PhD,0.24248951144063538
56386.0,1,1,51,230,48,214,13,32,75,8,9,1,7,9,0,0,0,0,0,0,3,11,0,39,2769,0,0,0,1,0,0,0,1,0,0,537.0,462,0,Graduation,0.12340511523399166
24594.0,1,0,94,1,3,6,10,0,9,1,1,0,3,5,0,0,0,0,0,0,3,11,0,41,2360,0,0,0,1,0,0,1,0,0,0,20.0,11,0,Basic,0.03091866300203078
75774.0,1,0,27,340,21,134,258,14,56,1,7,5,8,4,0,0,0,0,0,0,3,11,0,39,2217,0,0,0,1,0,1,0,0,0,0,767.0,711,0,2n Cycle,0.2163851855592188
39228.0,0,0,1,7,1,6,0,3,3,1,0,0,3,4,0,0,0,0,0,0,3,11,0,60,2574,1,0,0,0,0,0,0,0,1,0,17.0,14,0,Master,0.11623245541022557
58494.0,0,1,56,298,7,68,4,0,19,2,6,2,6,6,0,0,0,0,0,0,3,11,0,46,2358,0,1,0,0,0,0,0,0,1,0,377.0,358,0,Master,0.04742561460079842
58684.0,0,0,71,479,35,179,28,7,85,1,5,3,12,2,0,1,0,0,0,0,3,11,0,39,2172,0,0,1,0,0,0,0,1,0,0,728.0,643,1,Graduation,0.0665628331303999
57136.0,0,0,18,267,140,599,34,12,127,1,7,5,7,6,0,0,0,0,0,0,3,11,1,53,2566,1,0,0,0,0,0,0,1,0,0,1052.0,925,0,Graduation,0.3373741874963324
56551.0,1,1,48,67,4,32,17,2,16,3,2,1,4,4,0,0,0,0,0,0,3,11,0,70,2212,0,0,0,0,1,0,0,0,0,1,122.0,106,0,PhD,0.05701364949915358
22448.0,1,0,86,3,1,8,23,2,18,3,2,1,3,3,0,0,0,0,0,0,3,11,0,38,2282,0,1,0,0,0,0,0,1,0,0,37.0,19,0,Graduation,0.04054154010628144
82014.0,0,0,48,980,37,265,35,163,31,1,3,6,12,6,0,0,0,0,0,0,3,11,1,59,2837,0,0,1,0,0,0,0,1,0,0,1480.0,1449,0,Graduation,0.2595403138429365
34213.0,1,1,2,50,4,28,6,3,26,3,3,1,2,9,0,0,0,0,0,0,3,11,1,57,2819,0,0,0,0,1,0,0,1,0,0,91.0,65,0,Graduation,0.22041015492205837
25358.0,0,1,57,19,0,5,0,0,8,2,1,0,3,6,0,0,0,0,0,0,3,11,0,73,2501,0,0,0,0,1,0,0,0,0,1,24.0,16,0,PhD,0.04131281437363629
35544.0,1,0,77,30,5,23,4,1,4,1,2,0,3,7,0,0,0,0,0,0,3,11,0,42,2272,0,0,1,0,0,0,0,0,1,0,63.0,59,0,Master,0.04072390337543659
36634.0,0,1,0,213,9,76,4,3,30,3,5,2,5,7,0,0,0,0,0,0,3,11,0,66,2556,0,0,0,1,0,0,0,0,1,0,305.0,275,0,Master,0.20142312831461254
62670.0,0,1,57,539,30,92,80,46,38,1,5,3,13,3,0,0,0,0,0,0,3,11,0,66,2306,0,1,0,0,0,0,0,0,0,1,787.0,749,0,PhD,0.08991145020334144
50334.0,0,1,24,284,16,160,84,16,134,6,7,4,6,6,0,0,0,0,0,0,3,11,0,48,2499,0,0,0,1,0,1,0,0,0,0,560.0,426,0,2n Cycle,0.15700388343639454
72066.0,0,0,55,1003,34,536,134,51,34,1,4,6,6,2,0,0,1,1,0,0,3,11,1,39,2165,0,0,1,0,0,0,0,1,0,0,1758.0,1724,2,Graduation,0.3987760126616871
50729.0,1,1,62,239,13,143,45,4,52,9,6,2,7,6,0,0,0,0,0,0,3,11,0,62,2582,0,0,1,0,0,0,0,0,0,1,444.0,392,0,PhD,0.08634915838753664
34916.0,2,0,89,51,23,82,33,0,42,4,5,1,3,9,0,0,0,0,0,0,3,11,0,52,2569,0,0,0,1,0,0,0,1,0,0,189.0,147,0,Graduation,0.06448813706436465
64892.0,0,1,77,527,24,230,32,24,65,2,6,4,12,4,0,0,0,0,0,0,3,11,0,44,2190,1,0,0,0,0,0,0,1,0,0,837.0,772,0,Graduation,0.06294076172390616
43602.0,1,1,45,19,5,12,10,3,19,3,3,1,2,6,0,0,0,0,0,0,3,11,0,54,2329,0,0,1,0,0,0,0,1,0,0,49.0,30,0,Graduation,0.06993857807064206
33996.0,0,0,46,40,2,15,8,0,6,1,1,1,3,4,0,0,0,0,0,0,3,11,0,31,2450,0,0,1,0,0,0,0,0,0,1,65.0,59,0,PhD,0.05367411255305712
41473.0,1,0,80,21,8,20,15,3,9,1,2,0,3,7,0,0,0,0,0,0,3,11,0,35,2534,0,0,1,0,0,1,0,0,0,0,67.0,58,0,2n Cycle,0.03463049176771289
63246.0,0,2,60,593,30,91,29,22,7,1,6,3,12,4,0,0,0,0,0,0,3,11,0,53,2472,0,1,0,0,0,0,0,0,0,1,765.0,758,0,PhD,0.0819384901134321
36732.0,1,1,71,21,5,3,10,1,7,3,1,1,4,2,0,0,0,0,0,0,3,11,0,61,2341,0,1,0,0,0,0,0,0,0,1,40.0,33,0,PhD,0.04211843054459493
69084.0,1,0,43,1181,107,199,39,30,30,2,7,3,13,8,0,0,0,0,0,0,3,11,0,50,2381,0,1,0,0,0,0,0,0,0,1,1556.0,1526,0,PhD,0.5099181965983846
77766.0,0,1,97,1004,59,265,115,59,27,2,11,10,11,6,1,0,0,0,0,0,3,11,1,53,2651,0,1,0,0,0,0,0,0,0,1,1502.0,1475,1,PhD,0.1080112332425327
37929.0,0,0,49,202,2,46,3,2,10,2,4,2,5,7,0,1,0,1,0,0,3,11,1,35,2493,0,0,1,0,0,0,0,0,0,1,255.0,245,2,PhD,0.0664395618604322
86610.0,0,0,66,446,107,768,33,196,53,1,5,6,6,2,0,0,0,0,0,0,3,11,0,69,2456,0,0,0,1,0,0,0,1,0,0,1550.0,1497,0,Graduation,0.18816573474358556
80141.0,0,0,20,1184,102,673,52,40,40,1,7,4,10,6,0,0,1,0,0,0,3,11,1,34,2693,0,1,0,0,0,0,0,0,1,0,2051.0,2011,1,Master,0.7107397738347987
72635.0,0,0,54,390,22,323,104,35,107,1,6,8,6,3,0,0,0,1,0,0,3,11,0,65,2550,0,1,0,0,0,1,0,0,0,0,874.0,767,1,2n Cycle,0.09451738701552917
69016.0,0,1,61,726,53,363,123,107,161,4,8,9,13,5,0,0,0,0,0,0,3,11,0,50,2743,0,1,0,0,0,0,0,1,0,0,1372.0,1211,0,Graduation,0.2125139630428875
20193.0,0,0,18,8,8,22,24,11,9,1,1,1,4,4,0,0,0,0,0,0,3,11,0,29,2737,0,0,0,1,0,1,0,0,0,0,73.0,64,0,2n Cycle,0.13183741496995152
27573.0,1,0,45,50,15,110,39,15,15,4,5,1,4,8,0,0,0,0,0,0,3,11,0,45,2620,0,1,0,0,0,0,0,1,0,0,229.0,214,0,Graduation,0.13230459731670058
15862.0,1,0,26,1,1,4,11,9,10,1,1,0,3,8,0,0,0,0,0,0,3,11,0,41,2526,0,0,1,0,0,0,1,0,0,0,26.0,16,0,Basic,0.17001977135213045
49544.0,1,0,0,308,0,73,0,0,23,2,5,1,8,7,0,0,0,0,0,0,3,11,0,44,2661,0,1,0,0,0,0,0,0,0,1,381.0,358,0,PhD,0.2892854099446863
33228.0,1,0,28,22,2,31,7,4,5,1,2,0,3,7,0,0,0,0,0,0,3,11,0,40,2316,0,1,0,0,0,0,0,1,0,0,66.0,61,0,Graduation,0.1304501487624246
70440.0,0,0,49,690,117,499,76,102,88,1,5,10,7,3,0,0,0,1,0,0,3,11,0,42,2423,0,0,0,1,0,0,0,1,0,0,1484.0,1396,1,Graduation,0.3107471591912816
38232.0,1,1,84,43,5,28,7,6,33,4,3,1,3,5,0,0,0,0,0,0,3,11,0,49,2322,0,0,0,1,0,0,0,1,0,0,89.0,56,0,Graduation,0.033976546430136784
22554.0,1,1,38,27,0,10,0,0,4,4,2,0,4,5,0,0,0,0,0,0,3,11,0,65,2762,0,1,0,0,0,0,0,0,0,1,37.0,33,0,PhD,0.114602219118708
23536.0,1,0,53,6,0,3,0,0,1,1,0,0,3,3,0,0,0,0,0,0,3,11,0,37,2184,0,1,0,0,0,0,0,0,0,1,9.0,8,0,PhD,0.0810092665695357
49413.0,0,1,88,205,7,41,3,2,46,2,4,2,5,5,0,0,0,0,0,0,3,11,0,68,2406,0,1,0,0,0,0,0,1,0,0,258.0,212,0,Graduation,0.01988239732531174
42231.0,1,1,99,24,0,8,0,1,4,1,1,0,3,5,0,0,0,0,0,0,3,11,0,51,2255,0,1,0,0,0,0,0,1,0,0,33.0,29,0,Graduation,0.01954926751916111
78789.0,0,0,12,667,50,850,21,83,83,1,4,6,5,2,0,0,0,0,0,0,3,11,1,40,2849,1,0,0,0,0,0,0,0,1,0,1671.0,1588,0,Master,0.5826376065783619
56534.0,0,1,35,691,7,61,10,0,46,4,10,4,7,8,0,1,0,0,1,0,3,11,1,52,2500,0,0,0,1,0,0,0,1,0,0,769.0,723,2,Graduation,0.16016690910965553
58350.0,0,1,5,493,26,206,116,80,80,4,8,3,12,6,0,0,0,0,0,0,3,11,0,49,2700,0,0,1,0,0,0,0,1,0,0,921.0,841,0,Graduation,0.3456927871940768
81217.0,0,0,77,493,70,324,146,40,84,1,3,7,11,1,0,0,0,0,0,0,3,11,0,31,2504,0,0,1,0,0,0,0,1,0,0,1073.0,989,0,Graduation,0.07478400011795727
49090.0,0,1,45,494,5,82,7,0,100,3,7,2,9,7,0,0,0,0,0,0,3,11,0,69,2504,0,0,1,0,0,0,0,1,0,0,588.0,488,0,Graduation,0.1032420926885786
61787.0,0,0,71,621,73,414,78,48,85,1,8,4,6,5,0,0,0,0,0,0,3,11,0,33,2517,1,0,0,0,0,0,0,0,1,0,1234.0,1149,0,Master,0.16028230830508633
18169.0,1,0,40,9,0,5,0,0,7,1,1,0,2,8,0,0,0,0,0,0,3,11,0,35,2654,0,1,0,0,0,0,0,0,0,1,14.0,7,0,PhD,0.12054939768666502
24336.0,1,0,82,1,6,2,8,2,12,1,1,0,2,7,0,0,0,0,0,0,3,11,0,39,2830,0,0,1,0,0,1,0,0,0,0,19.0,7,0,2n Cycle,0.04139923227406631
18222.0,0,0,70,12,4,19,12,6,14,1,2,0,3,8,0,0,0,0,0,0,3,11,0,30,2704,0,1,0,0,0,0,0,1,0,0,53.0,39,0,Graduation,0.04038551713059211
62335.0,0,1,87,243,131,217,85,6,26,2,3,3,13,2,0,0,0,0,0,0,3,11,0,68,2561,1,0,0,0,0,0,0,1,0,0,682.0,656,0,Graduation,0.036790791679813355
42033.0,1,1,95,11,1,4,2,0,7,1,1,0,2,7,0,0,0,0,0,0,3,11,0,49,2807,0,0,0,1,0,1,0,0,0,0,18.0,11,0,2n Cycle,0.021063448068915677
86580.0,0,0,72,532,21,127,26,20,20,0,4,2,5,1,0,0,1,0,0,0,3,11,0,37,2646,0,1,0,0,0,0,0,0,0,1,726.0,706,1,PhD,0.03838013249481809
41437.0,1,1,5,29,0,2,0,0,1,1,1,0,3,7,0,0,0,0,0,0,3,11,0,63,2804,1,0,0,0,0,0,0,0,0,1,31.0,30,0,PhD,0.16564207318169286
73705.0,0,2,86,612,91,520,258,107,107,2,9,6,8,5,0,0,0,0,0,0,3,11,0,69,2275,0,0,0,0,1,0,0,0,1,0,1588.0,1481,0,Master,0.16530843117322339
61064.0,0,1,80,387,126,342,0,45,180,5,8,4,11,6,0,0,0,0,0,0,3,11,0,44,2826,0,1,0,0,0,0,0,1,0,0,900.0,720,0,Graduation,0.07113260922396557
38452.0,1,1,62,56,0,14,0,0,2,3,3,0,3,7,0,0,0,0,0,0,3,11,0,65,2250,0,1,0,0,0,0,0,0,1,0,70.0,68,0,Master,0.05291873144511315
18358.0,1,0,49,6,8,19,16,4,4,3,3,0,4,7,0,0,0,0,0,0,3,11,0,31,2380,0,0,1,0,0,0,0,1,0,0,53.0,49,0,Graduation,0.10678527398420776
55012.0,0,1,85,582,0,65,0,0,13,6,8,2,9,5,0,0,0,0,0,0,3,11,0,47,2259,0,0,0,1,0,0,0,0,0,1,647.0,634,0,PhD,0.043312461050954355
9722.0,1,0,7,6,17,16,6,16,42,4,3,1,3,8,0,0,0,0,0,0,3,11,1,47,2794,0,0,0,1,0,0,1,0,0,0,61.0,19,0,Basic,0.28143854470548874
38175.0,1,0,6,70,6,69,2,3,3,3,3,1,4,7,0,0,0,0,0,0,3,11,0,36,2438,0,1,0,0,0,0,0,0,0,1,150.0,147,0,PhD,0.21858483938122994
58656.0,0,1,25,962,12,194,16,24,12,4,7,8,13,6,0,0,1,0,0,0,3,11,0,64,2806,0,0,0,1,0,0,0,0,1,0,1208.0,1196,1,Master,0.35818568159998326
52117.0,0,1,55,112,10,107,30,0,20,2,5,2,4,7,0,0,0,0,0,0,3,11,0,55,2841,0,0,0,1,0,0,0,1,0,0,259.0,239,0,Graduation,0.04273490005619171
64813.0,1,0,81,293,0,124,179,97,52,1,7,2,10,5,0,0,0,0,0,0,3,11,0,42,2337,0,1,0,0,0,0,0,1,0,0,693.0,641,0,Graduation,0.07210542343730407
54222.0,0,1,98,199,12,31,3,12,7,1,3,3,5,3,0,0,0,0,0,0,3,11,0,47,2279,0,1,0,0,0,0,0,0,0,1,257.0,250,0,PhD,0.01483926414490318
83512.0,0,0,31,1060,61,835,80,20,101,1,4,7,10,1,1,0,1,1,1,0,3,11,1,34,2171,0,1,0,0,0,0,0,1,0,0,2056.0,1955,4,Graduation,0.6390700537825856
77520.0,0,1,30,940,44,396,0,88,58,1,8,7,7,4,1,0,1,1,0,0,3,11,1,61,2464,0,1,0,0,0,0,0,0,1,0,1468.0,1410,3,Master,0.3670752816919317
41154.0,0,1,98,44,2,11,2,3,7,1,1,0,4,5,0,0,0,0,0,0,3,11,0,42,2605,0,0,0,1,0,0,0,1,0,0,62.0,55,0,Graduation,0.013096837498717892
80398.0,0,0,92,342,51,936,207,35,26,1,5,8,12,3,0,0,1,0,0,0,3,11,0,54,2755,0,1,0,0,0,0,0,1,0,0,1571.0,1545,1,Graduation,0.1298864577038793
18746.0,1,0,41,2,10,11,12,9,20,2,3,0,3,6,0,0,0,0,0,0,3,11,0,28,2190,0,0,1,0,0,0,1,0,0,0,44.0,24,0,Basic,0.12491766361176417
35196.0,1,0,68,75,12,141,43,39,187,6,6,1,5,8,0,0,0,0,0,0,3,11,0,36,2752,0,0,0,1,0,0,0,1,0,0,310.0,123,0,Graduation,0.08215725247950259
60230.0,0,1,78,520,20,367,39,81,40,2,6,3,6,5,0,0,0,0,0,0,3,11,0,64,2564,0,0,1,0,0,0,0,1,0,0,1027.0,987,0,Graduation,0.09209481489886354
22108.0,1,1,46,5,3,9,6,2,6,2,2,0,3,7,0,0,0,0,0,0,3,11,0,43,2211,0,1,0,0,0,0,0,1,0,0,25.0,19,0,Graduation,0.09898480874358716
44392.0,1,1,71,87,5,71,7,12,29,5,4,1,4,7,0,0,0,0,0,0,3,11,0,46,2456,0,0,0,1,0,0,0,1,0,0,182.0,153,0,Graduation,0.049551466335764044
55424.0,0,1,6,462,61,184,10,53,107,4,7,5,9,6,1,0,0,0,0,0,3,11,1,44,2740,0,1,0,0,0,0,0,0,0,1,770.0,663,1,PhD,0.288716481633659
17688.0,1,0,82,2,2,1,3,1,2,1,1,0,2,8,0,0,0,0,0,1,3,11,0,41,2691,0,1,0,0,0,0,0,1,0,0,9.0,7,0,Graduation,0.04589052611119527
92491.0,0,0,71,979,44,935,29,25,22,1,7,5,12,3,0,1,1,1,0,0,3,11,1,37,2583,0,1,0,0,0,0,0,0,0,1,2012.0,1990,3,PhD,0.3344026456477123
90273.0,0,0,32,704,129,853,120,74,111,1,5,6,7,2,0,1,1,1,0,0,3,11,1,29,2356,0,0,1,0,0,0,0,1,0,0,1880.0,1769,3,Graduation,0.5158907718245945
82571.0,0,0,28,861,31,558,62,95,79,0,6,5,13,2,0,0,1,0,0,0,3,11,0,58,2247,0,0,0,0,1,0,0,0,0,1,1607.0,1528,1,PhD,0.4241364896819121
38513.0,1,0,20,172,3,115,16,0,18,5,6,1,5,8,0,0,0,0,0,0,3,11,1,38,2311,0,0,1,0,0,0,0,0,0,1,306.0,288,0,PhD,0.21231776443311096
16653.0,1,0,10,5,7,31,15,4,7,3,2,1,3,6,0,0,0,0,0,0,3,11,1,41,2231,0,0,1,0,0,0,0,0,1,0,62.0,55,0,Master,0.24341399970296812
42586.0,1,1,7,194,2,56,0,0,0,5,4,1,6,8,0,0,0,0,0,0,3,11,1,65,2767,0,0,0,1,0,0,0,1,0,0,252.0,252,0,Graduation,0.22407386109966823
23529.0,0,1,67,9,7,13,3,2,20,1,1,1,2,6,0,0,0,0,0,0,3,11,0,55,2697,0,0,1,0,0,0,1,0,0,0,34.0,14,0,Basic,0.03578065828425286
74881.0,1,1,48,505,72,270,36,27,54,4,9,2,12,5,0,0,0,0,0,0,3,11,0,59,2637,0,0,0,1,0,0,0,0,1,0,910.0,856,0,Master,0.17684908323116172
71107.0,0,1,61,533,10,217,198,174,195,2,7,6,13,4,0,0,0,0,0,0,3,11,0,69,2656,0,1,0,0,0,0,0,1,0,0,1132.0,937,0,Graduation,0.13199276140960928
46910.0,1,1,36,48,0,14,0,0,6,2,2,0,3,6,0,0,0,0,0,0,3,11,0,56,2257,0,0,0,1,0,0,0,0,0,1,62.0,56,0,PhD,0.08241457513629599
18690.0,0,0,77,6,1,7,23,4,19,1,1,1,2,8,0,0,0,0,0,0,3,11,0,61,2707,0,1,0,0,0,0,0,1,0,0,41.0,22,0,Graduation,0.030995242018630895
37244.0,1,1,90,18,2,10,0,0,25,1,1,1,2,7,1,0,0,0,0,0,3,11,0,65,2587,1,0,0,0,0,0,0,1,0,0,30.0,5,1,Graduation,0.025801402145406507
82427.0,0,0,35,482,147,509,104,107,107,1,3,5,12,1,0,0,1,0,0,0,3,11,0,54,2268,0,0,0,1,0,0,0,1,0,0,1349.0,1242,1,Graduation,0.27028093499607747
75342.0,0,1,38,204,97,97,21,118,26,1,5,2,10,4,0,0,0,0,0,0,3,11,0,62,2578,0,0,1,0,0,1,0,0,0,0,537.0,511,0,2n Cycle,0.06904296704927437
70044.0,0,1,46,1073,0,250,153,14,14,4,7,10,5,5,0,0,0,0,0,0,3,11,0,66,2655,1,0,0,0,0,0,0,1,0,0,1490.0,1476,0,Graduation,0.3196141481536764
79146.0,1,1,33,245,16,223,21,43,16,2,8,1,8,6,0,0,0,0,0,0,3,11,0,53,2225,0,0,1,0,0,0,0,1,0,0,548.0,532,0,Graduation,0.12134612203681301
77437.0,0,0,70,560,21,442,29,44,29,1,4,5,13,1,0,0,1,0,0,0,3,11,0,57,2374,0,1,0,0,0,0,0,1,0,0,1096.0,1067,1,Graduation,0.0929483679488258
54984.0,0,1,51,173,13,131,32,3,6,4,6,1,6,7,0,0,0,1,0,0,3,11,0,61,2195,0,1,0,0,0,0,0,1,0,0,352.0,346,1,Graduation,0.05259483913569809
42403.0,1,0,18,22,1,11,0,5,3,1,1,0,3,8,0,0,0,0,0,0,3,11,0,49,2359,0,1,0,0,0,0,0,0,0,1,39.0,36,0,PhD,0.12911782564062865
55761.0,0,1,97,136,1,12,0,3,32,2,4,1,3,6,0,1,0,0,0,0,3,11,0,56,2225,0,0,0,1,0,0,0,1,0,0,152.0,120,1,Graduation,0.011706492452548036
37292.0,1,0,32,275,0,86,10,23,66,5,6,3,5,8,0,0,0,0,0,0,3,11,0,37,2596,0,0,0,1,0,0,0,1,0,0,394.0,328,0,Graduation,0.1978090539694898
45576.0,0,0,9,56,19,29,2,14,25,1,3,1,3,8,0,0,0,0,0,0,3,11,1,75,2191,0,0,1,0,0,0,0,0,0,1,120.0,95,0,PhD,0.10204424653609796
70321.0,0,0,6,303,23,751,82,26,191,1,6,5,13,4,0,0,0,0,0,0,3,11,1,73,2688,0,0,0,1,0,0,0,1,0,0,1185.0,994,0,Graduation,0.3976995044742557
58086.0,0,1,80,708,7,62,0,0,15,2,11,3,7,8,0,0,0,0,0,0,3,11,0,51,2684,1,0,0,0,0,0,0,0,0,1,777.0,762,0,PhD,0.05859951693909945
81795.0,0,0,74,324,132,693,27,118,88,1,4,11,7,2,0,0,0,0,0,0,3,11,0,68,2770,0,1,0,0,0,0,0,1,0,0,1294.0,1206,0,Graduation,0.1107230077220025
28389.0,0,0,49,1,5,3,7,4,8,1,1,0,2,7,0,0,0,0,0,0,3,11,0,73,2745,0,0,0,1,0,0,1,0,0,0,20.0,12,0,Basic,0.046702333917347044
66835.0,0,0,21,620,26,195,34,17,141,1,6,4,13,2,0,0,0,0,0,0,3,11,0,74,2433,0,1,0,0,0,0,0,0,1,0,892.0,751,0,Master,0.21162552379660407
69901.0,0,1,95,312,21,206,102,92,149,3,7,3,10,5,0,0,0,0,0,0,3,11,0,51,2555,1,0,0,0,0,0,0,1,0,0,733.0,584,0,Graduation,0.03014608677304633
80360.0,0,0,56,1493,86,454,112,43,43,2,4,4,5,2,0,1,1,1,0,0,3,11,0,71,2642,0,1,0,0,0,0,0,0,0,1,2188.0,2145,3,PhD,0.5515744352036461
63342.0,0,1,48,918,21,118,13,10,21,3,8,3,5,6,0,1,0,0,0,0,3,11,1,59,2780,0,0,0,1,0,0,0,0,0,1,1080.0,1059,1,PhD,0.18348046568281232
44989.0,0,1,26,98,0,106,49,10,106,5,5,1,5,6,0,0,0,0,0,0,3,11,0,46,2814,0,1,0,0,0,0,0,1,0,0,263.0,157,0,Graduation,0.09749142363427038
31859.0,1,0,3,3,4,7,15,8,11,1,1,0,3,7,0,0,0,0,0,0,3,11,0,40,2281,0,0,1,0,0,1,0,0,0,0,37.0,26,0,2n Cycle,0.21185680494720585
51569.0,0,1,39,380,0,47,6,0,34,4,7,1,7,8,0,1,0,0,0,0,3,11,1,71,2661,0,0,0,0,1,0,0,0,0,1,433.0,399,1,PhD,0.08436995036858147
30372.0,1,1,33,15,0,12,7,3,7,3,2,0,3,7,0,0,0,0,0,0,3,11,0,49,2710,0,0,0,0,1,0,0,1,0,0,37.0,30,0,Graduation,0.11485008296526497
16014.0,1,1,42,3,9,4,7,8,7,4,1,1,4,3,0,0,0,0,0,0,3,11,0,41,2628,0,0,1,0,0,0,1,0,0,0,31.0,24,0,Basic,0.12217435831011406
41120.0,1,1,80,24,2,23,0,8,24,3,2,1,3,6,0,0,0,0,0,0,3,11,0,52,2394,0,1,0,0,0,0,0,1,0,0,57.0,33,0,Graduation,0.03297049808543263
39763.0,1,0,9,80,1,60,4,6,16,2,5,1,2,9,0,0,0,0,0,0,3,11,1,49,2488,0,0,1,0,0,0,0,0,1,0,151.0,135,0,Master,0.1968648829914658
38725.0,1,1,52,31,0,6,2,1,5,2,1,0,4,4,0,0,0,0,0,0,3,11,0,65,2209,0,1,0,0,0,0,0,0,0,1,40.0,35,0,PhD,0.0626630390925586
77981.0,1,0,78,138,120,204,16,126,60,3,7,4,7,5,0,0,0,0,0,0,3,11,0,48,2558,0,1,0,0,0,0,0,1,0,0,604.0,544,0,Graduation,0.05028703937315992
62905.0,0,1,68,166,75,96,119,107,59,3,7,2,8,4,0,0,0,0,0,0,3,11,0,56,2451,0,1,0,0,0,1,0,0,0,0,563.0,504,0,2n Cycle,0.04629015909923071
13533.0,1,0,45,12,3,8,8,0,17,2,2,0,3,7,0,0,0,0,0,0,3,11,0,41,2635,1,0,0,0,0,1,0,0,0,0,31.0,14,0,2n Cycle,0.11958556702374183
59481.0,0,1,47,178,3,85,71,66,58,2,3,3,8,2,0,0,0,0,0,0,3,11,0,45,2408,0,0,0,1,0,0,0,1,0,0,403.0,345,0,Graduation,0.06048692970174866
72117.0,0,1,34,707,20,171,65,60,50,1,9,7,9,5,0,0,0,0,0,0,3,11,0,43,2472,0,1,0,0,0,0,0,1,0,0,1023.0,973,0,Graduation,0.19709999984407192
21955.0,1,0,81,5,1,7,17,14,11,2,2,1,3,6,0,0,0,0,0,0,3,11,0,34,2454,0,1,0,0,0,1,0,0,0,0,44.0,33,0,2n Cycle,0.047062222948927285
67131.0,0,1,72,465,71,250,93,35,62,3,9,2,12,6,0,0,0,0,0,0,3,11,0,64,2619,0,1,0,0,0,0,0,1,0,0,914.0,852,0,Graduation,0.07523029737549929
36802.0,1,0,23,16,1,2,0,0,1,1,1,0,3,5,0,0,0,0,0,0,3,11,0,40,2172,0,0,1,0,0,0,0,0,0,1,19.0,18,0,PhD,0.12551927315580946
71853.0,0,0,29,358,108,413,141,97,32,1,2,8,6,1,0,0,0,0,0,0,3,11,0,38,2576,0,0,0,1,0,0,0,1,0,0,1117.0,1085,0,Graduation,0.25478230409137403
28249.0,0,0,80,1,9,7,2,14,10,1,2,0,3,6,0,0,0,0,0,0,3,11,0,59,2173,0,1,0,0,0,0,1,0,0,0,33.0,23,0,Basic,0.023689985913977085
47808.0,0,1,30,123,1,26,2,0,72,2,3,2,3,7,1,0,0,0,0,0,3,11,0,45,2411,0,1,0,0,0,0,0,0,1,0,152.0,80,1,Master,0.06885039473531468
25509.0,1,0,15,40,3,30,10,7,11,3,3,0,3,9,0,0,0,0,0,0,3,11,1,46,2808,1,0,0,0,0,0,0,0,0,1,90.0,79,0,PhD,0.19981433582710845
51012.0,0,0,86,102,9,63,2,9,24,1,4,1,4,6,0,0,0,0,0,0,3,11,0,74,2596,0,1,0,0,0,0,0,0,0,1,185.0,161,0,PhD,0.01724591988287466
70596.0,0,0,68,347,44,534,17,0,26,1,3,5,12,2,0,0,0,0,0,0,3,11,0,35,2791,0,0,1,0,0,0,0,1,0,0,942.0,916,0,Graduation,0.08638724805119889
85431.0,0,0,54,376,53,462,168,53,53,1,2,7,7,0,0,0,0,0,0,0,3,11,0,68,2545,0,0,0,1,0,0,0,0,0,1,1112.0,1059,0,PhD,0.11553817364860178
42664.0,0,1,44,21,0,3,0,0,0,1,1,0,3,6,0,0,0,0,0,0,3,11,0,53,2262,0,1,0,0,0,0,0,1,0,0,24.0,24,0,Graduation,0.04207067651657804
42586.0,1,1,7,194,2,56,0,0,0,5,4,1,6,8,0,0,0,0,0,0,3,11,1,65,2767,0,0,0,1,0,0,0,1,0,0,252.0,252,0,Graduation,0.22407386109966823
29760.0,1,0,87,64,4,68,7,5,17,4,3,1,4,8,0,0,0,0,0,0,3,11,0,35,2828,0,0,1,0,0,0,0,1,0,0,148.0,131,0,Graduation,0.04306047103493733
28973.0,0,0,59,206,0,46,3,2,12,2,5,1,5,8,0,0,0,0,0,0,3,11,0,43,2783,0,1,0,0,0,0,0,0,0,1,257.0,245,0,PhD,0.06158423839374066
39435.0,1,0,16,71,0,18,0,0,13,1,3,1,2,7,0,0,0,0,0,0,3,11,0,47,2486,0,0,0,1,0,0,0,0,0,1,89.0,76,0,PhD,0.1552633623319803
65370.0,0,0,1,71,22,112,138,89,29,1,2,3,13,1,0,0,0,0,0,0,3,11,0,36,2491,0,1,0,0,0,1,0,0,0,0,432.0,403,0,2n Cycle,0.161188200792127
20194.0,1,0,64,0,4,7,11,10,15,2,2,0,3,6,0,0,0,0,0,0,3,11,0,41,2718,0,0,1,0,0,0,1,0,0,0,32.0,17,0,Basic,0.0694864191107286
42473.0,1,1,72,93,1,21,0,4,25,3,2,1,4,5,0,0,0,0,0,0,3,11,0,44,2291,0,0,1,0,0,0,0,0,0,1,119.0,94,0,PhD,0.044595061807273295
64590.0,0,0,98,920,138,168,36,46,30,1,9,4,10,6,0,0,0,0,0,0,3,11,0,52,2782,0,1,0,0,0,0,0,1,0,0,1308.0,1278,0,Graduation,0.09388330879788098
71232.0,0,1,91,653,17,170,34,26,17,2,11,2,10,7,0,0,0,0,0,0,3,11,0,61,2372,0,0,0,1,0,0,0,1,0,0,900.0,883,0,Graduation,0.04393037335251875
34600.0,1,1,8,199,33,60,8,3,15,5,5,2,5,8,0,0,0,0,0,0,3,11,1,49,2703,0,0,0,1,0,0,0,1,0,0,303.0,288,0,Graduation,0.275258557796852
46904.0,1,1,20,153,4,56,0,9,31,4,5,1,4,8,0,0,0,0,0,0,3,11,0,53,2762,0,0,1,0,0,0,0,1,0,0,222.0,191,0,Graduation,0.15671865282930567
49094.0,0,1,6,376,0,38,11,8,69,5,6,3,6,6,0,0,0,0,0,0,3,11,0,47,2805,0,1,0,0,0,0,0,1,0,0,433.0,364,0,Graduation,0.1869126925634946
36075.0,1,0,54,46,0,30,12,1,30,1,2,0,4,6,0,0,0,0,0,0,3,11,0,37,2361,0,0,0,1,0,0,0,1,0,0,89.0,59,0,Graduation,0.07310731976849252
60839.0,1,1,72,600,21,128,223,150,128,13,2,2,12,8,0,0,0,0,0,0,3,11,0,41,2829,0,0,0,1,0,1,0,0,0,0,1122.0,994,0,2n Cycle,0.20166565312197932
77298.0,0,1,46,425,115,292,23,35,79,1,6,6,11,3,0,0,0,0,0,0,3,11,0,41,2398,0,0,0,1,0,0,0,1,0,0,890.0,811,0,Graduation,0.11202335661845178
34026.0,1,1,11,18,6,15,12,8,17,3,2,1,3,5,0,0,0,0,0,0,3,11,0,70,2487,0,0,0,1,0,0,0,1,0,0,59.0,42,0,Graduation,0.17150653181836448
48918.0,1,1,21,52,0,9,0,0,1,2,1,0,4,4,0,0,0,0,0,0,3,11,0,57,2237,0,0,1,0,0,0,0,0,0,1,61.0,60,0,PhD,0.11054663609685489
82122.0,0,0,89,734,22,350,151,25,100,1,3,9,13,1,0,0,1,0,0,0,3,11,0,58,2477,0,0,0,1,0,1,0,0,0,0,1282.0,1182,1,2n Cycle,0.07860514049694585
37697.0,1,0,82,34,6,21,11,4,8,1,2,1,3,6,0,0,0,0,0,0,3,11,0,44,2301,0,0,1,0,0,0,0,1,0,0,76.0,68,0,Graduation,0.03546257923204366
34074.0,1,1,69,135,1,41,10,1,67,5,3,3,3,6,1,0,0,0,0,0,3,11,0,68,2510,0,0,0,1,0,0,0,1,0,0,188.0,121,1,Graduation,0.06092472177250642
28520.0,1,1,55,11,0,10,0,2,20,1,1,1,2,6,0,0,0,0,0,0,3,11,0,60,2539,0,1,0,0,0,0,0,0,1,0,23.0,3,0,Master,0.06917948557235584
62535.0,0,1,13,163,48,90,0,45,52,1,3,2,8,3,0,0,0,0,0,0,3,11,0,65,2428,0,0,1,0,0,0,0,1,0,0,346.0,294,0,Graduation,0.10643587308397233
36273.0,1,0,80,29,3,30,3,2,9,2,3,0,3,6,0,0,0,0,0,0,3,11,0,43,2233,0,0,1,0,0,0,0,0,1,0,67.0,58,0,Master,0.037624547066226074
63404.0,0,2,97,734,26,70,11,44,17,2,6,3,4,4,0,0,0,1,0,0,3,11,0,56,2182,0,0,0,1,0,0,0,1,0,0,885.0,868,1,Graduation,0.043462090040668366
75774.0,1,0,27,340,21,134,258,14,56,1,7,5,8,4,0,0,0,0,0,0,3,11,0,39,2217,0,0,0,1,0,1,0,0,0,0,767.0,711,0,2n Cycle,0.2163851855592188
78416.0,0,1,99,453,38,279,188,38,183,2,7,7,10,3,0,0,0,0,0,0,3,11,0,44,2161,0,0,0,1,0,0,0,1,0,0,996.0,813,0,Graduation,0.039665907945525714
75702.0,0,1,87,1073,0,629,145,37,37,1,10,5,13,6,0,0,1,0,0,0,3,11,0,46,2782,0,0,0,1,0,0,0,1,0,0,1884.0,1847,1,Graduation,0.26336228690170876
59385.0,1,1,85,135,0,10,0,4,36,2,3,1,4,5,0,0,0,0,0,0,3,11,0,69,2586,0,0,0,1,0,0,0,0,1,0,149.0,113,0,Master,0.023768734413716592
37070.0,1,1,30,231,7,137,4,15,39,9,5,1,8,7,0,0,0,0,0,0,3,11,1,54,2625,0,0,1,0,0,0,0,1,0,0,394.0,355,0,Graduation,0.20038911125830156
44689.0,1,1,82,18,0,5,0,0,11,2,1,1,2,7,1,0,0,0,0,0,3,11,0,69,2329,0,1,0,0,0,0,0,1,0,0,23.0,12,1,Graduation,0.02644586618191411
53977.0,0,1,21,620,16,165,0,24,82,5,5,5,12,5,0,0,0,0,0,0,3,11,0,62,2545,0,0,0,1,0,0,0,1,0,0,825.0,743,0,Graduation,0.2369960662595477
7144.0,0,2,92,81,4,33,5,2,291,0,23,1,1,0,0,0,0,0,0,0,3,11,0,54,2363,0,0,1,0,0,0,0,0,0,1,125.0,-166,0,PhD,0.032470316346499196
18701.0,1,1,95,12,4,2,10,6,10,4,2,0,4,5,0,0,0,0,0,0,3,11,0,56,2549,0,0,1,0,0,0,0,1,0,0,34.0,24,0,Graduation,0.03368010457589251
90369.0,0,0,2,292,51,981,224,23,17,1,4,6,6,1,0,0,0,0,0,0,3,11,1,64,2221,0,1,0,0,0,0,0,1,0,0,1571.0,1554,0,Graduation,0.5229239939611723
63159.0,0,0,74,965,34,586,89,86,37,1,3,5,8,3,1,0,0,0,0,0,3,11,0,46,2760,0,0,1,0,0,0,0,0,0,1,1760.0,1723,1,PhD,0.32918649847936715
37758.0,1,1,49,27,2,10,0,0,1,2,1,0,3,8,0,0,0,0,0,0,3,11,0,54,2792,0,0,0,1,0,0,0,1,0,0,39.0,38,0,Graduation,0.06978585395605784
46757.0,0,1,71,777,30,163,0,51,122,6,4,4,7,9,0,0,0,0,0,0,3,11,0,57,2749,0,0,1,0,0,0,0,0,0,1,1021.0,899,0,PhD,0.13653837059560062
79734.0,0,0,72,572,8,232,23,62,17,1,4,3,6,1,0,0,0,1,0,0,3,11,0,51,2160,0,1,0,0,0,0,0,0,1,0,897.0,880,1,Master,0.05917351720812288
63207.0,0,0,68,438,169,565,91,169,70,1,2,3,6,7,0,0,0,1,0,0,3,11,0,28,2684,0,0,0,1,0,0,0,1,0,0,1432.0,1362,1,Graduation,0.2323136685936318
72071.0,0,1,4,531,69,300,150,138,150,3,5,4,8,2,0,0,0,0,0,0,3,11,0,66,2659,1,0,0,0,0,0,0,1,0,0,1188.0,1038,0,Graduation,0.4063239393374978
21840.0,1,0,80,17,0,9,0,0,1,1,1,0,3,9,0,0,0,0,0,0,3,11,0,37,2502,0,0,0,1,0,0,0,0,0,1,26.0,25,0,PhD,0.04632919759959545
58582.0,0,1,15,402,35,106,101,77,42,2,9,2,9,5,0,1,0,0,0,0,3,11,0,38,2433,0,0,0,1,0,1,0,0,0,0,721.0,679,1,2n Cycle,0.21876736459329071
72282.0,0,0,70,503,27,419,90,139,153,1,5,7,9,7,0,0,0,0,0,0,3,11,1,69,2504,0,0,1,0,0,0,0,1,0,0,1178.0,1025,0,Graduation,0.11563857078090738
50387.0,0,2,91,369,9,87,12,14,34,3,6,2,8,5,0,0,0,0,0,0,3,11,0,64,2461,0,1,0,0,0,0,0,1,0,0,491.0,457,0,Graduation,0.02912841469778101
32583.0,1,1,10,5,0,3,0,0,1,1,1,0,2,7,0,0,0,0,0,0,3,11,0,59,2173,0,0,0,1,0,0,0,0,0,1,8.0,7,0,PhD,0.16776912134902264
62568.0,0,1,99,362,17,398,80,35,61,3,5,3,5,4,0,0,0,1,0,0,3,11,0,58,2242,0,0,0,1,0,0,0,1,0,0,892.0,831,1,Graduation,0.042529735248052904
44635.0,1,1,25,56,0,9,0,0,3,2,2,0,3,7,0,0,0,0,0,0,3,11,0,49,2420,1,0,0,0,0,0,0,0,1,0,65.0,62,0,Master,0.11180626618048285
33316.0,1,1,34,79,1,31,4,4,12,3,2,1,4,6,0,0,0,0,0,0,3,11,0,49,2427,0,0,1,0,0,0,0,0,1,0,119.0,107,0,Master,0.12368594063567769
63967.0,0,1,57,387,84,141,73,35,162,3,4,4,12,2,0,0,0,0,0,0,3,11,0,52,2483,0,1,0,0,0,0,0,1,0,0,720.0,558,0,Graduation,0.07969227219982046
52513.0,0,0,84,367,17,241,104,188,232,2,9,5,9,7,0,0,0,0,0,0,3,11,0,42,2822,0,0,0,1,0,1,0,0,0,0,917.0,685,0,2n Cycle,0.07883584957869377
25293.0,1,0,51,15,0,11,0,2,9,1,1,1,2,8,0,0,0,0,0,0,3,11,0,51,2446,0,1,0,0,0,0,0,1,0,0,28.0,19,0,Graduation,0.08267279329820044
54111.0,0,1,97,267,6,54,8,3,50,2,5,2,6,5,0,0,0,0,0,0,3,11,0,55,2467,0,0,0,0,1,0,0,0,0,1,338.0,288,0,PhD,0.017620105336156242
78394.0,0,0,13,298,27,697,216,24,166,1,4,6,5,2,0,0,0,0,0,0,3,11,1,34,2658,0,0,0,1,0,0,0,1,0,0,1262.0,1096,0,Graduation,0.3763514238203003
80739.0,0,0,92,674,92,736,39,0,92,1,3,11,9,1,0,0,0,0,0,0,3,11,0,62,2561,0,1,0,0,0,0,0,0,1,0,1541.0,1449,0,Master,0.12050614713792505
22669.0,1,0,30,16,14,36,37,22,48,3,4,1,2,9,0,0,0,0,0,0,3,11,1,45,2562,0,0,0,1,0,0,0,0,1,0,125.0,77,0,Master,0.16434369571458904
29236.0,1,0,30,37,4,24,16,9,9,2,4,0,3,9,0,0,0,0,0,0,3,11,0,33,2423,0,0,1,0,0,0,0,1,0,0,90.0,81,0,Graduation,0.14158462137319416
44911.0,0,1,11,159,0,22,2,1,31,3,4,1,4,7,0,0,0,0,0,0,3,11,0,61,2630,0,0,0,1,0,0,0,1,0,0,184.0,153,0,Graduation,0.11413952425983367
54693.0,0,1,72,686,17,142,23,26,35,8,6,4,13,6,0,0,0,0,0,0,3,11,0,58,2656,0,1,0,0,0,0,0,0,0,1,894.0,859,0,PhD,0.092065219072972
48186.0,1,0,39,97,3,66,12,7,34,3,4,1,4,7,0,0,0,0,0,0,3,11,0,46,2260,0,0,0,1,0,0,0,1,0,0,185.0,151,0,Graduation,0.09656032086529955
54809.0,1,1,0,63,6,57,13,13,22,4,2,1,5,4,0,0,0,0,0,0,3,11,1,43,2450,0,1,0,0,0,0,0,1,0,0,152.0,130,0,Graduation,0.18706217047299248
41580.0,1,1,15,56,5,24,4,0,3,3,2,1,3,5,0,0,0,0,0,0,3,11,0,42,2725,0,0,0,1,0,0,0,1,0,0,89.0,86,0,Graduation,0.15432981357583078
80336.0,0,0,12,209,19,456,160,142,66,1,2,9,13,1,0,0,0,0,0,0,3,11,0,50,2452,0,1,0,0,0,0,0,0,0,1,986.0,920,0,PhD,0.24638179672046315
47743.0,0,1,56,198,2,43,0,12,20,3,4,1,6,6,0,1,0,0,0,0,3,11,0,63,2623,0,1,0,0,0,0,0,1,0,0,255.0,235,1,Graduation,0.044265489991082686
62972.0,0,1,39,313,15,47,20,0,192,2,7,4,3,6,0,0,0,0,0,0,3,11,0,65,2854,0,1,0,0,0,1,0,0,0,0,395.0,203,0,2n Cycle,0.06439971777994087
57333.0,0,1,55,941,14,397,76,58,176,11,8,5,9,6,0,0,0,0,0,0,3,11,1,66,2804,1,0,0,0,0,0,0,0,0,1,1486.0,1310,0,PhD,0.3248024090025657
32313.0,1,0,60,86,4,56,2,4,7,3,4,0,4,9,0,0,0,0,0,0,3,11,0,38,2662,0,0,0,1,0,0,0,0,0,1,152.0,145,0,PhD,0.07683746242455664
84953.0,0,0,73,167,48,602,63,72,72,1,3,10,4,2,0,1,1,1,0,0,3,11,1,67,2550,0,0,0,0,1,0,0,0,1,0,952.0,880,3,Master,0.05636615728639117
27071.0,1,0,90,8,3,19,0,2,3,2,2,0,3,6,0,0,0,0,0,0,3,11,0,52,2226,1,0,0,0,0,0,0,0,1,0,32.0,29,0,Master,0.03243092750763194
68148.0,0,0,86,389,66,408,37,57,85,1,4,4,6,2,0,0,0,0,0,0,3,11,0,63,2461,0,0,0,1,0,0,0,0,1,0,957.0,872,0,Master,0.05820942436582218
65735.0,1,1,37,239,7,119,4,15,11,5,6,2,6,7,0,0,0,0,0,0,3,11,0,55,2363,0,0,0,1,0,0,0,0,1,0,384.0,373,0,Master,0.10431953096038336
86836.0,0,0,7,179,21,273,0,21,63,1,6,10,6,5,1,0,1,1,0,0,3,11,1,45,2814,0,1,0,0,0,0,0,0,0,1,494.0,431,3,PhD,0.10734310703348504
4023.0,1,1,29,5,0,1,1,1,1,15,0,0,0,19,0,0,0,0,0,0,3,11,0,57,2165,0,1,0,0,0,0,0,0,0,1,8.0,7,0,PhD,0.18312482319234263
30093.0,0,0,19,2,6,28,13,4,16,1,2,0,3,7,0,0,0,0,0,0,3,11,0,30,2515,0,1,0,0,0,0,0,1,0,0,53.0,37,0,Graduation,0.10434982890897182
57705.0,0,1,14,383,0,53,6,4,40,3,8,1,6,6,0,0,0,0,0,0,3,11,0,54,2328,0,1,0,0,0,0,0,0,0,1,446.0,406,0,PhD,0.13852812893373467
25008.0,1,0,72,2,8,8,6,1,9,2,1,0,3,8,0,0,0,0,0,0,3,11,0,32,2306,0,0,1,0,0,0,0,1,0,0,25.0,16,0,Graduation,0.05305682657016293
83257.0,0,0,56,536,27,590,38,107,67,1,5,10,12,6,1,0,1,0,0,1,3,11,1,25,2808,0,0,1,0,0,1,0,0,0,0,1298.0,1231,2,2n Cycle,0.17268640643170907
22280.0,1,0,85,2,1,4,3,1,2,1,1,0,2,8,0,0,0,0,0,0,3,11,0,45,2565,0,0,0,1,0,0,0,1,0,0,11.0,9,0,Graduation,0.03899292528144643
72159.0,0,0,62,322,53,899,34,40,53,1,4,6,10,2,0,0,0,0,0,0,3,11,0,42,2767,0,1,0,0,0,0,0,0,0,1,1348.0,1295,0,PhD,0.19333630927974108
64260.0,0,0,1,539,169,816,20,0,30,1,4,5,4,3,0,0,0,0,0,0,3,11,1,59,2693,0,0,0,1,0,0,0,1,0,0,1544.0,1514,0,Graduation,0.6439837755215535
82733.0,0,0,28,712,50,420,65,38,38,1,8,4,7,4,0,0,0,0,0,0,3,11,1,36,2451,0,0,1,0,0,0,0,0,0,1,1285.0,1247,0,PhD,0.2853486318253582
74290.0,0,1,70,1121,0,72,0,12,12,4,10,8,10,6,0,1,0,1,0,0,3,11,0,49,2480,1,0,0,0,0,0,0,0,1,0,1205.0,1193,2,Master,0.12182891559670125
58217.0,2,1,84,68,1,13,3,5,13,1,2,0,4,6,0,0,0,0,0,0,3,11,0,69,2748,0,0,1,0,0,0,0,0,1,0,90.0,77,0,Master,0.03712373440877602
21024.0,0,0,89,36,4,18,6,2,18,1,2,0,4,7,0,0,0,0,0,0,3,11,0,44,2519,0,0,0,1,0,0,0,0,1,0,66.0,48,0,Master,0.02422790121168817
70116.0,0,0,73,707,44,603,95,58,29,1,2,8,12,1,0,0,0,0,0,0,3,11,0,48,2678,0,1,0,0,0,0,0,0,0,1,1507.0,1478,0,PhD,0.20636745871526144
54006.0,1,0,42,174,77,203,6,24,97,2,8,1,7,7,0,0,0,0,0,0,3,11,0,35,2808,0,0,0,1,0,0,0,1,0,0,484.0,387,0,Graduation,0.14293920052164513
69063.0,0,1,16,666,35,124,69,8,26,1,5,3,5,3,0,0,0,0,0,0,3,11,0,54,2758,0,1,0,0,0,0,0,0,0,1,902.0,876,0,PhD,0.23648419530726666
11448.0,0,0,16,0,0,0,6,2,6,1,1,0,2,6,0,0,0,0,0,0,3,11,0,45,2355,1,0,0,0,0,1,0,0,0,0,8.0,2,0,2n Cycle,0.13832657558439726
61825.0,0,1,56,162,50,100,55,30,27,1,4,2,8,4,0,0,0,0,0,0,3,11,0,41,2485,0,0,1,0,0,0,0,1,0,0,397.0,370,0,Graduation,0.046772914407123826
70886.0,1,0,65,407,70,239,103,88,53,1,5,4,4,2,0,0,0,0,0,0,3,11,0,49,2417,0,1,0,0,0,0,0,1,0,0,907.0,854,0,Graduation,0.13463338084196633
69109.0,0,0,10,823,25,459,124,29,95,1,6,6,7,4,0,0,1,0,0,0,3,11,1,38,2756,0,1,0,0,0,0,0,1,0,0,1460.0,1365,1,Graduation,0.5372638862836104
60208.0,1,1,13,488,23,71,15,0,59,11,8,3,7,7,0,1,0,0,0,0,3,11,1,47,2789,0,0,0,0,1,0,0,1,0,0,597.0,538,1,Graduation,0.269561151015396
32889.0,1,1,78,28,0,13,4,2,8,3,2,1,3,5,0,0,0,0,0,0,3,11,0,52,2455,0,0,0,1,0,0,0,0,1,0,47.0,39,0,Master,0.03970550459874796
34738.0,1,0,51,3,2,10,3,0,2,1,1,0,3,6,0,0,0,0,0,0,3,11,0,36,2208,0,0,1,0,0,0,0,1,0,0,18.0,16,0,Graduation,0.07029172472613299
30538.0,1,0,27,284,0,52,8,3,20,4,9,0,4,10,0,0,0,0,0,0,3,11,0,49,2795,0,0,0,1,0,0,0,0,1,0,347.0,327,0,Master,0.22014938665100534
82326.0,0,0,30,938,142,754,159,81,183,1,5,10,6,2,0,1,1,1,0,0,3,11,1,43,2270,0,0,0,1,0,1,0,0,0,0,2074.0,1891,3,2n Cycle,0.6539624527491856
26642.0,1,0,71,13,2,15,2,2,8,2,2,0,3,6,0,0,0,0,0,0,3,11,0,53,2279,1,0,0,0,0,0,0,0,0,1,34.0,26,0,PhD,0.05128386512394043
69932.0,0,1,97,412,172,153,150,105,57,2,7,6,11,4,0,0,0,0,0,0,3,11,0,56,2541,1,0,0,0,0,0,0,1,0,0,992.0,935,0,Graduation,0.04728744818138508
44503.0,1,1,83,31,1,8,0,0,8,2,2,0,3,6,0,0,0,0,0,0,3,11,0,48,2233,0,0,1,0,0,0,0,1,0,0,40.0,32,0,Graduation,0.028037656161741715
60200.0,0,1,3,502,19,132,0,6,26,6,6,2,11,6,0,0,0,0,0,0,3,11,0,72,2702,0,0,1,0,0,0,0,0,0,1,659.0,633,0,PhD,0.22946006069255018
49638.0,0,1,71,18,10,3,3,5,0,1,1,0,3,2,0,0,0,0,0,0,3,11,0,68,2230,1,0,0,0,0,0,0,1,0,0,39.0,39,0,Graduation,0.019242287597874726
23830.0,0,0,3,1,8,6,4,8,16,1,1,0,3,7,0,0,0,0,0,0,3,11,0,33,2301,0,0,1,0,0,1,0,0,0,0,27.0,11,0,2n Cycle,0.1556488579962687
33051.0,0,0,15,100,71,243,108,94,219,3,9,1,8,9,0,0,0,0,0,0,3,11,1,61,2841,0,0,0,0,1,0,0,0,1,0,616.0,397,0,Master,0.2632740577647873
72905.0,0,0,52,407,114,445,181,165,203,1,3,7,9,1,0,0,0,1,0,0,3,11,0,62,2318,0,1,0,0,0,0,0,1,0,0,1312.0,1109,1,Graduation,0.21167374083879795
69702.0,0,1,8,664,9,240,50,19,57,2,7,7,10,4,0,0,0,0,0,0,3,11,0,69,2654,0,0,0,1,0,0,0,0,0,1,982.0,925,0,PhD,0.29783324732161326
70300.0,1,0,89,1045,61,338,60,46,46,3,5,5,13,8,0,0,0,0,0,0,3,11,0,45,2508,1,0,0,0,0,0,0,1,0,0,1550.0,1504,0,Graduation,0.2464456471439252
70643.0,0,0,66,1218,107,304,23,143,33,1,5,8,4,6,0,0,0,0,0,0,3,11,1,36,2781,0,1,0,0,0,0,0,0,0,1,1795.0,1762,0,PhD,0.3610747422297538
30396.0,1,0,22,15,0,6,0,1,12,2,1,1,2,7,1,0,0,0,0,0,3,11,1,51,2219,0,1,0,0,0,0,0,0,0,1,22.0,10,1,PhD,0.14100340650178872
50616.0,0,1,56,128,0,16,0,1,4,2,4,0,4,7,0,0,0,0,0,0,3,11,0,52,2231,1,0,0,0,0,0,0,0,0,1,145.0,141,0,PhD,0.034558786068098236
62772.0,0,1,74,581,49,157,43,8,108,1,5,6,11,2,0,1,0,0,0,0,3,11,0,51,2565,0,0,1,0,0,0,0,0,1,0,838.0,730,1,Master,0.06927644912451525
30298.0,0,0,48,6,3,12,6,1,0,1,1,1,3,3,0,0,0,0,0,0,3,11,0,35,2200,0,0,1,0,0,0,0,0,0,1,28.0,28,0,PhD,0.050713483068024603
52413.0,1,0,67,185,8,133,56,56,12,2,7,1,7,7,0,0,0,0,0,0,3,11,0,36,2762,0,0,1,0,0,0,0,1,0,0,438.0,426,0,Graduation,0.07794425670244688
44155.0,1,1,24,22,1,9,0,0,14,1,1,1,2,4,0,0,0,0,0,0,3,11,0,63,2320,0,1,0,0,0,0,0,0,0,1,32.0,18,0,PhD,0.1056014292226255
86979.0,0,0,67,584,100,835,65,83,35,1,5,5,5,2,1,0,0,0,0,0,3,11,1,49,2393,1,0,0,0,0,0,0,0,0,1,1667.0,1632,1,PhD,0.22953150743099562
76532.0,1,1,38,355,30,177,90,138,30,4,9,5,7,5,0,0,0,0,0,0,3,11,0,45,2452,0,0,0,1,0,0,0,1,0,0,790.0,760,0,Graduation,0.17669742882624034
42081.0,1,0,86,175,10,110,54,6,27,2,6,3,4,6,1,0,0,0,0,0,3,11,0,38,2647,0,1,0,0,0,0,0,1,0,0,355.0,328,1,Graduation,0.051855030099545174
67546.0,0,0,90,864,134,768,150,38,172,1,4,10,5,3,0,0,0,0,0,0,3,11,0,32,2826,0,1,0,0,0,0,0,0,0,1,1954.0,1782,0,PhD,0.3173406468481015
88420.0,0,0,87,957,153,612,99,95,153,1,4,7,8,1,1,0,1,1,0,0,3,11,0,31,2217,0,0,0,1,0,0,0,0,1,0,1916.0,1763,3,Master,0.2343895237109048
31158.0,1,0,62,25,6,16,20,0,5,2,2,0,3,8,0,0,0,0,0,0,3,11,0,35,2677,0,1,0,0,0,0,0,1,0,0,67.0,62,0,Graduation,0.06420845538634823
61671.0,0,1,23,641,7,56,0,0,28,8,10,4,6,8,0,1,0,1,0,0,3,11,0,52,2185,1,0,0,0,0,0,0,1,0,0,704.0,676,2,Graduation,0.16842307600958822
69719.0,0,0,99,273,86,208,177,14,43,1,2,3,5,1,0,0,0,0,0,0,3,11,0,46,2193,0,0,1,0,0,0,0,1,0,0,758.0,715,0,Graduation,0.029203744856758466
49160.0,0,1,29,122,21,43,25,10,15,2,3,1,6,6,0,0,0,0,0,0,3,11,0,71,2411,1,0,0,0,0,0,0,1,0,0,221.0,206,0,Graduation,0.07424635071237741
24882.0,1,0,52,1,4,10,29,0,36,1,1,1,2,6,1,0,0,0,0,0,3,11,0,42,2817,0,0,0,1,0,0,1,0,0,0,44.0,8,1,Basic,0.08545119774764084
90933.0,0,0,90,1020,31,430,62,63,79,1,4,6,4,1,0,0,1,0,0,0,3,11,0,66,2249,0,0,1,0,0,0,0,0,0,1,1606.0,1527,1,PhD,0.1173545656870525
59292.0,0,1,71,378,14,68,19,14,14,2,3,5,8,3,0,0,0,0,0,0,3,11,0,70,2540,0,0,0,1,0,0,0,0,0,1,493.0,479,0,PhD,0.03912770448935102
45759.0,1,1,13,42,1,18,3,0,4,2,2,0,3,7,0,0,0,0,0,0,3,11,0,56,2650,0,1,0,0,0,0,0,0,0,1,64.0,60,0,PhD,0.1397913242140704
22148.0,0,0,16,15,5,14,0,4,11,1,1,0,3,7,0,0,0,0,0,0,3,11,0,37,2236,0,0,1,0,0,0,0,1,0,0,38.0,27,0,Graduation,0.12307111068368966
73395.0,0,0,94,272,7,80,20,7,11,1,4,4,6,2,0,0,0,0,0,0,3,11,0,33,2262,0,1,0,0,0,0,0,0,1,0,386.0,375,0,Master,0.014993468577873656
29819.0,1,0,77,9,1,24,2,1,2,3,3,0,3,6,0,0,0,0,0,0,3,11,0,49,2407,1,0,0,0,0,0,0,1,0,0,37.0,35,0,Graduation,0.04254331243693506
45688.0,0,1,20,279,0,18,0,0,9,2,3,1,8,4,0,1,0,0,0,0,3,11,0,52,2314,0,1,0,0,0,0,0,1,0,0,297.0,288,1,Graduation,0.11552510110614286
62820.0,0,0,51,398,61,265,138,61,53,1,3,4,6,1,0,0,0,0,0,0,3,11,0,66,2573,0,1,0,0,0,0,0,1,0,0,923.0,870,0,Graduation,0.13097498205107028
60491.0,0,1,81,637,47,237,12,19,76,4,6,11,7,5,0,0,0,0,0,0,3,11,0,49,2455,0,1,0,0,0,0,0,0,0,1,952.0,876,0,PhD,0.07674349554082582
33235.0,1,0,71,45,0,16,2,1,6,1,3,0,3,7,0,0,0,0,0,0,3,11,0,34,2303,0,0,0,1,0,0,0,1,0,0,64.0,58,0,Graduation,0.04992428722300431
35701.0,0,0,36,21,1,9,7,3,5,1,1,0,3,6,0,0,0,0,0,0,3,11,0,61,2626,0,1,0,0,0,0,0,1,0,0,41.0,36,0,Graduation,0.058817785000968285
31535.0,1,0,95,15,4,13,0,0,19,1,1,1,2,7,1,0,0,0,0,0,3,11,0,40,2435,0,1,0,0,0,0,0,0,1,0,32.0,13,1,Master,0.027086838928910152
92556.0,0,0,32,493,183,352,184,23,28,0,3,5,13,0,0,0,0,0,0,0,3,11,0,60,2229,0,0,0,1,0,1,0,0,0,0,1235.0,1207,0,2n Cycle,0.20305772729195276
67384.0,0,1,32,957,40,175,158,53,107,2,7,8,5,5,0,1,0,0,0,0,3,11,0,50,2755,0,0,1,0,0,0,0,1,0,0,1383.0,1276,1,Graduation,0.3678901648104709
80573.0,0,0,85,829,138,430,60,92,15,1,4,6,13,2,0,0,0,0,0,0,3,11,0,49,2782,0,0,0,1,0,0,0,0,1,0,1549.0,1534,0,Master,0.14590110796145714
77870.0,0,1,93,1017,50,500,65,50,133,3,5,5,5,8,0,1,0,1,0,0,3,11,1,53,2835,0,1,0,0,0,0,0,1,0,0,1682.0,1549,2,Graduation,0.16147209928981301
52278.0,0,1,24,953,0,71,0,0,174,6,10,5,10,8,0,0,0,0,0,0,3,11,0,57,2679,0,0,0,0,1,0,0,0,0,1,1024.0,850,0,PhD,0.311781736268546
57107.0,0,1,44,159,0,120,0,0,137,7,4,4,8,8,0,1,0,0,1,0,3,11,1,52,2833,0,0,1,0,0,0,0,1,0,0,279.0,142,2,Graduation,0.052629112691858174
18929.0,0,0,15,32,0,8,23,4,18,1,1,0,4,6,0,0,0,0,0,0,3,11,0,30,2657,0,1,0,0,0,0,0,1,0,0,67.0,49,0,Graduation,0.14182047187371877
36038.0,1,0,82,23,0,15,0,2,7,2,3,0,3,6,0,0,0,0,0,0,3,11,0,39,2553,0,0,1,0,0,0,0,0,0,1,40.0,33,0,PhD,0.0344697705218663
20180.0,0,0,27,18,42,24,15,20,18,1,2,1,4,7,0,0,0,0,0,0,3,11,0,44,2653,0,0,1,0,0,0,0,1,0,0,119.0,101,0,Graduation,0.11454625846861402
34230.0,1,1,72,15,0,4,0,0,2,1,1,0,2,7,0,0,0,0,0,0,3,11,0,55,2709,0,0,0,1,0,0,0,0,0,1,19.0,17,0,PhD,0.04194155287944455
31878.0,0,1,7,23,4,5,10,5,23,1,1,0,4,3,0,0,0,0,0,0,3,11,0,43,2166,0,0,1,0,0,1,0,0,0,0,47.0,24,0,2n Cycle,0.12663897147629588
70932.0,0,1,57,200,193,100,46,185,185,2,6,2,12,3,0,0,0,0,0,0,3,11,0,48,2320,0,1,0,0,0,1,0,0,0,0,724.0,539,0,2n Cycle,0.07120055610331798
91249.0,0,0,84,1324,27,119,71,108,27,0,7,9,6,4,0,1,1,1,1,0,3,11,1,64,2776,0,0,1,0,0,0,0,1,0,0,1649.0,1622,4,Graduation,0.14378806662297425
77598.0,0,0,53,1193,33,281,129,66,33,1,7,5,13,3,0,0,1,0,0,0,3,11,0,77,2430,0,0,1,0,0,0,0,0,1,0,1702.0,1669,1,Master,0.33856287425822745
80982.0,1,1,48,505,137,401,104,22,22,3,11,5,11,5,0,0,0,0,0,1,3,11,0,61,2696,0,0,1,0,0,0,0,1,0,0,1169.0,1147,0,Graduation,0.24324016354472805
22701.0,1,0,2,2,4,9,0,4,5,1,1,0,3,5,0,0,0,0,0,0,3,11,0,43,2456,0,1,0,0,0,0,0,0,1,0,19.0,14,0,Master,0.2404933927785915
55212.0,0,1,65,1103,0,45,0,0,34,3,4,2,11,8,0,1,0,0,1,0,3,11,0,51,2742,0,1,0,0,0,0,0,0,0,1,1148.0,1114,2,PhD,0.16900444476530627
70617.0,0,0,45,353,61,753,40,46,27,1,3,3,7,2,0,0,0,0,0,0,3,11,0,50,2530,0,1,0,0,0,0,0,1,0,0,1253.0,1226,0,Graduation,0.23307055975990473
64849.0,0,0,42,652,48,350,94,84,108,1,9,3,6,5,0,0,0,0,0,0,3,11,1,63,2752,0,0,1,0,0,0,0,1,0,0,1228.0,1120,0,Graduation,0.2531369269762412
62694.0,1,1,29,379,6,157,25,91,91,5,9,3,7,7,0,0,0,0,0,0,3,11,0,55,2536,0,1,0,0,0,0,0,0,1,0,658.0,567,0,Master,0.20863652600641858
61917.0,1,1,83,46,4,36,2,2,1,1,2,0,4,5,0,0,0,0,0,0,3,11,0,46,2380,0,1,0,0,0,0,0,0,0,1,90.0,89,0,PhD,0.022174496727971345
67472.0,0,1,93,162,31,127,8,17,69,2,4,2,7,3,0,0,0,0,0,0,3,11,0,73,2433,0,1,0,0,0,0,0,0,0,1,345.0,276,0,PhD,0.014568555823909594
21059.0,1,0,40,8,3,19,3,3,8,3,3,0,3,6,0,0,0,0,0,0,3,11,0,38,2332,0,1,0,0,0,0,0,0,1,0,36.0,28,0,Master,0.11851872085429667
29543.0,2,0,47,17,3,18,3,4,18,2,3,1,2,7,0,0,0,0,0,0,3,11,0,52,2248,0,1,0,0,0,0,0,0,1,0,45.0,27,0,Master,0.13846343806710132
75903.0,0,1,50,340,108,185,130,38,100,2,6,6,9,3,0,0,0,0,0,0,3,11,0,69,2606,0,1,0,0,0,0,0,1,0,0,801.0,701,0,Graduation,0.08437923023830504
34984.0,1,1,40,8,4,15,3,5,3,2,1,0,3,7,0,0,0,0,0,0,3,11,0,45,2820,0,0,0,1,0,1,0,0,0,0,35.0,32,0,2n Cycle,0.0909926829434241
54998.0,0,1,3,154,22,202,39,30,8,5,4,2,9,4,0,0,0,0,0,0,3,11,1,64,2635,0,0,1,0,0,0,0,0,0,1,447.0,439,0,PhD,0.17902945048218125
54356.0,0,1,62,710,15,30,20,0,0,3,11,2,8,8,0,0,0,0,0,0,3,11,1,71,2746,0,0,0,0,1,0,0,0,0,1,775.0,775,0,PhD,0.09050066985909744
34242.0,0,1,25,8,2,4,0,0,1,1,0,0,3,5,0,0,0,0,0,0,3,11,0,61,2257,0,1,0,0,0,0,0,0,1,0,14.0,13,0,Master,0.07391300966571888
25410.0,1,0,48,2,2,4,13,13,4,1,1,0,4,4,0,0,0,0,0,0,3,11,0,47,2461,0,1,0,0,0,0,0,1,0,0,34.0,30,0,Graduation,0.0899681653407594
73356.0,0,0,56,1050,14,322,0,14,112,1,5,11,5,2,1,0,1,1,0,0,3,11,1,36,2302,0,1,0,0,0,0,0,0,0,1,1400.0,1288,3,PhD,0.23410058460536065
28320.0,0,1,68,19,1,14,3,2,4,1,1,0,3,8,0,0,0,0,0,0,3,11,0,70,2690,0,0,0,1,0,0,0,1,0,0,39.0,35,0,Graduation,0.031163174066610896
23763.0,1,0,64,22,0,6,6,2,6,1,1,0,3,7,0,0,0,0,0,0,3,11,0,43,2850,0,0,1,0,0,0,0,1,0,0,36.0,30,0,Graduation,0.06525401014321497
72570.0,0,0,67,274,83,216,151,141,224,1,4,6,12,1,0,0,0,0,0,0,3,11,0,36,2224,0,1,0,0,0,0,0,1,0,0,865.0,641,0,Graduation,0.07359432214412817
34529.0,1,0,94,68,6,38,3,6,41,2,2,2,3,7,0,0,0,0,0,0,3,11,0,44,2812,0,1,0,0,0,0,0,0,1,0,121.0,80,0,Master,0.030966260065193103
70792.0,0,0,82,344,45,654,104,11,114,2,3,4,10,3,0,0,0,0,0,0,3,11,0,69,2667,0,0,0,0,1,0,0,1,0,0,1158.0,1044,0,Graduation,0.08779957837545013
63211.0,0,0,3,145,193,459,205,26,145,2,3,8,7,2,0,0,0,0,0,0,3,11,1,38,2763,0,1,0,0,0,0,0,1,0,0,1028.0,883,0,Graduation,0.39102966115998333
83891.0,0,1,24,217,38,350,111,85,15,1,4,7,10,1,0,0,0,0,0,0,3,11,0,46,2168,0,1,0,0,0,0,0,0,1,0,801.0,786,0,Master,0.13551098909533696
36065.0,1,1,54,18,7,34,10,2,3,3,3,0,3,8,0,0,0,0,0,0,3,11,0,52,2614,0,0,1,0,0,0,0,1,0,0,71.0,68,0,Graduation,0.06852855305790444
39898.0,0,1,20,69,8,26,12,7,12,2,3,0,4,7,0,0,0,0,0,0,3,11,0,66,2661,0,0,0,1,0,0,0,1,0,0,122.0,110,0,Graduation,0.09043951737275525
51141.0,0,0,96,144,0,7,0,0,6,1,3,1,4,5,0,0,0,0,0,0,3,11,0,80,2515,0,0,1,0,0,0,0,0,0,1,151.0,145,0,PhD,0.012443214051923853
56939.0,0,1,19,256,34,103,90,29,49,2,3,3,10,3,0,0,0,0,0,0,3,11,0,44,2443,0,1,0,0,0,0,0,1,0,0,512.0,463,0,Graduation,0.14448526332084927
80872.0,0,0,60,483,72,567,94,12,108,1,4,4,10,1,0,0,0,0,0,0,3,11,0,69,2207,0,0,1,0,0,0,0,1,0,0,1228.0,1120,0,Graduation,0.13499809787933942
72335.0,0,0,2,1285,105,653,28,21,0,1,10,4,8,8,0,0,0,0,0,0,3,11,1,44,2844,0,0,0,1,0,0,0,0,0,1,2092.0,2092,0,PhD,0.8262344924416474
61798.0,0,0,13,338,4,89,11,8,13,1,4,2,9,4,0,0,0,0,0,0,3,11,0,56,2377,0,0,1,0,0,0,0,0,0,1,450.0,437,0,PhD,0.13229810302155132
76842.0,0,0,37,605,10,345,84,54,32,1,1,8,7,0,0,0,0,0,0,0,3,11,0,70,2216,0,0,0,0,1,0,0,0,0,1,1098.0,1066,0,PhD,0.18559889751165384
29478.0,1,0,59,8,0,7,3,1,1,1,1,0,3,6,0,0,0,0,0,0,3,11,0,44,2322,0,0,0,1,0,0,0,1,0,0,19.0,18,0,Graduation,0.063578152978441
46998.0,0,1,55,172,41,86,45,6,27,5,5,3,5,7,1,0,0,0,0,0,3,11,0,64,2774,0,0,1,0,0,0,0,1,0,0,350.0,323,1,Graduation,0.05514655736111717
56551.0,1,1,48,67,4,32,17,2,16,3,2,1,4,4,0,0,0,0,0,0,3,11,0,70,2212,0,0,0,0,1,0,0,0,0,1,122.0,106,0,PhD,0.05701364949915358
70053.0,0,1,38,512,53,98,81,179,89,3,8,5,10,5,0,0,0,0,0,0,3,11,0,55,2520,0,1,0,0,0,0,0,0,1,0,923.0,834,0,Master,0.15545591398392733
71670.0,0,0,8,1462,16,128,0,0,160,1,5,3,6,6,0,1,1,0,1,0,3,11,1,58,2514,0,0,0,0,1,0,0,0,0,1,1606.0,1446,3,PhD,0.5990609155737264
44359.0,1,1,19,20,0,14,7,3,1,3,2,0,4,3,0,0,0,0,0,0,3,11,0,42,2171,0,1,0,0,0,0,0,1,0,0,44.0,43,0,Graduation,0.12490880206888456
40887.0,1,1,32,50,4,44,10,10,43,3,3,1,3,9,0,0,0,0,0,0,3,11,1,68,2578,0,0,1,0,0,0,0,1,0,0,118.0,75,0,Graduation,0.10874836800589778
48877.0,0,1,27,102,1,15,2,0,24,1,3,0,4,7,0,0,0,0,0,0,3,11,0,54,2334,1,0,0,0,0,0,0,1,0,0,120.0,96,0,Graduation,0.06678553437502154
74485.0,0,0,58,499,149,815,173,49,49,1,6,7,12,3,0,0,0,0,0,0,3,11,0,73,2468,0,0,0,1,0,0,0,1,0,0,1685.0,1636,0,Graduation,0.31938917028842884
64474.0,0,1,59,381,35,172,56,86,93,2,8,2,10,5,0,0,0,0,0,0,3,11,0,48,2409,0,0,0,1,0,0,0,1,0,0,730.0,637,0,Graduation,0.07751351673581555
77226.0,0,1,29,631,43,239,128,76,21,2,6,8,12,3,0,0,0,0,0,0,3,11,0,57,2280,0,0,0,1,0,0,0,1,0,0,1117.0,1096,0,Graduation,0.22754364271520275
72643.0,0,0,60,526,80,553,123,94,53,1,3,10,7,2,0,0,0,1,0,0,3,11,1,71,2646,0,0,0,0,1,0,0,1,0,0,1376.0,1323,1,Graduation,0.198509937299396
85738.0,0,0,41,913,26,376,17,26,13,1,3,6,11,1,0,1,1,0,0,0,3,11,0,42,2316,0,0,0,1,0,0,0,0,1,0,1358.0,1345,2,Master,0.2383013694263221
55686.0,0,1,27,673,0,199,37,47,26,2,6,3,5,4,1,0,0,0,0,0,3,11,0,54,2659,1,0,0,0,0,0,0,1,0,0,956.0,930,1,Graduation,0.25620318250636026
39062.0,1,0,28,23,0,9,0,0,12,1,1,0,3,4,1,0,0,0,0,0,3,11,0,37,2255,0,0,1,0,0,0,0,1,0,0,32.0,20,1,Graduation,0.11144215029968361
34600.0,1,1,8,199,33,60,8,3,15,5,5,2,5,8,0,0,0,0,0,0,3,11,1,49,2703,0,0,0,1,0,0,0,1,0,0,303.0,288,0,Graduation,0.275258557796852
40794.0,0,1,18,261,23,73,4,23,50,2,6,3,5,7,0,0,0,0,0,0,3,11,0,45,2607,0,1,0,0,0,0,0,1,0,0,384.0,334,0,Graduation,0.15503219370034213
54690.0,1,1,76,111,16,37,7,9,18,3,3,1,5,3,0,0,0,0,0,0,3,11,0,49,2393,0,1,0,0,0,1,0,0,0,0,180.0,162,0,2n Cycle,0.03581482915113977
4428.0,0,1,0,16,4,12,2,4,321,0,25,0,0,1,0,0,0,0,0,0,3,11,0,51,2426,0,1,0,0,0,0,0,1,0,0,38.0,-283,0,Graduation,0.22311685457932678
32632.0,0,0,32,63,151,137,153,19,53,2,4,4,8,5,0,0,0,0,0,0,3,11,0,57,2855,0,1,0,0,0,1,0,0,0,0,523.0,470,0,2n Cycle,0.16519733721708105
38236.0,1,1,2,58,0,18,2,0,10,4,3,0,4,7,0,0,0,0,0,0,3,11,0,52,2441,0,0,1,0,0,0,0,0,0,1,78.0,68,0,PhD,0.20440291733498908
36781.0,1,0,16,29,1,17,0,3,13,1,2,1,2,8,0,0,0,0,0,0,3,11,1,41,2239,0,1,0,0,0,0,0,1,0,0,50.0,37,0,Graduation,0.15349932878750713
31385.0,1,0,56,3,2,12,0,1,9,1,1,0,2,8,1,0,0,0,0,0,3,11,1,36,2730,0,0,1,0,0,0,0,0,1,0,18.0,9,1,Master,0.06670708894702204
24570.0,1,0,97,28,34,62,11,14,44,3,4,0,4,9,0,0,0,0,0,0,3,11,0,36,2646,0,1,0,0,0,0,0,1,0,0,149.0,105,0,Graduation,0.03754678433993201
25509.0,1,0,15,40,3,30,10,7,11,3,3,0,3,9,0,0,0,0,0,0,3,11,1,46,2808,1,0,0,0,0,0,0,0,0,1,90.0,79,0,PhD,0.19981433582710845
58646.0,0,1,3,62,1,44,6,5,22,1,2,1,4,4,0,0,0,0,0,0,3,11,0,58,2543,0,1,0,0,0,0,0,0,1,0,118.0,96,0,Master,0.09498434036386848
53201.0,1,1,49,280,7,81,20,0,27,8,6,3,5,7,0,0,0,0,0,0,3,11,0,45,2661,0,0,1,0,0,0,0,1,0,0,388.0,361,0,Graduation,0.10290602480575314
21994.0,0,1,4,9,0,6,3,1,3,1,0,0,3,5,0,0,0,0,0,0,3,11,0,63,2711,0,0,0,1,0,0,0,1,0,0,19.0,16,0,Graduation,0.146613997399704
57113.0,1,1,45,182,4,33,0,2,42,6,4,1,5,7,0,0,0,0,0,0,3,11,0,42,2667,0,1,0,0,0,0,0,1,0,0,221.0,179,0,Graduation,0.07732216009339661
51373.0,0,0,37,83,2,101,64,26,117,1,3,5,3,4,0,0,0,0,0,0,3,11,0,29,2531,0,1,0,0,0,0,0,1,0,0,276.0,159,0,Graduation,0.07180210332117434
23477.0,1,0,39,38,15,54,3,8,29,3,3,0,4,8,0,0,0,0,0,0,3,11,0,34,2410,0,1,0,0,0,0,0,1,0,0,118.0,89,0,Graduation,0.13541885418788238
58116.0,0,1,38,228,19,130,4,11,51,2,3,3,8,2,0,0,0,0,0,0,3,11,0,64,2236,0,1,0,0,0,0,0,1,0,0,392.0,341,0,Graduation,0.07185097367766981
72968.0,0,0,8,1092,37,592,145,37,55,1,5,5,8,3,0,0,0,1,0,0,3,11,1,57,2354,1,0,0,0,0,0,0,0,0,1,1903.0,1848,1,PhD,0.7279696529507758
39791.0,0,1,89,85,15,27,13,13,21,2,3,1,4,7,0,0,0,0,0,0,3,11,0,49,2617,0,1,0,0,0,0,0,0,1,0,153.0,132,0,Master,0.01977846588135162
91712.0,0,0,47,1276,24,746,94,29,48,0,9,7,11,3,0,0,1,0,0,0,3,11,1,73,2414,0,0,1,0,0,0,0,0,1,0,2169.0,2121,1,Master,0.5396652101418807
13672.0,1,1,86,6,2,9,2,1,5,2,1,0,3,8,0,0,0,0,0,0,3,11,0,60,2597,0,0,0,1,0,0,0,1,0,0,20.0,15,0,Graduation,0.04426482250159578
79205.0,0,0,73,504,23,117,179,28,44,1,6,5,4,4,0,0,0,1,0,0,3,11,1,45,2828,0,1,0,0,0,0,0,1,0,0,851.0,807,1,Graduation,0.05411263672472145
56559.0,0,1,46,226,22,133,41,31,31,3,4,3,8,4,0,0,0,0,0,0,3,11,0,45,2710,0,0,0,1,0,0,0,0,0,1,453.0,422,0,PhD,0.07189190555484645
32644.0,1,0,38,239,3,141,0,7,23,4,7,1,6,8,1,0,0,0,0,0,3,11,0,47,2688,0,1,0,0,0,0,0,0,0,1,390.0,367,1,PhD,0.18463902091077372
67506.0,0,1,73,90,38,67,33,36,67,1,4,1,6,3,0,0,0,0,0,0,3,11,0,40,2337,0,0,1,0,0,1,0,0,0,0,264.0,197,0,2n Cycle,0.021552681306333168
24206.0,1,0,66,7,2,8,3,2,3,1,1,0,3,6,0,0,0,0,0,0,3,11,0,50,2637,0,0,1,0,0,0,0,1,0,0,22.0,19,0,Graduation,0.05929860052505155
28420.0,1,0,36,4,2,5,2,0,0,1,1,0,2,6,0,0,0,0,0,0,3,11,0,53,2346,1,0,0,0,0,0,0,0,0,1,13.0,13,0,PhD,0.10575483705931597
22979.0,1,0,29,16,17,19,20,21,22,3,3,2,2,8,0,0,0,0,0,0,3,11,1,50,2820,0,1,0,0,0,0,0,1,0,0,93.0,71,0,Graduation,0.1565413700954455
33279.0,0,0,29,10,3,3,0,0,0,1,0,0,3,3,0,0,0,0,0,0,3,11,0,54,2176,0,0,1,0,0,0,0,1,0,0,16.0,16,0,Graduation,0.06992779949782583
46423.0,1,1,6,68,0,16,0,0,8,3,2,0,4,7,0,0,0,0,0,0,3,11,0,48,2443,0,0,1,0,0,0,0,0,1,0,84.0,76,0,Master,0.16804390989742618
30368.0,0,1,97,35,0,13,2,0,2,2,2,0,3,8,0,0,0,0,0,0,3,11,0,43,2393,0,1,0,0,0,0,0,1,0,0,50.0,48,0,Graduation,0.01615405915301099
63684.0,0,1,61,575,80,428,208,93,80,3,8,4,8,5,0,0,0,0,0,0,3,11,0,50,2739,0,1,0,0,0,0,0,1,0,0,1384.0,1304,0,Graduation,0.23522337379696964
41638.0,0,1,68,315,0,31,4,0,91,4,5,5,3,8,1,0,0,0,0,0,3,11,0,56,2660,1,0,0,0,0,0,0,1,0,0,350.0,259,1,Graduation,0.04580656500620958
68805.0,0,1,73,182,2,49,17,13,20,1,3,1,7,2,0,0,0,0,0,0,3,11,0,61,2444,1,0,0,0,0,0,0,0,0,1,263.0,243,0,PhD,0.020042146494154527
65814.0,0,1,90,561,14,113,10,14,35,3,8,2,10,5,0,0,0,0,0,0,3,11,0,54,2278,0,0,0,1,0,0,0,0,0,1,712.0,677,0,PhD,0.03502351435680926
71964.0,0,0,81,587,51,932,180,34,86,1,5,6,5,3,0,0,0,0,0,0,3,11,0,62,2564,1,0,0,0,0,0,0,1,0,0,1784.0,1698,0,Graduation,0.2600192437083452
39146.0,1,0,1,94,1,33,13,12,12,3,4,0,4,8,0,0,0,0,0,0,3,11,0,34,2659,0,0,1,0,0,0,0,1,0,0,153.0,141,0,Graduation,0.2387169295928119
34445.0,0,0,92,228,122,122,208,129,30,6,11,2,8,9,0,0,0,0,0,0,3,11,0,39,2677,0,1,0,0,0,0,1,0,0,0,809.0,779,0,Basic,0.0752382122924666
68281.0,0,0,31,995,112,417,42,48,41,1,2,9,13,5,0,0,0,0,0,0,3,11,1,62,2850,0,0,1,0,0,0,0,1,0,0,1614.0,1573,0,Graduation,0.47768975659394963
37284.0,1,1,46,11,1,2,2,1,6,1,0,0,3,6,0,0,0,0,0,0,3,11,0,45,2616,0,1,0,0,0,1,0,0,0,0,17.0,11,0,2n Cycle,0.07365797771151528
36790.0,0,0,14,3,3,14,15,21,10,1,2,1,2,9,0,0,0,0,0,0,3,11,1,37,2644,0,1,0,0,0,0,0,1,0,0,56.0,46,0,Graduation,0.10251702413762036
27943.0,1,1,89,12,1,16,4,1,3,3,2,0,3,8,0,0,0,0,0,0,3,11,0,53,2599,0,0,0,1,0,0,0,1,0,0,34.0,31,0,Graduation,0.032717828538419785
22263.0,1,1,31,17,0,2,0,0,2,2,1,0,3,6,0,0,0,0,0,1,3,11,0,69,2250,1,0,0,0,0,0,0,1,0,0,19.0,17,0,Graduation,0.12874537155334434
30261.0,1,2,75,8,0,5,0,3,6,1,0,0,3,8,0,0,0,0,0,0,3,11,0,48,2801,0,0,0,1,0,0,0,1,0,0,16.0,10,0,Graduation,0.04253202678258827
28587.0,1,0,42,22,4,17,12,10,13,3,2,0,4,6,0,0,0,0,0,0,3,11,0,42,2296,0,0,0,1,0,0,0,1,0,0,65.0,52,0,Graduation,0.1038275825030092
43815.0,1,0,53,14,10,29,4,7,15,1,2,0,3,6,0,0,0,0,0,0,3,11,0,38,2609,0,1,0,0,0,0,0,0,1,0,64.0,49,0,Master,0.06163886164298182
48195.0,1,1,53,106,27,68,52,7,5,6,4,2,5,6,0,0,0,0,0,0,3,11,0,64,2318,0,1,0,0,0,0,0,1,0,0,260.0,255,0,Graduation,0.07818883042066037
77027.0,0,1,23,820,57,242,45,0,11,2,8,3,6,4,0,0,0,0,0,0,3,11,0,68,2303,0,1,0,0,0,0,0,0,1,0,1164.0,1153,0,Master,0.2691584062723171
71322.0,0,1,57,753,43,226,69,10,204,2,8,5,13,4,0,0,0,0,0,0,3,11,0,55,2657,0,1,0,0,0,0,0,0,0,1,1101.0,897,0,PhD,0.13922160431288855
32765.0,1,0,49,13,3,17,7,3,3,2,2,0,4,5,0,0,0,0,0,0,3,11,0,41,2285,0,1,0,0,0,0,0,0,1,0,43.0,40,0,Master,0.07917249217386682
29672.0,1,1,6,9,1,3,0,4,8,1,0,0,3,6,0,0,0,0,0,0,3,11,0,55,2633,0,0,0,1,0,0,0,1,0,0,17.0,9,0,Graduation,0.1949940713258555
23272.0,0,0,29,19,3,6,4,2,12,1,1,0,3,4,0,0,0,0,0,0,3,11,0,67,2414,1,0,0,0,0,0,0,1,0,0,34.0,22,0,Graduation,0.08469422325693485
49912.0,0,1,5,520,8,223,32,49,42,4,10,5,7,8,1,0,0,0,0,0,3,11,1,71,2819,0,0,0,1,0,0,0,0,1,0,832.0,790,1,Master,0.33180469540892027
7500.0,1,0,98,5,17,17,13,14,34,4,2,1,3,9,0,0,0,0,0,0,3,11,0,35,2856,0,0,0,1,0,1,0,0,0,0,66.0,32,0,2n Cycle,0.04329261256181809
68117.0,0,1,80,618,44,215,0,17,36,2,11,8,4,6,1,0,0,0,0,0,3,11,1,73,2635,0,0,0,0,1,0,0,0,0,1,894.0,858,1,PhD,0.05807665397336466
67225.0,0,1,4,315,35,322,46,7,143,3,7,2,11,5,0,0,0,0,0,0,3,11,0,65,2374,0,1,0,0,0,0,0,1,0,0,725.0,582,0,Graduation,0.22691571901921245
17649.0,1,0,70,15,1,23,0,5,1,3,3,0,3,8,0,0,0,0,0,0,3,11,0,44,2388,0,1,0,0,0,0,0,1,0,0,44.0,43,0,Graduation,0.0645483462429984
55914.0,0,1,32,384,60,364,119,101,232,4,11,6,8,7,0,0,0,0,0,0,3,11,0,45,2585,0,0,0,1,0,0,0,1,0,0,1028.0,796,0,Graduation,0.26375943078034886
40059.0,1,0,82,110,29,92,28,10,145,1,6,2,3,8,1,0,0,0,0,0,3,11,0,36,2433,0,1,0,0,0,0,0,1,0,0,269.0,124,1,Graduation,0.050281482020441984
60905.0,0,1,27,208,17,76,36,17,38,2,3,3,7,2,0,0,0,0,0,0,3,11,0,70,2365,0,0,0,1,0,0,0,1,0,0,354.0,316,0,Graduation,0.08059096298190849
75330.0,1,1,94,555,82,257,93,61,61,4,10,3,12,6,0,0,0,0,0,0,3,11,0,43,2792,0,1,0,0,0,0,0,1,0,0,1048.0,987,0,Graduation,0.08614716799525554
60689.0,0,1,23,240,90,216,63,6,24,4,4,4,10,3,0,0,0,0,0,0,3,11,0,69,2552,0,0,1,0,0,0,0,1,0,0,615.0,591,0,Graduation,0.14228243300065505
38680.0,1,0,97,11,0,36,15,5,12,1,2,0,3,7,0,0,0,0,0,0,3,11,0,36,2617,0,1,0,0,0,0,0,1,0,0,67.0,55,0,Graduation,0.024301814382881995
61416.0,0,0,25,848,154,323,201,61,78,1,10,3,10,6,1,0,0,0,0,0,3,11,0,38,2665,0,0,0,1,0,0,0,1,0,0,1587.0,1509,1,Graduation,0.5480822666620874
49767.0,0,0,92,202,47,197,55,42,149,1,5,4,8,4,0,0,0,0,0,0,3,11,0,29,2582,0,0,1,0,0,0,0,1,0,0,543.0,394,0,Graduation,0.03437557213658959
83273.0,1,2,98,433,89,650,16,102,102,10,4,6,9,7,0,0,0,0,0,0,3,11,0,50,2801,0,0,1,0,0,0,0,1,0,0,1290.0,1188,0,Graduation,0.10530359496429016
29009.0,1,0,19,6,6,15,10,5,2,2,2,0,3,6,0,0,0,0,0,0,3,11,0,39,2371,0,1,0,0,0,0,0,1,0,0,42.0,40,0,Graduation,0.16270513508512835
45057.0,1,0,80,37,0,7,3,0,3,1,2,0,3,5,0,0,0,0,0,0,3,11,0,41,2369,0,1,0,0,0,0,0,0,1,0,47.0,44,0,Master,0.03067126134641755
37150.0,1,0,80,167,37,64,49,34,116,8,4,3,6,7,0,0,0,0,0,0,3,11,0,49,2815,0,1,0,0,0,0,0,1,0,0,351.0,235,0,Graduation,0.06341542560771346
43020.0,1,0,79,45,7,99,4,25,43,3,4,1,4,6,0,0,0,0,0,0,3,11,0,50,2370,0,0,1,0,0,0,0,1,0,0,180.0,137,0,Graduation,0.041633858010174364
53154.0,0,1,50,129,0,21,0,1,7,1,3,1,4,4,0,0,0,0,0,0,3,11,0,61,2179,0,1,0,0,0,0,0,1,0,0,151.0,144,0,Graduation,0.037671255799035464
65308.0,0,0,60,713,0,264,120,80,34,1,7,8,12,4,0,0,1,1,0,0,3,11,0,47,2450,0,1,0,0,0,0,0,1,0,0,1177.0,1143,2,Graduation,0.16757797909282912
76467.0,1,0,44,676,161,426,210,44,58,2,2,5,5,6,0,0,0,0,0,0,3,11,1,50,2840,0,0,1,0,0,0,0,1,0,0,1517.0,1459,0,Graduation,0.44726329276220145
81044.0,0,0,0,450,26,535,73,98,26,1,5,6,10,1,0,0,0,0,0,0,3,11,0,73,2343,0,1,0,0,0,1,0,0,0,0,1182.0,1156,0,2n Cycle,0.38052986781886006
32871.0,1,1,28,22,2,12,0,2,5,1,1,0,3,4,0,0,0,0,0,0,3,11,0,69,2636,0,1,0,0,0,0,0,1,0,0,38.0,33,0,Graduation,0.11805913426547875
55801.0,1,1,35,367,4,51,6,4,95,6,7,2,6,7,0,0,0,1,0,0,3,11,0,45,2439,0,0,1,0,0,0,0,1,0,0,432.0,337,1,Graduation,0.14395212621329218
76320.0,0,1,49,526,35,214,69,53,35,2,6,3,4,2,0,0,0,0,0,0,3,11,0,61,2166,0,0,0,0,1,0,0,1,0,0,897.0,862,0,Graduation,0.10392703657957973
36927.0,1,1,46,51,0,16,0,0,4,2,3,0,3,8,0,0,0,0,0,0,3,11,0,65,2186,0,0,1,0,0,0,0,0,1,0,67.0,63,0,Master,0.0782285187849979
48794.0,1,1,97,25,0,11,3,0,15,1,1,0,3,4,0,0,0,0,0,0,3,11,0,67,2162,0,0,0,1,0,0,0,1,0,0,39.0,24,0,Graduation,0.0176417294733788
23478.0,0,0,51,28,6,27,12,17,39,1,3,0,3,8,0,0,0,0,0,0,3,11,0,55,2626,0,0,1,0,0,0,0,1,0,0,90.0,51,0,Graduation,0.05814818237228702
71128.0,1,0,80,958,159,447,20,0,31,3,2,10,12,7,0,0,0,0,0,0,3,11,0,47,2790,1,0,0,0,0,0,0,1,0,0,1584.0,1553,0,Graduation,0.2999169854346022
70179.0,0,1,10,532,88,168,69,44,133,3,7,3,13,5,0,0,0,0,0,0,3,11,0,44,2502,1,0,0,0,0,0,0,0,0,1,901.0,768,0,PhD,0.2637296522921628
59462.0,0,1,29,724,17,143,0,8,196,2,9,2,12,7,0,0,0,0,0,0,3,11,0,70,2699,0,1,0,0,0,0,0,1,0,0,892.0,696,0,Graduation,0.2048558905669632
38361.0,1,0,74,39,0,56,20,8,14,3,3,1,3,7,0,0,0,0,0,0,3,11,0,51,2343,0,0,0,1,0,0,0,1,0,0,123.0,109,0,Graduation,0.04569424238533889
70038.0,0,0,54,587,54,348,71,54,130,1,4,4,8,2,0,0,0,0,0,0,3,11,0,38,2406,0,0,0,1,0,0,0,0,0,1,1114.0,984,0,PhD,0.15998277219384033
42554.0,1,1,93,29,1,11,0,0,0,2,2,0,3,4,0,0,0,0,0,0,3,11,0,42,2692,0,0,0,1,0,0,0,1,0,0,41.0,41,0,Graduation,0.023254822754029923
67445.0,0,1,63,757,80,217,29,80,11,5,9,6,12,6,0,0,0,0,0,0,3,11,0,46,2845,0,1,0,0,0,0,0,1,0,0,1163.0,1152,0,Graduation,0.14859160668682816
67046.0,0,1,92,544,35,133,23,151,107,2,4,5,4,2,0,0,0,0,0,0,3,11,0,69,2698,0,0,0,0,1,0,0,1,0,0,886.0,779,0,Graduation,0.0444635875044465
42192.0,0,0,40,40,15,15,17,6,7,1,2,1,3,4,0,0,0,0,0,0,3,11,0,72,2455,0,1,0,0,0,0,0,1,0,0,93.0,86,0,Graduation,0.0512437046811925
77610.0,0,1,70,1245,33,332,21,33,16,2,4,7,4,7,0,0,0,0,0,0,3,11,0,68,2767,0,1,0,0,0,0,0,0,0,1,1664.0,1648,0,PhD,0.241219316058978
31761.0,1,0,96,19,1,20,16,14,28,2,3,0,4,5,0,0,0,0,0,0,3,11,0,36,2244,0,1,0,0,0,0,0,1,0,0,70.0,42,0,Graduation,0.02863841490838454
34350.0,1,0,81,16,3,15,2,1,11,1,1,0,3,7,0,0,0,0,0,0,3,11,0,41,2412,0,0,0,1,0,0,0,1,0,0,37.0,26,0,Graduation,0.036093778681765804
54591.0,0,1,63,376,4,94,12,9,24,3,6,2,8,5,0,0,0,0,0,0,3,11,0,71,2487,0,0,0,1,0,0,0,1,0,0,495.0,471,0,Graduation,0.05173123074917749
71866.0,0,1,85,184,178,178,103,39,33,1,6,3,10,3,0,0,0,0,0,0,3,11,0,64,2345,0,1,0,0,0,0,0,1,0,0,682.0,649,0,Graduation,0.0323897954653984
25293.0,1,0,51,15,0,11,0,2,9,1,1,1,2,8,0,0,0,0,0,0,3,11,0,51,2446,0,1,0,0,0,0,0,1,0,0,28.0,19,0,Graduation,0.08267279329820044
42000.0,0,0,23,124,83,267,85,59,35,2,5,2,11,5,0,0,0,0,0,0,3,11,1,33,2694,0,0,1,0,0,0,0,0,0,1,618.0,583,0,PhD,0.20776086658711865
69520.0,0,0,95,627,120,414,121,80,93,1,9,6,5,5,0,0,0,0,0,0,3,11,0,37,2516,0,1,0,0,0,0,0,1,0,0,1362.0,1269,0,Graduation,0.10449435310176361
64713.0,1,0,11,180,60,241,13,54,54,2,5,5,7,4,0,0,0,0,0,0,3,11,1,50,2301,1,0,0,0,0,0,0,1,0,0,548.0,494,0,Graduation,0.24156730350333921
27889.0,1,0,42,14,0,4,0,0,8,1,1,1,2,6,0,0,0,0,0,0,3,11,0,43,2518,0,1,0,0,0,0,0,0,1,0,18.0,10,0,Master,0.0962448526010878
22123.0,0,0,77,3,3,24,34,7,31,1,2,1,3,5,0,0,0,0,0,0,3,11,0,60,2253,0,0,0,0,1,0,1,0,0,0,71.0,40,0,Basic,0.030846316362886816
27803.0,1,0,40,8,26,46,38,9,49,2,3,0,4,8,0,0,0,0,0,0,3,11,0,47,2831,0,1,0,0,0,0,0,1,0,0,127.0,78,0,Graduation,0.12185534013240423
51651.0,0,1,32,293,6,23,13,6,92,4,6,2,5,8,0,0,0,0,0,0,3,11,0,60,2758,0,1,0,0,0,0,0,1,0,0,341.0,249,0,Graduation,0.08491085500484835
68487.0,0,0,48,758,12,385,33,89,89,1,9,7,13,4,0,0,0,0,0,0,3,11,0,32,2691,0,1,0,0,0,0,0,1,0,0,1277.0,1188,0,Graduation,0.24347059120270492
56796.0,0,1,24,656,38,161,62,47,37,3,8,9,7,7,0,0,0,0,0,0,3,11,0,51,2657,0,1,0,0,0,0,0,1,0,0,964.0,927,0,Graduation,0.27068289312957283
87000.0,0,0,61,196,25,607,67,17,49,1,4,6,7,2,0,0,0,0,0,0,3,11,0,28,2720,0,1,0,0,0,1,0,0,0,0,912.0,863,0,2n Cycle,0.0718139263219156
79823.0,0,1,6,835,73,380,114,73,43,1,6,9,7,2,0,1,0,0,0,0,3,11,0,61,2249,0,1,0,0,0,0,0,1,0,0,1475.0,1432,1,Graduation,0.5035347720067099
30828.0,1,0,16,16,11,15,2,0,12,2,1,1,4,3,0,0,0,0,0,0,3,11,0,40,2427,0,0,1,0,0,0,0,1,0,0,44.0,32,0,Graduation,0.16814964232273993
34109.0,0,1,39,9,1,5,2,1,4,1,0,0,3,4,0,0,0,0,0,0,3,11,0,49,2394,0,1,0,0,0,0,0,0,1,0,18.0,14,0,Master,0.05544614235796596
53367.0,1,1,2,229,7,140,10,3,11,7,5,1,8,7,0,0,0,0,0,0,3,11,1,46,2461,1,0,0,0,0,0,0,0,1,0,389.0,378,0,Master,0.26652101143390067
22390.0,0,0,49,0,1,4,15,1,5,1,1,0,2,7,0,0,0,0,0,0,3,11,0,51,2410,0,0,0,1,0,0,1,0,0,0,21.0,16,0,Basic,0.054886576310932314
71322.0,0,1,31,121,24,124,24,15,42,1,4,1,7,2,0,0,0,0,0,0,3,11,0,44,2217,0,0,0,1,0,0,0,1,0,0,308.0,266,0,Graduation,0.05857646196572135
79244.0,0,0,58,471,102,125,212,61,245,1,4,10,7,1,0,0,1,1,0,0,3,11,1,27,2716,0,0,1,0,0,0,0,1,0,0,971.0,726,2,Graduation,0.0990297213500789
49912.0,0,1,5,520,8,223,32,49,42,4,10,5,7,8,1,0,0,0,0,0,3,11,1,71,2819,0,0,0,1,0,0,0,0,1,0,832.0,790,1,Master,0.33180469540892027
48699.0,1,1,90,26,1,10,2,0,1,1,1,0,3,5,0,0,0,0,0,0,3,11,0,70,2563,0,1,0,0,0,0,0,0,0,1,39.0,38,0,PhD,0.020792215452036016
80144.0,0,0,47,240,132,445,250,192,108,1,3,7,8,1,0,0,0,0,0,0,3,11,0,45,2431,0,0,0,1,0,0,0,1,0,0,1259.0,1151,0,Graduation,0.196722759148752
54252.0,1,1,25,178,4,26,8,4,44,5,4,1,5,6,0,0,0,0,0,0,3,11,0,64,2556,0,0,1,0,0,0,0,1,0,0,220.0,176,0,Graduation,0.1212474401063256
81929.0,1,0,60,1486,55,278,49,0,185,2,4,4,10,6,1,0,1,0,0,0,3,11,1,44,2797,0,1,0,0,0,0,0,0,1,0,1868.0,1683,2,Master,0.5039111410716217
76068.0,0,1,67,1115,12,128,33,12,76,1,2,3,4,6,0,1,0,0,1,0,3,11,0,45,2736,0,1,0,0,0,0,0,1,0,0,1300.0,1224,2,Graduation,0.15007040557165863
53204.0,1,1,40,29,0,8,2,0,6,1,1,0,3,4,0,0,0,0,0,0,3,11,0,44,2260,0,1,0,0,0,0,0,0,1,0,39.0,33,0,Master,0.0657187090553984
67911.0,0,1,63,529,0,356,63,28,0,3,6,7,11,3,0,0,0,0,0,0,3,11,0,71,2197,0,0,0,1,0,0,0,0,0,1,976.0,976,0,PhD,0.10047941288954805
14796.0,1,0,1,13,3,8,7,4,16,2,1,0,3,9,0,0,0,0,0,0,3,11,1,36,2809,0,1,0,0,0,1,0,0,0,0,35.0,19,0,2n Cycle,0.2850189032522435
78128.0,0,1,89,934,24,230,16,24,36,2,8,4,6,3,0,1,1,0,0,0,3,11,0,46,2289,0,1,0,0,0,0,0,0,0,1,1228.0,1192,2,PhD,0.07830068657888116
14188.0,0,0,40,2,7,11,16,12,27,1,2,0,4,6,0,0,0,0,0,0,3,11,0,48,2645,0,1,0,0,0,0,1,0,0,0,48.0,21,0,Basic,0.08322258311806656
20425.0,1,0,5,4,12,5,3,16,17,2,2,0,3,7,0,0,0,0,0,0,3,11,0,34,2767,0,1,0,0,0,0,1,0,0,0,40.0,23,0,Basic,0.24680724461793221
58646.0,0,1,3,62,1,44,6,5,22,1,2,1,4,4,0,0,0,0,0,0,3,11,0,58,2543,0,1,0,0,0,0,0,0,1,0,118.0,96,0,Master,0.09498434036386848
72967.0,0,1,1,158,35,179,0,0,125,2,7,2,8,5,1,0,0,0,0,0,3,11,1,50,2720,1,0,0,0,0,0,0,1,0,0,372.0,247,1,Graduation,0.12409461409822081
48150.0,0,1,24,173,2,39,3,2,47,3,5,1,4,7,0,0,0,0,0,0,3,11,0,71,2545,0,1,0,0,0,0,0,0,1,0,219.0,172,0,Master,0.0843899792457561
82332.0,0,0,89,830,59,968,51,79,19,1,5,3,12,2,0,0,1,0,0,0,3,11,1,59,2809,0,0,1,0,0,0,0,1,0,0,1987.0,1968,1,Graduation,0.26342191792857783
58275.0,1,1,48,189,10,253,56,43,64,6,8,2,7,7,0,0,0,0,0,0,3,11,0,65,2551,0,0,0,0,1,0,0,1,0,0,551.0,487,0,Graduation,0.1242147793141919
44953.0,0,0,31,728,17,133,11,8,124,1,7,3,13,6,1,0,0,0,0,0,3,11,0,39,2714,0,0,0,1,0,0,0,0,0,1,897.0,773,1,PhD,0.26159439394917583
34587.0,1,1,68,7,2,9,2,0,2,2,1,0,3,4,0,0,0,0,0,0,3,11,0,67,2203,0,0,0,1,0,0,0,1,0,0,20.0,18,0,Graduation,0.04471404664759494
43018.0,0,1,46,35,4,17,7,6,64,1,2,2,2,5,0,0,0,0,0,0,3,11,0,46,2399,0,0,0,1,0,0,0,0,1,0,69.0,5,0,Master,0.04417653442717925
45736.0,0,1,92,188,3,180,20,3,43,5,7,1,6,7,0,0,0,0,0,0,3,11,0,66,2499,0,1,0,0,0,0,0,0,1,0,394.0,351,0,Master,0.025559577535650024
66476.0,0,1,80,742,28,152,25,9,57,2,6,8,10,4,0,0,0,0,0,0,3,11,0,51,2366,0,0,0,1,0,0,0,0,1,0,956.0,899,0,Master,0.0705432416086895
27733.0,1,0,16,0,7,5,26,2,17,2,2,0,3,7,0,0,0,0,0,0,3,11,0,39,2466,0,1,0,0,0,1,0,0,0,0,40.0,23,0,2n Cycle,0.17608969902827465
69805.0,0,1,50,750,71,174,13,10,20,2,6,8,11,2,0,0,0,0,0,0,3,11,0,68,2318,0,0,0,1,0,0,0,0,0,1,1018.0,998,0,PhD,0.13974413771263638
72217.0,0,0,93,816,42,450,55,56,154,1,3,10,8,2,0,0,0,0,0,0,3,11,0,58,2604,0,0,1,0,0,0,0,0,1,0,1419.0,1265,0,Master,0.11079137021845689
25818.0,1,0,51,5,2,8,2,2,9,1,0,1,2,7,0,0,0,0,0,0,3,11,0,49,2778,1,0,0,0,0,0,0,1,0,0,19.0,10,0,Graduation,0.08083840060387665
37509.0,1,0,24,37,5,56,12,8,5,2,3,0,4,7,0,0,0,0,0,0,3,11,0,44,2814,0,0,0,1,0,0,0,0,1,0,118.0,113,0,Master,0.14349882347362036
25176.0,1,1,79,4,0,4,0,0,5,1,1,0,2,7,0,0,0,0,0,0,3,11,0,44,2482,0,0,0,1,0,1,0,0,0,0,8.0,3,0,2n Cycle,0.04234579557341582
43586.0,0,1,26,99,2,11,4,0,16,3,3,0,4,8,0,0,0,0,0,0,3,11,0,40,2827,0,1,0,0,0,0,0,1,0,0,116.0,100,0,Graduation,0.07695939565235829
53230.0,0,1,86,176,72,98,136,21,229,4,5,2,12,5,0,0,0,0,0,0,3,11,0,64,2854,0,1,0,0,0,1,0,0,0,0,503.0,274,0,2n Cycle,0.03181087371580744
50116.0,1,1,68,54,0,10,0,0,2,2,1,0,4,5,0,1,0,0,0,0,3,11,0,63,2168,0,0,0,1,0,0,0,1,0,0,64.0,62,1,Graduation,0.03652276688328403
84906.0,0,0,98,997,15,414,99,30,76,1,5,6,12,2,0,1,1,0,1,0,3,11,0,48,2427,0,0,0,1,0,0,0,1,0,0,1555.0,1479,3,Graduation,0.10350157418306741
61286.0,0,1,34,356,0,107,19,9,117,2,7,1,8,5,0,0,0,0,0,0,3,11,0,54,2490,0,1,0,0,0,0,0,1,0,0,491.0,374,0,Graduation,0.09119109822081181
82333.0,0,0,60,1311,0,359,46,89,17,1,4,3,10,2,0,0,1,0,0,0,3,11,1,34,2615,0,1,0,0,0,0,0,0,0,1,1805.0,1788,1,PhD,0.3472234768143656
65220.0,0,0,3,890,63,292,0,25,12,4,8,4,7,6,0,0,0,0,0,0,3,11,1,55,2823,0,0,0,1,0,0,0,0,0,1,1270.0,1258,0,PhD,0.49341672254056756
33590.0,2,1,65,4,0,2,0,0,2,1,1,0,2,7,0,0,0,0,0,0,3,11,0,46,2397,0,0,0,1,0,0,0,1,0,0,6.0,4,0,Graduation,0.08180268692935276
30992.0,1,0,83,17,0,14,7,3,2,1,1,0,3,7,0,0,0,0,0,0,3,11,0,44,2592,1,0,0,0,0,0,0,1,0,0,41.0,39,0,Graduation,0.03677071044129908
72309.0,0,0,64,960,0,883,50,38,0,1,5,6,8,3,0,0,0,1,0,0,3,11,1,44,2634,0,0,1,0,0,0,0,0,1,0,1931.0,1931,1,Master,0.4268731120935653
16005.0,1,0,69,1,3,2,20,30,47,3,2,1,2,8,0,0,0,0,0,0,3,11,0,40,2843,0,1,0,0,0,0,1,0,0,0,56.0,9,0,Basic,0.07024568306447618
65487.0,0,0,48,240,67,500,199,0,163,3,3,5,6,2,0,0,0,0,0,0,3,11,0,63,2329,0,0,1,0,0,0,0,0,1,0,1006.0,843,0,Master,0.15503835328411075
58692.0,0,1,21,301,11,61,4,7,11,1,8,2,4,7,0,0,0,0,0,0,3,11,0,55,2243,0,1,0,0,0,0,0,1,0,0,384.0,373,0,Graduation,0.10449126657099209
40590.0,1,1,30,154,0,50,6,11,37,5,3,4,3,6,1,0,0,0,0,0,3,11,0,51,2429,0,0,0,0,1,0,0,1,0,0,221.0,184,1,Graduation,0.1417683131257003
20587.0,1,0,39,2,3,6,4,1,9,1,1,1,2,7,0,0,0,0,0,0,3,11,0,50,2208,0,0,1,0,0,0,0,1,0,0,16.0,7,0,Graduation,0.11508735485265326
62637.0,0,1,76,104,12,48,4,12,5,1,2,2,5,2,0,0,0,0,0,0,3,11,0,66,2279,1,0,0,0,0,0,0,0,1,0,180.0,175,0,Master,0.017618365643235146
29435.0,1,1,11,70,3,37,4,2,64,4,3,2,2,9,0,0,0,0,0,0,3,11,1,54,2851,1,0,0,0,0,0,0,0,1,0,116.0,52,0,Master,0.2088572634436261
19346.0,1,0,26,2,0,9,3,6,2,1,1,0,3,8,0,0,0,0,0,0,3,11,0,46,2309,1,0,0,0,0,0,0,1,0,0,20.0,18,0,Graduation,0.15733339128394333
35788.0,1,1,34,23,2,11,3,1,4,2,2,0,3,6,0,0,0,0,0,0,3,11,0,49,2316,0,1,0,0,0,0,0,1,0,0,40.0,36,0,Graduation,0.10260864787437896
36997.0,1,1,72,43,4,12,8,0,27,5,2,1,4,5,0,0,0,0,0,0,3,11,0,52,2672,1,0,0,0,0,0,0,1,0,0,67.0,40,0,Graduation,0.04397494699246454
23539.0,0,0,13,4,24,11,16,1,25,1,2,0,4,6,0,0,0,0,0,0,3,11,0,63,2280,0,1,0,0,0,0,0,1,0,0,56.0,31,0,Graduation,0.12585617760273782
65333.0,0,1,58,654,7,92,0,15,30,7,9,4,8,6,0,1,1,0,0,0,3,11,0,47,2322,0,0,1,0,0,0,0,1,0,0,768.0,738,2,Graduation,0.0839892085149244
78499.0,0,0,12,912,72,170,47,36,97,1,11,3,4,4,0,0,1,0,0,0,3,11,1,63,2377,0,0,1,0,0,0,0,1,0,0,1237.0,1140,1,Graduation,0.3549167134696509
29732.0,1,0,23,25,0,8,0,1,4,1,2,0,2,9,0,0,0,0,0,0,3,11,0,49,2255,0,0,0,1,0,0,0,0,0,1,34.0,30,0,PhD,0.14314133185296268
41275.0,1,2,33,24,4,22,0,2,9,4,3,1,3,5,0,0,0,0,0,0,3,11,0,60,2256,0,0,0,1,0,0,0,0,1,0,52.0,43,0,Master,0.09508472293103325
63516.0,1,1,30,141,11,114,15,14,5,4,4,1,7,5,0,0,0,0,0,0,3,11,0,47,2517,0,0,0,1,0,0,0,0,0,1,295.0,290,0,PhD,0.1093146968660838
42769.0,0,1,15,71,0,13,3,1,0,2,1,1,4,4,0,0,0,0,0,0,3,11,0,58,2419,0,1,0,0,0,0,0,0,0,1,88.0,88,0,PhD,0.09159769772599158
49572.0,1,1,25,35,1,16,0,1,1,2,2,0,3,7,0,0,0,0,0,0,3,11,0,62,2355,0,1,0,0,0,0,0,0,1,0,53.0,52,0,Master,0.09761752936796854
69209.0,0,0,4,496,32,849,229,48,128,2,5,3,6,4,0,0,0,1,0,0,3,11,0,48,2809,0,1,0,0,0,0,0,1,0,0,1654.0,1526,1,Graduation,0.6612972825758935
17148.0,1,0,80,9,9,11,13,10,16,4,3,1,3,8,0,0,0,0,0,0,3,11,0,44,2311,0,1,0,0,0,0,0,1,0,0,52.0,36,0,Graduation,0.05248329024038151
40590.0,1,1,30,154,0,50,6,11,37,5,3,4,3,6,1,0,0,0,0,0,3,11,0,51,2429,0,0,0,0,1,0,0,1,0,0,221.0,184,1,Graduation,0.1417683131257003
30560.0,1,0,6,9,1,5,4,5,7,1,1,0,3,7,0,0,0,0,0,0,3,11,0,44,2526,0,0,0,1,0,0,0,0,1,0,24.0,17,0,Master,0.19828443840698104
32146.0,1,0,16,26,3,23,4,7,3,2,2,0,4,6,0,0,0,0,0,0,3,11,0,37,2207,0,1,0,0,0,1,0,0,0,0,63.0,60,0,2n Cycle,0.1708431327841436
41713.0,1,1,57,77,8,44,10,10,25,5,3,1,4,6,0,0,0,0,0,0,3,11,0,56,2220,1,0,0,0,0,1,0,0,0,0,149.0,124,0,2n Cycle,0.06626952192882285
34176.0,0,1,9,11,2,7,4,2,2,1,1,0,3,3,0,0,0,0,0,0,3,11,0,45,2317,0,0,0,1,0,0,0,0,1,0,26.0,24,0,Master,0.11171759403804649
58482.0,0,1,59,576,7,115,19,7,7,2,7,4,9,6,0,1,0,0,0,0,3,11,0,65,2268,0,1,0,0,0,0,0,0,0,1,724.0,717,1,PhD,0.08264909590697614
59686.0,0,1,78,89,15,89,34,42,5,1,4,1,6,4,0,0,0,0,0,0,3,11,0,55,2314,0,0,1,0,0,0,0,1,0,0,269.0,264,0,Graduation,0.021764841619591344
60896.0,0,1,90,1013,30,399,60,46,153,3,9,10,4,6,0,0,0,0,0,0,3,11,1,56,2785,0,1,0,0,0,0,0,0,0,1,1548.0,1395,0,PhD,0.18014323135659338
62994.0,1,0,74,224,12,48,4,12,12,1,6,2,4,6,0,0,0,0,0,0,3,11,0,40,2276,0,0,0,1,0,0,0,1,0,0,300.0,288,0,Graduation,0.041313545035080945
47320.0,0,1,10,200,19,111,50,15,19,6,5,1,8,6,0,0,0,0,0,0,3,11,0,63,2491,0,0,0,1,0,0,0,1,0,0,395.0,376,0,Graduation,0.1616360512457435
74859.0,0,0,63,570,73,614,133,102,73,1,6,5,11,3,0,0,0,1,0,0,3,11,0,71,2550,0,0,0,0,1,1,0,0,0,0,1492.0,1419,1,2n Cycle,0.21810292556788052
15253.0,1,0,13,1,3,3,8,1,13,2,1,0,3,7,0,0,0,0,0,0,3,11,0,28,2403,0,0,1,0,0,0,1,0,0,0,16.0,3,0,Basic,0.2235235313301135
31560.0,1,0,98,62,1,20,4,0,7,2,2,1,3,8,0,0,0,0,0,0,3,11,0,46,2529,0,0,1,0,0,0,0,0,0,1,87.0,80,0,PhD,0.027747375403638985
72071.0,0,1,4,531,69,300,150,138,150,3,5,4,8,2,0,0,0,0,0,0,3,11,0,66,2659,1,0,0,0,0,0,0,1,0,0,1188.0,1038,0,Graduation,0.4063239393374978
91172.0,0,0,94,162,28,818,0,28,56,0,4,3,7,3,1,0,1,1,1,0,3,11,1,30,2618,0,0,1,0,0,0,0,0,1,0,1036.0,980,4,Master,0.03895892662565661
90000.0,0,0,91,675,144,133,94,192,241,1,4,8,5,1,1,0,1,1,0,0,3,11,0,36,2347,0,1,0,0,0,0,0,1,0,0,1238.0,997,3,Graduation,0.06244006456025439
41967.0,1,1,66,23,4,10,0,2,15,1,1,0,3,4,0,0,0,0,0,0,3,11,0,39,2377,0,0,1,0,0,0,0,1,0,0,39.0,24,0,Graduation,0.04482486543245772
69263.0,0,1,14,492,5,32,13,5,21,1,9,1,7,6,0,1,0,0,0,0,3,11,0,55,2275,0,0,1,0,0,0,0,1,0,0,547.0,526,1,Graduation,0.13541244489345886
65706.0,0,0,77,918,10,129,13,0,129,1,11,3,12,7,0,1,1,0,1,0,3,11,1,50,2525,1,0,0,0,0,1,0,0,0,0,1070.0,941,3,2n Cycle,0.0949859545897717
60934.0,0,1,41,224,155,155,192,93,54,2,6,4,11,4,0,0,0,0,0,0,3,11,0,45,2322,0,0,0,1,0,0,0,1,0,0,819.0,765,0,Graduation,0.14494545172534748
71965.0,0,1,21,572,19,286,50,38,248,3,6,3,5,3,0,0,0,0,0,0,3,11,0,69,2494,0,1,0,0,0,0,0,1,0,0,965.0,717,0,Graduation,0.2214330467452891
65210.0,0,1,25,626,0,70,0,7,28,2,9,3,8,6,0,1,0,1,0,0,3,11,0,65,2270,0,1,0,0,0,0,0,1,0,0,703.0,675,2,Graduation,0.1483897882509819
79174.0,0,0,2,1074,37,518,193,92,129,1,5,6,7,2,0,0,1,1,0,0,3,11,1,45,2693,0,1,0,0,0,0,0,0,0,1,1914.0,1785,2,PhD,0.7421499805616152
81380.0,0,0,51,741,68,689,224,68,103,1,4,2,10,2,0,0,0,0,0,0,3,11,0,53,2713,1,0,0,0,0,0,0,0,1,0,1790.0,1687,0,Master,0.38620078359734983
48432.0,0,1,3,322,3,50,4,3,42,5,7,1,6,8,0,0,0,0,0,0,3,11,0,47,2778,0,0,1,0,0,0,0,0,0,1,382.0,340,0,PhD,0.1843237715765344
52914.0,0,1,32,254,10,44,30,10,227,2,7,3,3,7,1,0,0,0,0,0,3,11,0,49,2697,0,1,0,0,0,0,0,1,0,0,348.0,121,1,Graduation,0.08595424574925017
38946.0,0,1,84,116,6,82,6,6,41,2,3,1,6,5,0,0,0,0,0,0,3,11,0,65,2407,0,0,0,1,0,0,0,1,0,0,216.0,175,0,Graduation,0.024845437656243387
26067.0,1,0,49,22,2,18,0,2,12,3,3,0,3,8,0,0,0,0,0,0,3,11,0,46,2396,0,1,0,0,0,0,0,1,0,0,44.0,32,0,Graduation,0.08874118256285551
44325.0,0,1,69,516,0,21,0,0,5,4,8,2,7,8,0,1,0,0,0,0,3,11,0,48,2638,0,1,0,0,0,0,0,0,0,1,537.0,532,1,PhD,0.06208626986861399
42523.0,0,0,96,14,36,11,3,26,35,1,1,1,4,2,0,0,0,0,0,0,3,11,0,56,2226,0,1,0,0,0,0,0,1,0,0,90.0,55,0,Graduation,0.01373537062356154
26487.0,1,0,23,2,8,10,12,14,23,3,2,1,3,5,0,0,0,0,0,0,3,11,0,42,2564,0,0,1,0,0,0,1,0,0,0,46.0,23,0,Basic,0.1564570796167657
53233.0,0,1,18,28,0,9,3,0,0,1,1,0,3,4,0,0,0,0,0,0,3,11,0,63,2262,0,1,0,0,0,1,0,0,0,0,40.0,40,0,2n Cycle,0.06382157529060516
67716.0,0,1,8,530,142,217,62,9,56,4,7,4,13,5,0,1,0,0,0,0,3,11,0,60,2694,0,1,0,0,0,0,0,1,0,0,960.0,904,1,Graduation,0.3008734103865833
76234.0,0,1,21,519,50,167,130,0,41,1,8,3,11,3,0,1,0,0,0,0,3,11,0,48,2302,0,1,0,0,0,0,0,0,1,0,866.0,825,1,Master,0.18267683272107968
84117.0,0,0,60,611,76,749,59,45,26,1,7,10,6,2,0,0,1,0,0,0,3,11,0,64,2208,0,1,0,0,0,0,0,0,0,1,1540.0,1514,1,PhD,0.21856522880211196
65487.0,0,0,48,240,67,500,199,0,163,3,3,5,6,2,0,0,0,0,0,0,3,11,0,63,2329,0,0,0,1,0,0,0,0,1,0,1006.0,843,0,Master,0.15503835328411075
25224.0,1,0,36,4,9,12,11,2,8,2,1,1,3,3,0,0,0,0,0,0,3,11,0,48,2264,0,1,0,0,0,0,1,0,0,0,38.0,30,0,Basic,0.11825257436711976
89616.0,0,0,36,671,47,655,145,111,15,1,7,5,12,2,0,0,0,0,0,0,3,11,1,37,2648,0,0,1,0,0,0,0,0,1,0,1629.0,1614,0,Master,0.3654235178213775
40851.0,1,1,63,23,1,7,0,4,24,1,1,1,2,7,0,0,0,0,0,0,3,11,0,49,2652,1,0,0,0,0,0,0,1,0,0,35.0,11,0,Graduation,0.04773085726384835
27469.0,0,0,2,9,1,2,3,2,0,1,0,0,3,6,0,0,0,0,0,0,3,11,0,73,2855,0,1,0,0,0,0,0,1,0,0,17.0,17,0,Graduation,0.13617244664500558
82347.0,0,0,38,556,54,845,202,133,63,1,7,7,10,3,1,0,0,1,0,0,3,11,1,63,2759,0,1,0,0,0,1,0,0,0,0,1790.0,1727,2,2n Cycle,0.45394463886397907
73803.0,0,1,61,833,80,363,52,26,174,2,9,5,6,6,1,0,0,0,0,0,3,11,1,63,2856,0,1,0,0,0,0,0,1,0,0,1354.0,1180,1,Graduation,0.18684250648153844
8820.0,1,1,52,12,0,13,4,2,4,4,3,0,3,8,0,0,0,0,0,0,3,11,0,68,2623,0,0,1,0,0,0,0,0,1,0,31.0,27,0,Master,0.10582232599864827
43322.0,0,0,25,56,7,48,10,2,18,1,3,0,4,7,0,0,0,0,0,0,3,11,0,46,2228,0,0,1,0,0,0,0,1,0,0,123.0,105,0,Graduation,0.07918638592242253
55593.0,0,1,63,293,8,124,11,4,106,2,6,6,3,6,1,0,0,0,0,0,3,11,0,47,2471,0,0,0,1,0,0,0,1,0,0,440.0,334,1,Graduation,0.047971950409556256
50501.0,1,1,10,297,0,38,13,0,152,7,5,4,4,6,1,0,0,0,0,0,3,11,1,66,2535,0,1,0,0,0,0,0,1,0,0,348.0,196,1,Graduation,0.21757599534124325
37085.0,1,1,65,39,1,16,2,0,3,4,3,0,3,8,0,0,0,0,0,0,3,11,0,45,2162,0,1,0,0,0,0,0,1,0,0,58.0,55,0,Graduation,0.0515815106043815
16185.0,1,0,71,5,11,16,21,8,45,2,2,2,2,8,0,0,0,0,0,0,3,11,0,30,2487,0,0,1,0,0,0,1,0,0,0,61.0,16,0,Basic,0.0689149158945784
57731.0,0,1,0,266,21,300,65,8,44,4,8,8,6,6,0,0,0,0,0,0,3,11,0,51,2742,0,0,1,0,0,0,0,1,0,0,660.0,616,0,Graduation,0.2611466164627023
48432.0,0,1,3,322,3,50,4,3,42,5,7,1,6,8,0,0,0,0,0,0,3,11,1,47,2778,0,0,1,0,0,0,0,0,0,1,382.0,340,0,PhD,0.1843237715765344
73807.0,0,1,88,366,124,156,71,78,54,2,5,5,11,2,0,0,0,0,0,0,3,11,0,42,2702,0,1,0,0,0,0,0,1,0,0,795.0,741,0,Graduation,0.03804201267746003
18929.0,0,0,15,32,0,8,23,4,18,1,1,0,4,6,0,0,0,0,0,0,3,11,0,30,2657,0,1,0,0,0,0,0,1,0,0,67.0,49,0,Graduation,0.14182047187371877
35893.0,1,1,80,158,0,23,0,0,18,6,3,1,5,8,0,0,0,0,0,0,3,11,0,52,2781,0,0,1,0,0,0,0,1,0,0,181.0,163,0,Graduation,0.04647640204736797
61014.0,0,1,17,269,129,495,182,43,29,4,9,3,4,7,0,0,0,0,0,0,3,11,0,40,2846,0,1,0,0,0,0,0,1,0,0,1118.0,1089,0,Graduation,0.3625526115727924
32144.0,1,1,76,41,0,10,0,0,3,4,2,1,3,7,0,1,0,0,0,0,3,11,0,66,2257,0,0,0,1,0,0,0,1,0,0,51.0,48,1,Graduation,0.04131381732280863
14918.0,0,1,52,3,3,3,15,4,15,1,1,0,3,6,0,0,0,0,0,0,3,11,0,57,2728,0,0,0,1,0,0,1,0,0,0,28.0,13,0,Basic,0.0589761540865767
45146.0,1,1,28,33,0,5,0,0,15,2,1,1,2,4,0,0,0,0,0,0,3,11,0,57,2508,1,0,0,0,0,0,0,1,0,0,38.0,23,0,Graduation,0.09716010536032312
41769.0,0,1,31,302,29,131,32,0,27,6,8,1,7,8,0,0,0,0,0,0,3,11,0,65,2660,1,0,0,0,0,1,0,0,0,0,494.0,467,0,2n Cycle,0.13535406466490682
88325.0,0,0,42,519,71,860,93,27,53,1,6,2,9,2,0,0,0,0,0,0,3,11,0,39,2303,0,0,0,1,0,0,0,1,0,0,1570.0,1517,0,Graduation,0.3103072738904256
38054.0,1,1,24,23,2,17,2,1,0,2,2,0,3,7,0,0,0,0,0,0,3,11,0,70,2218,1,0,0,0,0,0,0,0,1,0,45.0,45,0,Master,0.11881057853139684
80617.0,0,0,42,594,51,631,72,55,32,1,4,6,8,2,0,0,0,0,0,0,3,11,0,25,2784,0,0,1,0,0,1,0,0,0,0,1403.0,1371,0,2n Cycle,0.27784112868732347
5305.0,0,1,12,12,4,7,1,3,5,0,1,0,0,13,0,0,0,0,0,0,3,11,0,44,2493,0,1,0,0,0,0,0,1,0,0,27.0,22,0,Graduation,0.1725897707225719
36807.0,1,1,88,4,2,5,0,0,5,1,1,0,2,6,0,0,0,0,0,0,3,11,0,66,2715,0,0,0,1,0,0,0,1,0,0,11.0,6,0,Graduation,0.026230175212405272
28427.0,1,0,67,18,3,19,3,3,6,2,2,0,3,8,0,0,0,0,0,0,3,11,0,37,2624,0,0,0,1,0,0,0,1,0,0,46.0,40,0,Graduation,0.05758761202294053
82032.0,0,0,54,332,194,377,149,125,57,0,4,6,7,1,0,0,0,0,0,0,3,11,0,72,2244,0,0,0,0,1,0,0,0,0,1,1177.0,1120,0,PhD,0.13661314319317888
22775.0,1,0,40,5,1,8,0,0,1,1,1,0,2,8,0,0,0,0,0,0,3,11,0,42,2534,0,0,0,1,0,0,0,1,0,0,14.0,13,0,Graduation,0.10963494428865302
40101.0,1,0,73,171,3,129,26,24,62,4,6,1,6,7,0,0,0,0,0,0,3,11,0,35,2782,0,0,0,1,0,0,0,0,1,0,353.0,291,0,Master,0.07281801774419423
58025.0,0,1,81,270,31,88,11,48,22,3,3,2,10,4,0,0,0,0,0,0,3,11,0,41,2374,0,1,0,0,0,0,0,1,0,0,448.0,426,0,Graduation,0.030774704092502676
75777.0,0,0,12,712,26,538,69,13,80,1,3,6,11,1,0,1,1,0,0,0,3,11,1,38,2519,0,0,1,0,0,0,0,0,1,0,1358.0,1278,2,Master,0.44002105527040214
7500.0,1,0,7,2,8,11,3,8,21,4,3,2,2,7,0,0,0,0,0,0,3,11,0,41,2577,0,0,0,1,0,1,0,0,0,0,32.0,11,0,2n Cycle,0.2810939904445002
33562.0,1,2,33,21,12,12,0,3,3,3,2,0,4,4,0,0,0,0,0,0,3,11,0,57,2163,0,1,0,0,0,0,0,0,1,0,48.0,45,0,Master,0.10901105841776507
57642.0,0,1,24,580,6,58,8,0,27,3,7,6,6,4,1,0,0,0,0,0,3,11,0,50,2330,0,0,1,0,0,0,0,0,0,1,652.0,625,1,PhD,0.1620690669873006
58554.0,1,1,55,368,24,68,38,0,88,6,8,2,6,7,0,0,0,0,0,0,3,11,0,52,2800,0,0,0,1,0,0,0,1,0,0,498.0,410,0,Graduation,0.09881233662664597
63777.0,1,1,87,457,5,106,15,17,53,8,11,1,6,8,0,0,0,0,0,0,3,11,0,41,2621,0,1,0,0,0,0,0,1,0,0,600.0,547,0,Graduation,0.053683519042725836
57967.0,0,1,39,229,7,137,4,0,91,5,4,2,8,5,0,0,0,0,0,0,3,11,0,58,2642,0,0,1,0,0,0,0,1,0,0,377.0,286,0,Graduation,0.06929025037459241
24434.0,2,0,9,3,2,8,20,0,17,2,2,1,2,7,0,0,0,0,0,0,3,11,0,48,2201,0,1,0,0,0,0,0,1,0,0,33.0,16,0,Graduation,0.30854229787687126
11012.0,1,0,82,24,3,26,7,1,23,3,3,1,2,9,1,0,0,0,0,0,3,11,0,36,2629,0,0,1,0,0,0,0,1,0,0,61.0,38,1,Graduation,0.058181556107975596
44802.0,0,0,71,853,10,143,13,10,20,2,9,4,12,8,0,0,0,0,0,0,3,11,0,50,2836,0,0,1,0,0,0,0,0,1,0,1029.0,1009,0,Master,0.14509339624035947
26816.0,0,0,50,5,1,6,3,4,3,1,0,0,3,4,0,0,0,0,0,0,3,11,0,34,2840,0,0,1,0,0,0,0,1,0,0,19.0,16,0,Graduation,0.05090751593825722
34421.0,1,0,81,3,3,7,6,2,9,1,1,0,2,7,0,0,0,0,0,0,3,11,0,46,2522,0,1,0,0,0,0,0,1,0,0,21.0,12,0,Graduation,0.03455700565675607
61223.0,0,1,46,709,43,182,42,118,247,2,9,3,4,5,0,0,0,0,0,0,3,11,0,53,2540,0,1,0,0,0,0,0,1,0,0,1094.0,847,0,Graduation,0.20429159743503178
64014.0,2,1,56,406,0,30,0,0,8,7,8,2,5,7,0,0,0,1,0,0,3,11,0,74,2178,0,0,0,1,0,0,0,0,0,1,436.0,428,1,PhD,0.12059989699813471
56981.0,0,0,91,908,48,217,32,12,24,1,2,3,13,6,0,1,0,0,0,0,3,11,0,39,2314,1,0,0,0,0,0,0,1,0,0,1217.0,1193,1,Graduation,0.10906031547446633
69245.0,0,1,8,428,30,214,80,30,61,2,6,5,10,3,0,0,0,0,0,0,3,11,0,64,2315,0,0,0,1,0,0,0,0,1,0,782.0,721,0,Master,0.22341012970919036
52869.0,1,1,40,84,3,61,2,1,21,3,3,1,4,7,0,0,0,0,0,0,3,11,1,66,2781,0,1,0,0,0,0,0,0,0,1,151.0,130,0,PhD,0.07816894704274248
